id_paquete,peso_kg,distancia_km,tipo_servicio,es_fragil,costo_envio
PKG-0001,25.98,671.4,Express,No,123.79
PKG-0002,8.9,225.7,Estandar,No,39.34
PKG-0003,2.66,473.6,Estandar,Si,59.34
PKG-0004,23.02,89.3,Estandar,No,56.9
PKG-0005,13.86,68.2,Estandar,No,40.89
PKG-0006,16.5,42.3,Estandar,Si,50.81
PKG-0007,21.94,510.3,Express,No,100.18
PKG-0008,25.54,567.2,Estandar,No,90.8
PKG-0009,23.16,708.7,Express,No,118.99
PKG-0010,22.13,580.2,Express,Si,118.53
PKG-0011,7.64,60.0,Express,No,39.0
PKG-0012,21.75,390.7,Estandar,No,71.94
PKG-0013,2.22,494.4,Express,No,62.98
PKG-0014,,33.3,Express,Si,55.53
PKG-0015,18.51,131.7,Express,No,63.9
PKG-0016,8.05,655.1,Estandar,No,71.38
PKG-0017,8.93,56.4,Mismo_Dia,No,63.04
PKG-0018,20.69,110.3,Mismo_Dia,No,76.88
PKG-0019,25.31,,Express,No,92.34
PKG-0020,24.37,659.2,Estandar,No,105.86
PKG-0021,0.5,545.2,Mismo_Dia,No,78.13
PKG-0022,27.75,788.0,Express,No,133.76
PKG-0023,24.31,453.4,Estandar,No,88.7
PKG-0024,28.7,761.8,Estandar,No,113.93
PKG-0025,14.8,627.0,Express,No,86.47
PKG-0026,20.05,,Express,No,100.99
PKG-0027,22.15,582.7,Mismo_Dia,Si,132.56
PKG-0028,14.25,263.9,Mismo_Dia,No,79.29
PKG-0029,24.26,48.1,Estandar,No,51.03
PKG-0030,13.42,204.1,Express,Si,62.57
PKG-0031,4.31,12.0,Express,No,27.44
PKG-0032,19.44,432.3,Express,Si,103.83
PKG-0033,14.62,23.7,Mismo_Dia,No,61.52
PKG-0034,19.91,585.5,Express,Si,116.85
PKG-0035,2.96,506.7,Express,No,65.7
PKG-0036,20.08,436.4,Express,Si,105.43
PKG-0037,14.98,423.6,Estandar,No,64.04
PKG-0038,22.78,168.6,Estandar,No,61.8
PKG-0039,13.12,783.1,Mismo_Dia,Si,135.41
PKG-0040,10.23,354.3,Express,No,62.94
PKG-0041,,693.8,Express,No,105.63
PKG-0042,27.63,,Estandar,Si,111.86
PKG-0043,9.57,692.2,Estandar,No,78.83
PKG-0044,29.56,,Mismo_Dia,No,92.09
PKG-0045,3.86,723.6,Mismo_Dia,No,95.37
PKG-0046,29.13,779.1,Estandar,No,118.43
PKG-0047,26.26,102.7,Mismo_Dia,No,93.06
PKG-0048,28.44,518.0,Express,Si,119.07
PKG-0049,7.48,573.6,Estandar,No,62.48
PKG-0050,25.8,616.0,Estandar,Si,110.15
PKG-0051,24.2,762.6,Mismo_Dia,No,143.4
PKG-0052,,798.1,Estandar,No,76.47
PKG-0053,9.23,83.9,Mismo_Dia,No,63.59
PKG-0054,17.23,339.5,Express,No,71.39
PKG-0055,26.41,253.4,Express,No,90.48
PKG-0056,1.62,402.3,Estandar,No,41.83
PKG-0057,11.11,318.8,Estandar,Si,66.85
PKG-0058,19.78,118.1,Express,No,60.86
PKG-0059,22.43,105.7,Estandar,Si,62.66
PKG-0060,28.87,220.3,Estandar,No,79.32
PKG-0061,4.15,,Estandar,No,49.81
PKG-0062,12.3,12.7,Estandar,Si,34.88
PKG-0063,16.82,202.6,Estandar,Si,67.6
PKG-0064,14.54,417.5,Estandar,No,62.43
PKG-0065,15.34,,Estandar,No,79.18
PKG-0066,12.05,462.1,Mismo_Dia,Si,100.51
PKG-0067,29.29,716.7,Estandar,No,117.11
PKG-0068,1.59,575.0,Estandar,Si,60.72
PKG-0069,5.65,272.4,Express,No,46.9
PKG-0070,11.83,246.1,Express,No,56.2
PKG-0071,15.39,578.4,Estandar,No,81.07
PKG-0072,11.43,64.2,Estandar,Si,48.85
PKG-0073,23.56,187.2,Estandar,No,62.38
PKG-0074,22.39,656.0,Estandar,Si,109.53
PKG-0075,0.64,281.1,Express,Si,55.59
PKG-0076,19.38,463.1,Estandar,No,76.08
PKG-0077,13.02,38.2,Estandar,Si,38.71
PKG-0078,8.26,77.8,Estandar,No,21.51
PKG-0079,8.44,341.4,Estandar,No,46.28
PKG-0080,0.59,324.0,Express,No,44.46
PKG-0081,14.46,317.4,Estandar,No,53.77
PKG-0082,16.44,247.6,Mismo_Dia,Si,102.67
PKG-0083,24.37,774.7,Express,No,118.08
PKG-0084,,26.3,Mismo_Dia,No,56.68
PKG-0085,26.81,407.3,Express,No,95.99
PKG-0086,15.17,148.6,Mismo_Dia,No,75.38
PKG-0087,11.34,266.4,Estandar,No,56.36
PKG-0088,29.27,253.0,Express,No,90.52
PKG-0089,12.2,265.6,Estandar,No,54.2
PKG-0090,4.66,616.7,Estandar,No,63.8
PKG-0091,26.13,381.2,Express,No,96.52
PKG-0092,20.06,600.1,Mismo_Dia,Si,137.94
PKG-0093,25.41,702.1,Estandar,No,109.8
PKG-0094,1.48,362.9,Mismo_Dia,No,72.41
PKG-0095,11.56,64.6,Estandar,Si,38.89
PKG-0096,5.45,127.1,Estandar,Si,32.43
PKG-0097,20.16,400.5,Express,No,87.38
PKG-0098,8.72,197.4,Estandar,No,36.56
PKG-0099,2.91,89.6,Estandar,No,12.12
PKG-0100,19.7,423.3,Estandar,No,76.2
PKG-0101,29.97,45.5,Mismo_Dia,No,96.64
PKG-0102,22.14,366.9,Mismo_Dia,No,107.4
PKG-0103,22.77,718.8,Express,No,114.55
PKG-0104,16.83,534.3,Estandar,No,78.39
PKG-0105,17.57,266.1,Express,No,64.48
PKG-0106,22.84,606.2,Estandar,No,93.26
PKG-0107,,181.8,Express,No,62.18
PKG-0108,14.57,762.1,Estandar,No,91.22
PKG-0109,27.64,606.8,Estandar,No,104.75
PKG-0110,14.69,666.9,Estandar,Si,92.37
PKG-0111,6.61,750.6,Express,No,84.75
PKG-0112,11.62,163.6,Estandar,No,38.18
PKG-0113,4.64,503.1,Estandar,No,49.76
PKG-0114,17.54,127.1,Estandar,Si,58.24
PKG-0115,1.4,55.9,Mismo_Dia,Si,53.0
PKG-0116,26.23,50.0,Express,No,69.25
PKG-0117,27.46,459.8,Estandar,No,86.97
PKG-0118,19.7,133.2,Estandar,No,49.16
PKG-0119,19.85,739.4,Estandar,No,103.97
PKG-0120,21.27,784.1,Estandar,No,111.05
PKG-0121,14.28,29.5,Estandar,No,30.83
PKG-0122,21.05,,Express,No,98.47
PKG-0123,11.41,76.1,Express,Si,59.9
PKG-0124,14.97,506.2,Estandar,Si,83.06
PKG-0125,19.74,401.9,Express,No,81.14
PKG-0126,2.51,799.1,Express,Si,91.74
PKG-0127,16.27,564.8,Estandar,Si,87.43
PKG-0128,22.15,610.4,Mismo_Dia,No,121.9
PKG-0129,13.09,615.6,Estandar,No,76.05
PKG-0130,19.7,64.2,Estandar,No,48.19
PKG-0131,17.5,89.7,Mismo_Dia,Si,80.38
PKG-0132,8.41,,Express,No,54.72
PKG-0133,26.78,249.9,Estandar,No,77.67
PKG-0134,5.3,214.9,Mismo_Dia,No,63.72
PKG-0135,11.81,705.1,Estandar,No,80.85
PKG-0136,1.67,681.1,Express,No,78.78
PKG-0137,14.22,590.7,Express,No,87.7
PKG-0138,19.17,746.0,Express,Si,124.97
PKG-0139,25.58,674.5,Mismo_Dia,No,135.16
PKG-0140,17.93,660.0,Estandar,No,87.7
PKG-0141,,464.9,Estandar,No,55.56
PKG-0142,10.15,453.1,Mismo_Dia,No,94.05
PKG-0143,3.11,396.8,Express,No,56.54
PKG-0144,19.34,206.1,Express,No,71.12
PKG-0145,17.47,733.5,Estandar,No,98.53
PKG-0146,20.98,531.2,Express,No,99.68
PKG-0147,20.67,131.6,Mismo_Dia,No,82.43
PKG-0148,20.86,19.4,Mismo_Dia,No,78.22
PKG-0149,26.61,267.1,Estandar,No,71.75
PKG-0150,26.7,163.0,Estandar,No,72.84
PKG-0151,2.72,417.4,Express,Si,63.53
PKG-0152,21.94,763.4,Estandar,No,104.35
PKG-0153,28.12,,Express,No,116.52
PKG-0154,22.16,99.6,Mismo_Dia,No,81.11
PKG-0155,2.26,531.2,Express,No,65.49
PKG-0156,2.41,474.4,Estandar,No,45.68
PKG-0157,9.63,437.4,Express,No,68.0
PKG-0158,1.44,429.0,Estandar,No,48.17
PKG-0159,29.56,339.7,Express,Si,112.67
PKG-0160,9.96,69.0,Estandar,No,31.07
PKG-0161,19.15,703.6,Express,No,115.04
PKG-0162,3.09,746.3,Mismo_Dia,No,106.96
PKG-0163,22.08,737.7,Express,No,115.84
PKG-0164,10.59,383.9,Estandar,No,48.05
PKG-0165,24.43,571.4,Express,Si,128.01
PKG-0166,8.32,416.5,Express,No,65.41
PKG-0167,2.32,751.0,Express,No,87.08
PKG-0168,5.28,315.2,Estandar,Si,52.06
PKG-0169,1.9,563.1,Estandar,Si,62.42
PKG-0170,10.13,447.5,Estandar,Si,64.39
PKG-0171,28.82,604.3,Express,No,116.43
PKG-0172,20.21,738.9,Estandar,Si,114.08
PKG-0173,19.95,20.1,Express,No,54.68
PKG-0174,5.64,507.3,Express,No,71.36
PKG-0175,0.56,338.9,Estandar,Si,43.64
PKG-0176,6.96,488.1,Mismo_Dia,No,81.41
PKG-0177,6.29,518.4,Express,No,71.37
PKG-0178,25.11,49.9,Estandar,No,55.83
PKG-0179,28.32,457.9,Express,Si,122.64
PKG-0180,24.58,299.8,Express,No,88.01
PKG-0181,26.41,417.4,Estandar,Si,94.72
PKG-0182,21.96,196.3,Estandar,No,56.81
PKG-0183,4.68,324.9,Estandar,No,45.58
PKG-0184,3.86,465.6,Estandar,No,44.56
PKG-0185,,621.3,Express,Si,130.85
PKG-0186,3.15,282.7,Estandar,Si,45.07
PKG-0187,29.42,145.2,Mismo_Dia,No,99.94
PKG-0188,24.59,407.1,Estandar,Si,88.44
PKG-0189,9.94,589.7,Estandar,No,68.12
PKG-0190,7.95,784.6,Estandar,No,78.23
PKG-0191,,668.5,Estandar,No,79.1
PKG-0192,7.85,433.4,Estandar,No,52.77
PKG-0193,29.36,356.9,Express,No,97.89
PKG-0194,2.22,756.8,Express,No,81.79
PKG-0195,10.22,441.1,Estandar,No,60.19
PKG-0196,2.71,341.7,Estandar,No,42.26
PKG-0197,5.85,464.2,Express,No,55.58
PKG-0198,8.4,740.4,Express,No,92.32
PKG-0199,3.12,704.6,Estandar,No,57.47
PKG-0200,15.68,778.3,Estandar,No,100.76
PKG-0201,9.54,329.8,Estandar,Si,54.96
PKG-0202,28.83,657.1,Express,Si,136.69
PKG-0203,8.81,26.6,Estandar,No,29.43
PKG-0204,17.98,383.5,Estandar,Si,86.2
PKG-0205,13.54,651.7,Estandar,No,82.78
PKG-0206,29.63,,Estandar,No,81.5
PKG-0207,25.54,80.5,Estandar,Si,66.69
PKG-0208,16.52,660.4,Estandar,No,89.22
PKG-0209,2.55,400.3,Estandar,Si,53.88
PKG-0210,13.87,731.9,Estandar,No,87.28
PKG-0211,14.77,622.1,Estandar,No,79.72
PKG-0212,12.76,431.6,Estandar,Si,67.57
PKG-0213,7.95,716.8,Estandar,Si,90.94
PKG-0214,24.15,649.7,Estandar,No,106.03
PKG-0215,11.72,353.0,Express,No,66.39
PKG-0216,3.51,14.9,Express,No,18.18
PKG-0217,28.59,247.5,Mismo_Dia,Si,128.95
PKG-0218,13.33,165.0,Estandar,No,38.45
PKG-0219,,695.4,Estandar,No,106.13
PKG-0220,4.53,,Estandar,No,61.47
PKG-0221,22.83,655.6,Estandar,No,101.8
PKG-0222,18.13,109.4,Express,No,62.85
PKG-0223,1.66,372.7,Express,Si,60.82
PKG-0224,22.88,218.8,Express,No,76.11
PKG-0225,1.24,688.6,Express,No,80.32
PKG-0226,18.65,237.0,Estandar,No,52.97
PKG-0227,2.61,780.5,Estandar,Si,87.92
PKG-0228,21.44,223.2,Estandar,Si,66.0
PKG-0229,4.82,172.8,Mismo_Dia,No,58.47
PKG-0230,21.8,74.9,Express,No,63.9
PKG-0231,2.0,686.9,Estandar,No,59.37
PKG-0232,2.86,700.9,Estandar,No,68.57
PKG-0233,,395.0,Estandar,Si,60.24
PKG-0234,26.63,261.1,Express,No,88.85
PKG-0235,23.95,228.0,Express,Si,88.43
PKG-0236,15.57,42.4,Estandar,No,34.44
PKG-0237,27.81,574.7,Express,No,110.51
PKG-0238,11.96,254.3,Estandar,No,47.23
PKG-0239,,187.4,Estandar,No,50.86
PKG-0240,29.59,460.4,Estandar,Si,109.08
PKG-0241,12.95,323.1,Express,No,66.68
PKG-0242,9.75,346.2,Mismo_Dia,No,77.22
PKG-0243,9.45,292.2,Mismo_Dia,No,78.71
PKG-0244,17.56,,Estandar,No,40.05
PKG-0245,16.17,349.4,Express,No,76.79
PKG-0246,1.61,737.8,Express,No,70.4
PKG-0247,24.19,206.6,Express,No,75.2
PKG-0248,6.53,297.2,Express,No,51.39
PKG-0249,9.25,217.1,Estandar,No,41.16
PKG-0250,2.42,105.9,Estandar,No,19.41
PKG-0251,15.57,515.2,Estandar,No,72.85
PKG-0252,18.74,378.7,Estandar,No,68.86
PKG-0253,23.98,228.9,Mismo_Dia,Si,113.26
PKG-0254,7.88,477.3,Estandar,Si,75.13
PKG-0255,16.97,52.4,Estandar,No,43.06
PKG-0256,26.63,439.2,Estandar,No,86.87
PKG-0257,25.91,82.4,Estandar,No,56.38
PKG-0258,,270.2,Estandar,No,61.05
PKG-0259,17.77,136.3,Estandar,Si,58.24
PKG-0260,23.11,157.3,Express,No,69.2
PKG-0261,6.85,60.2,Estandar,Si,36.01
PKG-0262,26.56,277.1,Estandar,No,69.33
PKG-0263,9.2,194.0,Estandar,No,33.1
PKG-0264,5.07,383.0,Express,No,58.19
PKG-0265,10.28,403.0,Express,No,67.25
PKG-0266,11.84,650.8,Express,Si,104.77
PKG-0267,9.84,220.4,Estandar,No,40.0
PKG-0268,6.35,234.2,Estandar,No,34.44
PKG-0269,16.26,200.2,Mismo_Dia,No,83.48
PKG-0270,13.18,766.2,Mismo_Dia,Si,137.17
PKG-0271,9.12,,Estandar,Si,43.95
PKG-0272,10.91,405.5,Express,No,69.7
PKG-0273,27.48,92.7,Mismo_Dia,No,87.37
PKG-0274,,175.1,Estandar,Si,45.85
PKG-0275,22.95,83.7,Express,No,71.02
PKG-0276,24.12,515.7,Express,No,105.54
PKG-0277,5.75,647.0,Estandar,Si,77.65
PKG-0278,16.86,171.0,Estandar,No,45.42
PKG-0279,,487.9,Estandar,No,66.95
PKG-0280,6.51,412.0,Estandar,No,49.23
PKG-0281,7.46,226.5,Express,No,47.91
PKG-0282,0.66,231.0,Estandar,Si,37.48
PKG-0283,24.98,481.0,Mismo_Dia,No,124.33
PKG-0284,26.53,539.5,Estandar,Si,112.65
PKG-0285,25.3,104.4,Express,No,70.57
PKG-0286,7.77,677.1,Estandar,No,73.85
PKG-0287,19.12,,Mismo_Dia,No,119.28
PKG-0288,9.32,739.2,Express,No,93.18
PKG-0289,0.59,708.9,Express,Si,88.37
PKG-0290,,586.3,Express,No,111.27
PKG-0291,7.02,162.9,Mismo_Dia,No,66.12
PKG-0292,14.7,185.2,Express,No,57.98
PKG-0293,6.22,787.2,Estandar,No,74.14
PKG-0294,24.91,239.6,Express,No,72.8
PKG-0295,,596.7,Express,No,95.88
PKG-0296,20.88,112.8,Estandar,No,45.96
PKG-0297,19.09,493.8,Express,No,90.28
PKG-0298,19.8,381.2,Mismo_Dia,No,106.73
PKG-0299,17.32,448.1,Express,No,89.82
PKG-0300,25.31,539.5,Express,Si,116.25
PKG-0301,20.06,195.8,Express,No,66.44
PKG-0302,5.06,798.8,Express,No,97.06
PKG-0303,9.75,481.4,Mismo_Dia,No,86.26
PKG-0304,18.29,758.0,Mismo_Dia,No,127.92
PKG-0305,4.85,12.4,Estandar,Si,30.5
PKG-0306,2.65,770.4,Estandar,No,71.71
PKG-0307,1.78,787.7,Estandar,No,73.71
PKG-0308,16.35,511.8,Estandar,No,76.08
PKG-0309,12.78,597.7,Express,No,85.84
PKG-0310,26.33,777.0,Express,Si,135.83
PKG-0311,10.99,98.3,Estandar,No,33.55
PKG-0312,4.74,445.8,Estandar,No,47.18
PKG-0313,12.38,20.3,Express,Si,53.08
PKG-0314,17.54,412.8,Mismo_Dia,Si,112.32
PKG-0315,17.68,746.5,Express,No,109.99
PKG-0316,7.18,571.9,Estandar,No,54.99
PKG-0317,15.95,755.5,Estandar,No,96.82
PKG-0318,9.94,776.2,Mismo_Dia,Si,130.53
PKG-0319,21.35,550.4,Express,Si,112.56
PKG-0320,27.93,436.2,Estandar,No,93.06
PKG-0321,10.42,364.1,Express,Si,79.49
PKG-0322,5.06,412.3,Express,No,58.89
PKG-0323,19.08,343.0,Estandar,No,64.05
PKG-0324,1.24,20.7,Estandar,Si,27.11
PKG-0325,7.29,661.9,Estandar,No,72.5
PKG-0326,,53.7,Estandar,Si,46.43
PKG-0327,22.86,345.7,Mismo_Dia,Si,114.1
PKG-0328,14.27,351.2,Estandar,No,63.45
PKG-0329,16.32,347.1,Estandar,No,59.42
PKG-0330,23.27,263.8,Express,No,77.75
PKG-0331,7.49,317.0,Express,Si,67.53
PKG-0332,28.64,,Estandar,Si,71.3
PKG-0333,19.11,611.7,Estandar,No,91.13
PKG-0334,23.86,184.2,Estandar,No,62.13
PKG-0335,14.31,246.4,Estandar,No,51.58
PKG-0336,6.21,698.6,Estandar,Si,78.64
PKG-0337,29.53,349.0,Mismo_Dia,Si,132.27
PKG-0338,2.17,59.7,Estandar,No,15.97
PKG-0339,12.23,545.9,Estandar,No,67.03
PKG-0340,4.99,281.5,Estandar,No,40.68
PKG-0341,,499.1,Mismo_Dia,No,85.35
PKG-0342,19.09,286.2,Estandar,No,61.85
PKG-0343,,483.4,Estandar,No,55.79
PKG-0344,8.61,661.4,Express,Si,98.48
PKG-0345,14.14,794.0,Estandar,Si,110.27
PKG-0346,12.04,256.5,Mismo_Dia,No,76.45
PKG-0347,14.32,135.1,Estandar,No,38.05
PKG-0348,8.02,607.0,Express,No,79.27
PKG-0349,10.98,74.2,Mismo_Dia,No,56.92
PKG-0350,17.0,389.6,Estandar,No,67.13
PKG-0351,23.65,655.0,Express,Si,125.58
PKG-0352,23.63,165.9,Express,Si,83.82
PKG-0353,3.77,121.0,Estandar,No,25.83
PKG-0354,13.22,744.6,Estandar,No,91.89
PKG-0355,,,Estandar,No,33.81
PKG-0356,8.11,545.4,Mismo_Dia,No,93.55
PKG-0357,18.66,221.4,Mismo_Dia,Si,96.91
PKG-0358,20.66,386.9,Estandar,No,73.9
PKG-0359,,473.5,Estandar,No,54.92
PKG-0360,3.17,392.2,Estandar,No,35.5
PKG-0361,11.24,77.8,Express,No,42.16
PKG-0362,18.22,509.8,Estandar,No,77.86
PKG-0363,1.73,755.6,Mismo_Dia,No,97.66
PKG-0364,28.82,672.9,Mismo_Dia,No,142.03
PKG-0365,28.19,397.9,Estandar,No,87.33
PKG-0366,13.23,396.7,Estandar,Si,68.06
PKG-0367,13.55,431.7,Estandar,No,65.23
PKG-0368,13.42,509.2,Estandar,No,71.87
PKG-0369,11.43,521.0,Express,No,76.98
PKG-0370,0.66,277.1,Estandar,Si,38.6
PKG-0371,6.19,158.0,Express,No,41.98
PKG-0372,22.36,27.5,Estandar,No,46.02
PKG-0373,17.86,18.8,Mismo_Dia,No,73.66
PKG-0374,,565.5,Estandar,No,80.31
PKG-0375,22.88,214.3,Express,Si,88.55
PKG-0376,21.04,,Estandar,No,95.81
PKG-0377,23.12,242.0,Estandar,No,65.94
PKG-0378,19.92,748.1,Estandar,No,101.88
PKG-0379,23.55,458.1,Mismo_Dia,No,117.65
PKG-0380,10.56,52.9,Express,No,39.09
PKG-0381,5.46,243.5,Express,No,51.58
PKG-0382,16.09,233.1,Express,No,65.4
PKG-0383,8.76,294.5,Express,Si,67.66
PKG-0384,14.68,245.1,Estandar,No,46.52
PKG-0385,26.06,26.1,Mismo_Dia,No,87.37
PKG-0386,3.1,,Express,No,63.96
PKG-0387,5.32,338.4,Estandar,No,40.37
PKG-0388,29.95,162.6,Express,No,89.41
PKG-0389,15.68,614.9,Estandar,Si,89.66
PKG-0390,15.51,775.3,Estandar,No,94.92
PKG-0391,5.0,698.2,Estandar,No,76.13
PKG-0392,3.56,141.1,Estandar,No,23.86
PKG-0393,17.65,557.7,Estandar,No,84.73
PKG-0394,6.84,164.4,Estandar,Si,43.84
PKG-0395,4.57,457.6,Estandar,No,49.85
PKG-0396,2.39,355.3,Express,Si,64.21
PKG-0397,21.88,700.9,Express,Si,127.73
PKG-0398,26.58,716.5,Express,No,121.24
PKG-0399,29.41,712.8,Estandar,No,112.22
PKG-0400,5.19,800.0,Express,Si,104.81
PKG-0401,14.15,514.3,Express,No,91.3
PKG-0402,28.37,643.6,Estandar,Si,116.56
PKG-0403,,118.1,Estandar,No,42.06
PKG-0404,18.18,736.5,Estandar,No,101.19
PKG-0405,28.79,288.6,Express,No,85.05
PKG-0406,18.46,546.7,Express,No,91.62
PKG-0407,5.57,749.9,Express,No,93.25
PKG-0408,18.43,586.5,Mismo_Dia,No,113.0
PKG-0409,9.22,63.0,Estandar,No,29.0
PKG-0410,4.07,120.2,Estandar,No,20.39
PKG-0411,17.15,421.6,Estandar,No,72.63
PKG-0412,5.3,378.8,Estandar,Si,56.81
PKG-0413,4.5,547.1,Express,Si,84.9
PKG-0414,28.7,718.2,Estandar,No,111.74
PKG-0415,6.77,602.0,Estandar,No,65.72
PKG-0416,19.03,218.8,Mismo_Dia,Si,101.02
PKG-0417,7.43,679.9,Mismo_Dia,Si,113.26
PKG-0418,,284.4,Express,Si,64.76
PKG-0419,7.88,238.0,Express,No,56.57
PKG-0420,29.02,320.0,Estandar,Si,92.53
PKG-0421,1.25,458.5,Express,Si,68.93
PKG-0422,23.46,66.7,Express,No,65.57
PKG-0423,17.64,560.0,Mismo_Dia,No,111.28
PKG-0424,2.09,503.1,Estandar,No,48.93
PKG-0425,17.23,533.1,Mismo_Dia,No,102.91
PKG-0426,16.42,346.0,Express,No,74.42
PKG-0427,5.18,253.1,Express,No,48.51
PKG-0428,4.5,454.1,Mismo_Dia,No,76.57
PKG-0429,18.74,142.7,Express,No,66.3
PKG-0430,4.88,540.2,Estandar,No,55.2
PKG-0431,0.87,617.9,Express,Si,80.08
PKG-0432,2.63,726.5,Estandar,No,66.02
PKG-0433,19.96,137.2,Express,No,69.59
PKG-0434,24.33,525.2,Express,No,101.31
PKG-0435,26.58,92.8,Express,No,74.79
PKG-0436,6.71,172.8,Mismo_Dia,No,54.93
PKG-0437,3.0,667.2,Estandar,No,62.72
PKG-0438,21.91,278.3,Estandar,No,69.97
PKG-0439,13.55,471.5,Mismo_Dia,Si,107.68
PKG-0440,,464.1,Express,No,74.47
PKG-0441,26.38,389.3,Estandar,No,88.18
PKG-0442,16.57,397.3,Estandar,No,61.85
PKG-0443,17.58,609.9,Estandar,Si,95.91
PKG-0444,22.1,219.4,Estandar,No,62.79
PKG-0445,6.56,552.8,Express,Si,85.78
PKG-0446,18.39,94.9,Express,No,63.6
PKG-0447,2.45,572.1,Estandar,Si,67.07
PKG-0448,8.57,556.7,Mismo_Dia,No,92.23
PKG-0449,24.81,,Express,No,120.64
PKG-0450,19.78,686.6,Estandar,No,92.32
PKG-0451,8.18,32.0,Express,No,32.19
PKG-0452,7.11,210.2,Mismo_Dia,No,63.26
PKG-0453,16.93,188.7,Estandar,Si,61.18
PKG-0454,17.34,194.6,Mismo_Dia,No,82.54
PKG-0455,,551.5,Mismo_Dia,No,124.06
PKG-0456,27.48,494.6,Express,No,109.59
PKG-0457,7.32,579.7,Estandar,No,65.62
PKG-0458,,,Estandar,Si,109.23
PKG-0459,19.18,762.3,Mismo_Dia,No,123.63
PKG-0460,25.16,489.8,Estandar,No,85.75
PKG-0461,28.14,,Mismo_Dia,No,147.97
PKG-0462,14.81,187.1,Estandar,No,50.01
PKG-0463,18.58,719.1,Express,Si,122.4
PKG-0464,,235.7,Estandar,No,26.61
PKG-0465,18.49,679.4,Estandar,No,90.88
PKG-0466,,706.9,Estandar,Si,86.23
PKG-0467,27.6,305.8,Estandar,No,82.29
PKG-0468,24.25,313.7,Estandar,Si,92.23
PKG-0469,10.55,463.8,Express,No,76.08
PKG-0470,9.58,607.3,Express,No,84.66
PKG-0471,27.92,473.4,Express,No,101.96
PKG-0472,19.67,215.8,Express,No,72.7
PKG-0473,8.95,504.2,Express,No,71.11
PKG-0474,26.05,363.8,Express,Si,100.38
PKG-0475,14.77,134.6,Express,No,61.86
PKG-0476,27.65,89.6,Estandar,Si,74.2
PKG-0477,27.48,320.9,Express,No,94.24
PKG-0478,26.27,619.9,Mismo_Dia,No,134.3
PKG-0479,4.05,223.0,Estandar,No,20.42
PKG-0480,28.18,619.0,Estandar,Si,118.29
PKG-0481,27.96,84.2,Estandar,No,63.03
PKG-0482,24.29,162.0,Estandar,No,62.2
PKG-0483,12.28,,Express,No,70.37
PKG-0484,26.0,785.2,Estandar,No,112.0
PKG-0485,9.65,452.3,Express,No,72.62
PKG-0486,,378.2,Mismo_Dia,No,81.61
PKG-0487,5.6,489.0,Estandar,No,51.68
PKG-0488,13.4,156.6,Estandar,Si,56.76
PKG-0489,20.34,85.9,Express,No,60.4
PKG-0490,20.67,181.8,Estandar,No,53.19
PKG-0491,13.62,192.9,Estandar,No,42.0
PKG-0492,5.61,243.2,Estandar,No,38.69
PKG-0493,3.13,108.1,Estandar,Si,38.53
PKG-0494,8.14,207.0,Express,No,53.96
PKG-0495,8.26,669.2,Express,No,82.84
PKG-0496,26.46,47.6,Express,No,74.93
PKG-0497,25.74,683.9,Estandar,Si,120.9
PKG-0498,,43.8,Estandar,No,28.43
PKG-0499,9.33,673.9,Express,No,94.19
PKG-0500,27.38,580.4,Estandar,Si,111.97
PKG-0501,9.33,520.8,Express,No,75.29
PKG-0502,27.03,613.7,Express,No,115.31
PKG-0503,,419.3,Express,Si,62.81
PKG-0504,,333.2,Estandar,No,51.74
PKG-0505,27.4,716.7,Estandar,No,111.58
PKG-0506,14.4,178.6,Express,No,58.65
PKG-0507,20.04,783.4,Mismo_Dia,No,135.36
PKG-0508,19.01,290.9,Express,No,74.87
PKG-0509,15.38,689.3,Express,No,95.7
PKG-0510,19.78,244.9,Estandar,No,58.65
PKG-0511,19.18,479.4,Express,No,91.4
PKG-0512,19.57,412.4,Express,Si,100.77
PKG-0513,4.54,192.3,Express,No,40.37
PKG-0514,,316.5,Estandar,No,78.99
PKG-0515,8.5,128.9,Estandar,No,26.95
PKG-0516,14.4,,Estandar,Si,75.6
PKG-0517,18.1,223.2,Mismo_Dia,Si,102.0
PKG-0518,6.24,626.7,Express,No,85.46
PKG-0519,8.52,788.9,Estandar,No,83.39
PKG-0520,4.3,143.8,Estandar,Si,39.5
PKG-0521,25.71,147.9,Estandar,No,66.15
PKG-0522,8.12,314.1,Mismo_Dia,No,69.01
PKG-0523,0.85,497.2,Estandar,No,38.44
PKG-0524,24.75,724.4,Express,Si,135.06
PKG-0525,26.6,,Mismo_Dia,Si,154.17
PKG-0526,14.18,264.6,Estandar,Si,65.35
PKG-0527,3.18,644.6,Estandar,No,62.61
PKG-0528,6.1,787.7,Express,Si,109.68
PKG-0529,8.72,384.7,Express,No,65.82
PKG-0530,4.01,74.8,Estandar,No,19.62
PKG-0531,10.14,506.7,Estandar,No,62.79
PKG-0532,16.98,347.5,Mismo_Dia,No,91.93
PKG-0533,3.29,670.6,Estandar,No,62.75
PKG-0534,,528.8,Estandar,No,63.26
PKG-0535,21.11,788.5,Express,No,122.06
PKG-0536,23.87,513.9,Estandar,No,93.97
PKG-0537,8.06,232.9,Estandar,No,39.93
PKG-0538,22.73,78.9,Estandar,No,54.36
PKG-0539,24.82,417.1,Estandar,Si,101.43
PKG-0540,20.85,633.2,Express,No,103.76
PKG-0541,9.46,607.3,Estandar,Si,82.69
PKG-0542,12.59,371.7,Express,Si,81.97
PKG-0543,12.21,772.6,Estandar,No,93.9
PKG-0544,16.37,58.2,Express,No,54.6
PKG-0545,5.79,710.2,Estandar,No,71.16
PKG-0546,19.56,697.0,Estandar,No,97.43
PKG-0547,7.42,733.0,Express,No,90.0
PKG-0548,24.91,327.4,Mismo_Dia,No,101.54
PKG-0549,24.04,106.4,Express,Si,85.75
PKG-0550,2.4,316.7,Estandar,Si,45.17
PKG-0551,3.09,428.5,Express,No,57.17
PKG-0552,15.69,284.2,Mismo_Dia,Si,102.23
PKG-0553,9.6,641.3,Estandar,Si,84.94
PKG-0554,10.73,707.1,Estandar,Si,95.19
PKG-0555,15.36,461.4,Estandar,No,71.34
PKG-0556,21.64,265.1,Estandar,No,67.55
PKG-0557,24.91,639.8,Express,No,111.8
PKG-0558,12.29,391.4,Estandar,Si,67.37
PKG-0559,,702.9,Estandar,Si,91.95
PKG-0560,6.69,178.5,Express,No,47.12
PKG-0561,4.12,198.7,Express,No,42.15
PKG-0562,12.9,780.4,Mismo_Dia,No,127.9
PKG-0563,3.2,523.5,Mismo_Dia,No,81.35
PKG-0564,6.56,668.6,Express,No,79.78
PKG-0565,23.74,355.5,Estandar,No,71.82
PKG-0566,19.63,717.2,Mismo_Dia,No,130.03
PKG-0567,17.47,582.9,Estandar,No,79.49
PKG-0568,25.18,377.0,Estandar,Si,93.67
PKG-0569,13.4,126.3,Estandar,No,35.81
PKG-0570,2.79,768.1,Estandar,Si,83.77
PKG-0571,,341.9,Estandar,No,44.39
PKG-0572,20.89,308.8,Mismo_Dia,No,96.64
PKG-0573,5.1,756.3,Express,No,82.35
PKG-0574,27.51,116.4,Estandar,Si,78.79
PKG-0575,20.47,733.0,Estandar,No,92.77
PKG-0576,7.35,29.5,Estandar,No,25.91
PKG-0577,6.09,576.3,Express,Si,78.45
PKG-0578,24.77,302.1,Estandar,No,77.8
PKG-0579,27.46,699.7,Mismo_Dia,No,137.8
PKG-0580,22.71,,Mismo_Dia,No,104.32
PKG-0581,12.78,712.3,Express,Si,109.43
PKG-0582,19.06,613.2,Express,No,106.98
PKG-0583,2.07,552.4,Express,Si,77.65
PKG-0584,17.22,209.2,Estandar,No,58.28
PKG-0585,18.81,46.8,Estandar,Si,52.41
PKG-0586,16.07,210.7,Estandar,No,42.52
PKG-0587,11.96,635.5,Estandar,No,77.64
PKG-0588,23.67,106.6,Estandar,No,56.4
PKG-0589,5.37,327.9,Mismo_Dia,No,69.64
PKG-0590,27.84,524.6,Mismo_Dia,No,126.63
PKG-0591,25.16,17.5,Express,No,62.7
PKG-0592,1.58,371.8,Estandar,No,34.81
PKG-0593,15.56,474.3,Express,No,80.28
PKG-0594,17.89,109.9,Express,Si,68.68
PKG-0595,20.6,428.4,Express,No,88.31
PKG-0596,18.55,710.3,Express,No,108.35
PKG-0597,23.28,677.2,Express,No,116.27
PKG-0598,19.7,605.1,Estandar,No,94.24
PKG-0599,27.97,422.8,Estandar,Si,101.93
PKG-0600,,448.9,Estandar,No,39.61
PKG-0601,0.77,349.6,Mismo_Dia,No,64.4
PKG-0602,23.13,691.4,Express,No,108.55
PKG-0603,6.27,740.9,Mismo_Dia,No,103.7
PKG-0604,25.87,416.5,Express,No,103.05
PKG-0605,17.09,19.4,Estandar,No,41.88
PKG-0606,21.18,744.8,Estandar,Si,119.45
PKG-0607,5.39,12.3,Express,Si,38.02
PKG-0608,5.9,516.6,Estandar,No,53.2
PKG-0609,18.88,471.9,Estandar,No,73.68
PKG-0610,28.04,648.5,Estandar,No,104.84
PKG-0611,5.39,79.3,Estandar,No,18.91
PKG-0612,3.46,466.5,Estandar,Si,63.31
PKG-0613,,692.7,Estandar,No,104.47
PKG-0614,19.77,524.5,Estandar,Si,94.26
PKG-0615,3.68,289.8,Estandar,No,37.55
PKG-0616,25.53,678.5,Mismo_Dia,No,134.74
PKG-0617,20.88,401.9,Express,No,85.29
PKG-0618,8.03,55.9,Express,No,38.5
PKG-0619,29.74,358.2,Estandar,Si,94.03
PKG-0620,24.45,409.0,Mismo_Dia,No,112.0
PKG-0621,15.03,453.9,Estandar,No,71.84
PKG-0622,25.92,406.5,Estandar,No,85.38
PKG-0623,18.48,440.0,Estandar,No,72.52
PKG-0624,25.75,512.4,Estandar,Si,108.75
PKG-0625,24.62,523.7,Mismo_Dia,Si,130.96
PKG-0626,23.11,202.3,Express,No,77.27
PKG-0627,8.71,291.4,Express,No,54.41
PKG-0628,9.25,626.6,Estandar,No,73.61
PKG-0629,16.3,301.4,Express,No,73.86
PKG-0630,,369.0,Estandar,No,32.01
PKG-0631,28.05,520.5,Estandar,No,100.21
PKG-0632,22.39,419.7,Mismo_Dia,No,111.78
PKG-0633,7.92,430.1,Estandar,Si,70.67
PKG-0634,9.6,548.2,Estandar,No,66.03
PKG-0635,13.98,300.4,Express,Si,83.11
PKG-0636,6.32,235.6,Express,No,54.64
PKG-0637,7.46,174.6,Estandar,No,31.66
PKG-0638,18.35,181.5,Mismo_Dia,No,85.42
PKG-0639,12.95,415.8,Express,No,69.69
PKG-0640,12.36,73.5,Mismo_Dia,No,63.77
PKG-0641,7.96,149.8,Estandar,No,34.33
PKG-0642,3.3,484.5,Express,No,64.85
PKG-0643,14.53,286.9,Mismo_Dia,No,87.37
PKG-0644,8.91,787.0,Mismo_Dia,No,115.26
PKG-0645,,148.1,Express,No,35.7
PKG-0646,25.07,344.6,Estandar,Si,89.78
PKG-0647,4.23,289.5,Estandar,Si,50.7
PKG-0648,19.78,389.7,Estandar,No,74.67
PKG-0649,5.46,15.5,Express,Si,45.92
PKG-0650,9.12,238.7,Estandar,No,41.46
PKG-0651,19.06,13.3,Estandar,No,43.06
PKG-0652,19.96,406.5,Estandar,No,67.22
PKG-0653,23.88,260.8,Mismo_Dia,No,97.33
PKG-0654,13.9,695.5,Mismo_Dia,No,112.82
PKG-0655,24.94,363.7,Express,No,90.96
PKG-0656,,174.4,Estandar,No,72.19
PKG-0657,,155.5,Express,Si,97.31
PKG-0658,8.84,505.5,Express,No,75.61
PKG-0659,2.37,427.5,Express,Si,70.77
PKG-0660,17.76,365.4,Express,No,76.44
PKG-0661,18.35,301.6,Estandar,No,61.91
PKG-0662,0.97,15.4,Estandar,Si,18.74
PKG-0663,7.38,486.3,Estandar,No,55.01
PKG-0664,26.78,614.3,Express,Si,126.07
PKG-0665,0.98,30.1,Express,No,16.79
PKG-0666,14.87,419.1,Estandar,No,62.79
PKG-0667,2.5,155.6,Express,No,43.38
PKG-0668,23.5,397.9,Estandar,No,76.29
PKG-0669,26.58,688.8,Mismo_Dia,No,133.42
PKG-0670,6.47,211.1,Estandar,No,33.25
PKG-0671,5.33,83.7,Estandar,No,21.83
PKG-0672,1.22,201.2,Express,No,31.79
PKG-0673,23.01,749.1,Estandar,No,104.24
PKG-0674,13.73,668.8,Express,No,98.56
PKG-0675,11.1,275.4,Mismo_Dia,No,75.75
PKG-0676,29.5,203.2,Estandar,No,72.9
PKG-0677,2.46,42.5,Express,No,24.46
PKG-0678,13.4,704.1,Express,Si,109.17
PKG-0679,7.08,788.0,Estandar,No,73.02
PKG-0680,26.62,412.1,Mismo_Dia,No,118.89
PKG-0681,16.04,526.5,Mismo_Dia,No,109.96
PKG-0682,14.74,316.5,Express,No,66.08
PKG-0683,10.4,517.6,Mismo_Dia,No,91.97
PKG-0684,14.44,272.8,Express,Si,74.65
PKG-0685,19.46,514.7,Express,No,94.0
PKG-0686,7.26,145.5,Express,No,47.24
PKG-0687,7.79,384.5,Estandar,Si,61.55
PKG-0688,14.44,179.3,Estandar,No,44.11
PKG-0689,26.4,87.3,Express,No,74.47
PKG-0690,20.06,86.0,Estandar,Si,57.09
PKG-0691,16.29,666.6,Estandar,No,85.43
PKG-0692,25.14,666.0,Express,Si,125.56
PKG-0693,8.72,795.1,Express,No,87.97
PKG-0694,5.57,720.4,Mismo_Dia,No,98.86
PKG-0695,25.18,187.8,Estandar,No,66.06
PKG-0696,10.42,310.0,Express,Si,75.16
PKG-0697,3.47,743.3,Estandar,No,72.14
PKG-0698,7.89,676.9,Estandar,Si,86.81
PKG-0699,20.37,188.0,Express,Si,82.88
PKG-0700,11.48,381.0,Estandar,No,59.89
PKG-0701,28.87,732.0,Estandar,No,115.22
PKG-0702,3.7,422.3,Estandar,No,46.3
PKG-0703,16.59,143.4,Mismo_Dia,No,75.84
PKG-0704,0.69,74.4,Estandar,No,14.24
PKG-0705,,387.6,Estandar,No,79.66
PKG-0706,17.17,222.8,Express,Si,80.41
PKG-0707,29.9,343.4,Estandar,No,88.97
PKG-0708,26.45,774.5,Mismo_Dia,Si,161.47
PKG-0709,19.11,663.7,Express,Si,123.95
PKG-0710,21.37,24.8,Express,No,65.55
PKG-0711,19.78,99.0,Estandar,No,51.04
PKG-0712,29.73,229.3,Estandar,No,81.54
PKG-0713,11.47,591.1,Mismo_Dia,No,106.03
PKG-0714,12.4,765.3,Mismo_Dia,No,120.32
PKG-0715,20.88,350.8,Express,No,83.88
PKG-0716,22.74,540.1,Mismo_Dia,No,126.7
PKG-0717,3.8,528.0,Estandar,No,55.42
PKG-0718,26.02,654.5,Estandar,No,105.81
PKG-0719,13.73,710.0,Express,No,97.9
PKG-0720,5.97,773.6,Estandar,No,82.89
PKG-0721,20.17,479.6,Estandar,Si,91.58
PKG-0722,11.79,565.0,Estandar,No,73.64
PKG-0723,18.33,566.8,Estandar,No,86.88
PKG-0724,25.46,409.0,Estandar,No,80.97
PKG-0725,2.09,151.7,Express,No,32.54
PKG-0726,,735.6,Estandar,No,87.47
PKG-0727,9.85,688.3,Express,No,90.15
PKG-0728,13.74,519.4,Estandar,No,72.64
PKG-0729,,756.2,Estandar,Si,131.92
PKG-0730,9.5,303.3,Express,Si,69.68
PKG-0731,13.85,312.0,Estandar,No,55.38
PKG-0732,27.86,117.8,Express,Si,88.04
PKG-0733,29.98,594.4,Express,No,119.18
PKG-0734,18.64,604.1,Mismo_Dia,No,111.77
PKG-0735,4.17,450.0,Express,No,64.44
PKG-0736,0.6,124.2,Estandar,No,12.11
PKG-0737,,107.6,Express,No,66.11
PKG-0738,15.26,340.0,Mismo_Dia,No,94.34
PKG-0739,8.16,537.9,Estandar,Si,71.69
PKG-0740,1.81,623.0,Estandar,No,58.51
PKG-0741,10.87,70.6,Estandar,No,32.87
PKG-0742,13.59,778.5,Estandar,No,87.97
PKG-0743,8.38,70.5,Estandar,No,25.41
PKG-0744,6.37,423.0,Estandar,No,49.46
PKG-0745,19.29,618.0,Estandar,Si,104.36
PKG-0746,5.92,512.1,Express,No,66.5
PKG-0747,25.16,178.2,Estandar,Si,71.03
PKG-0748,24.49,230.4,Estandar,No,69.09
PKG-0749,1.98,67.1,Estandar,No,15.06
PKG-0750,22.32,,Estandar,Si,122.3
PKG-0751,4.58,533.0,Estandar,No,50.82
PKG-0752,11.51,150.7,Estandar,No,38.53
PKG-0753,26.54,290.8,Estandar,No,78.24
PKG-0754,28.01,256.6,Estandar,No,71.66
PKG-0755,15.33,693.5,Express,No,97.48
PKG-0756,17.81,407.3,Express,No,86.21
PKG-0757,16.3,200.8,Estandar,No,52.35
PKG-0758,23.05,10.4,Express,No,52.74
PKG-0759,22.99,415.2,Estandar,No,78.03
PKG-0760,20.91,670.4,Estandar,Si,100.71
PKG-0761,13.72,207.8,Estandar,No,46.25
PKG-0762,10.19,376.4,Express,No,67.44
PKG-0763,0.98,25.9,Mismo_Dia,Si,51.2
PKG-0764,21.94,389.8,Estandar,No,72.16
PKG-0765,28.76,342.9,Mismo_Dia,No,111.92
PKG-0766,0.59,392.0,Express,No,43.2
PKG-0767,18.71,289.8,Estandar,No,61.21
PKG-0768,22.24,,Estandar,No,99.33
PKG-0769,5.74,561.7,Express,Si,85.87
PKG-0770,9.05,283.7,Mismo_Dia,No,69.82
PKG-0771,22.24,489.9,Mismo_Dia,No,113.2
PKG-0772,10.14,709.0,Estandar,Si,90.28
PKG-0773,19.15,222.2,Express,No,75.67
PKG-0774,19.26,669.6,Estandar,No,90.98
PKG-0775,7.09,599.0,Estandar,Si,71.5
PKG-0776,24.12,787.9,Estandar,No,109.2
PKG-0777,6.24,301.9,Estandar,No,34.71
PKG-0778,12.53,758.4,Estandar,No,87.78
PKG-0779,4.32,72.5,Mismo_Dia,No,51.59
PKG-0780,24.05,366.7,Mismo_Dia,No,113.75
PKG-0781,6.06,,Express,No,66.28
PKG-0782,6.58,332.1,Express,Si,60.23
PKG-0783,1.13,184.2,Express,No,31.72
PKG-0784,14.44,627.1,Estandar,No,84.15
PKG-0785,9.06,685.1,Estandar,No,76.66
PKG-0786,1.59,386.5,Estandar,No,41.59
PKG-0787,20.74,680.7,Estandar,No,103.67
PKG-0788,18.73,453.6,Mismo_Dia,No,110.43
PKG-0789,15.85,94.6,Estandar,No,43.49
PKG-0790,26.97,219.7,Express,No,79.8
PKG-0791,16.55,446.1,Estandar,Si,79.57
PKG-0792,22.85,185.2,Estandar,No,61.36
PKG-0793,18.61,246.0,Express,No,67.12
PKG-0794,1.48,774.8,Estandar,No,65.89
PKG-0795,27.63,770.8,Express,No,126.32
PKG-0796,12.75,727.5,Estandar,No,87.75
PKG-0797,16.75,387.8,Express,No,81.11
PKG-0798,11.39,105.9,Express,No,48.16
PKG-0799,,494.2,Mismo_Dia,No,110.41
PKG-0800,11.85,191.1,Estandar,No,39.32
PKG-0801,16.54,550.2,Mismo_Dia,Si,119.23
PKG-0802,26.57,413.7,Estandar,No,84.78
PKG-0803,8.69,667.3,Estandar,No,76.13
PKG-0804,19.04,147.4,Estandar,Si,63.16
PKG-0805,19.55,302.7,Express,No,77.63
PKG-0806,,728.9,Estandar,Si,77.62
PKG-0807,8.94,251.0,Express,Si,66.89
PKG-0808,25.08,305.5,Express,No,84.64
PKG-0809,27.56,674.1,Express,No,119.86
PKG-0810,0.85,401.4,Express,No,50.46
PKG-0811,12.45,428.9,Express,No,78.48
PKG-0812,23.46,306.4,Estandar,Si,85.31
PKG-0813,25.92,557.4,Estandar,Si,105.9
PKG-0814,5.48,273.2,Mismo_Dia,No,68.16
PKG-0815,4.92,414.5,Express,No,56.94
PKG-0816,5.95,360.3,Mismo_Dia,No,76.88
PKG-0817,4.1,592.2,Express,No,68.68
PKG-0818,,413.1,Estandar,No,47.98
PKG-0819,3.9,430.3,Mismo_Dia,No,77.66
PKG-0820,5.13,76.6,Express,No,31.9
PKG-0821,24.37,33.5,Express,No,64.69
PKG-0822,16.39,633.7,Estandar,Si,100.9
PKG-0823,28.84,328.5,Estandar,No,82.73
PKG-0824,29.07,718.5,Estandar,No,123.77
PKG-0825,3.0,762.8,Express,No,82.15
PKG-0826,28.44,657.8,Estandar,Si,121.63
PKG-0827,29.48,350.8,Express,Si,110.89
PKG-0828,27.68,493.9,Mismo_Dia,Si,141.57
PKG-0829,9.9,646.3,Mismo_Dia,Si,120.28
PKG-0830,2.11,53.5,Express,No,20.97
PKG-0831,21.88,120.2,Estandar,No,51.22
PKG-0832,20.29,201.8,Estandar,No,52.01
PKG-0833,26.9,472.1,Estandar,No,85.43
PKG-0834,6.56,111.8,Express,No,31.64
PKG-0835,28.64,575.9,Express,No,119.98
PKG-0836,23.16,432.0,Mismo_Dia,No,110.06
PKG-0837,16.68,308.4,Express,No,74.44
PKG-0838,15.57,471.0,Express,No,82.78
PKG-0839,11.14,286.4,Mismo_Dia,Si,88.18
PKG-0840,12.78,223.4,Express,No,61.79
PKG-0841,,522.8,Estandar,No,69.24
PKG-0842,15.45,784.7,Mismo_Dia,No,126.59
PKG-0843,12.99,282.4,Express,Si,76.04
PKG-0844,23.98,284.4,Express,No,86.67
PKG-0845,24.11,273.5,Express,No,88.47
PKG-0846,10.77,341.6,Estandar,No,48.99
PKG-0847,15.06,457.6,Mismo_Dia,Si,106.57
PKG-0848,0.54,529.9,Mismo_Dia,No,76.38
PKG-0849,18.18,771.0,Mismo_Dia,No,131.67
PKG-0850,14.27,650.8,Express,No,94.8
PKG-0851,24.32,307.2,Mismo_Dia,No,104.13
PKG-0852,1.26,523.5,Mismo_Dia,No,87.55
PKG-0853,3.27,719.6,Estandar,No,57.77
PKG-0854,17.22,183.1,Estandar,No,47.82
PKG-0855,9.38,545.3,Express,No,71.42
PKG-0856,,212.2,Mismo_Dia,No,69.15
PKG-0857,4.65,330.9,Estandar,Si,48.96
PKG-0858,27.64,127.7,Express,No,83.22
PKG-0859,13.09,347.8,Express,No,66.64
PKG-0860,6.42,200.6,Estandar,No,32.42
PKG-0861,5.66,638.4,Estandar,No,75.35
PKG-0862,11.29,676.5,Express,Si,107.64
PKG-0863,13.11,202.8,Express,No,58.17
PKG-0864,27.97,486.2,Estandar,No,95.81
PKG-0865,4.04,234.5,Express,No,41.29
PKG-0866,25.49,296.1,Estandar,No,71.97
PKG-0867,13.47,510.6,Estandar,No,69.89
PKG-0868,5.79,214.7,Express,No,43.35
PKG-0869,9.37,435.0,Estandar,No,59.9
PKG-0870,28.9,416.1,Mismo_Dia,No,120.91
PKG-0871,15.69,,Express,No,100.95
PKG-0872,13.33,402.6,Estandar,No,56.57
PKG-0873,8.85,,Estandar,No,58.23
PKG-0874,22.06,404.7,Estandar,No,77.61
PKG-0875,10.44,654.2,Estandar,Si,88.74
PKG-0876,5.56,464.5,Estandar,Si,65.09
PKG-0877,16.21,228.0,Estandar,Si,64.63
PKG-0878,17.93,450.6,Express,No,84.64
PKG-0879,26.15,385.0,Estandar,No,84.95
PKG-0880,23.57,410.1,Express,No,85.41
PKG-0881,21.66,253.9,Estandar,Si,71.4
PKG-0882,22.3,709.1,Express,No,111.91
PKG-0883,28.46,315.5,Estandar,Si,97.59
PKG-0884,9.04,520.5,Mismo_Dia,No,88.36
PKG-0885,14.47,436.6,Mismo_Dia,No,91.86
PKG-0886,17.38,292.1,Estandar,No,57.67
PKG-0887,19.55,630.8,Estandar,No,93.95
PKG-0888,6.28,521.1,Estandar,Si,66.7
PKG-0889,8.68,,Mismo_Dia,Si,91.71
PKG-0890,14.13,467.3,Estandar,Si,80.21
PKG-0891,12.38,731.9,Express,No,100.55
PKG-0892,11.16,,Estandar,No,51.42
PKG-0893,26.16,,Estandar,Si,130.25
PKG-0894,19.15,387.1,Express,No,82.38
PKG-0895,,634.5,Estandar,No,65.6
PKG-0896,22.3,378.1,Estandar,No,71.98
PKG-0897,14.37,160.6,Mismo_Dia,No,74.25
PKG-0898,28.12,578.5,Express,Si,127.17
PKG-0899,29.71,264.1,Estandar,Si,91.53
PKG-0900,17.02,593.6,Estandar,No,77.48
PKG-0901,28.11,649.9,Estandar,No,106.52
PKG-0902,28.58,189.0,Estandar,No,75.76
PKG-0903,23.71,560.1,Mismo_Dia,No,124.13
PKG-0904,22.76,23.3,Estandar,No,51.69
PKG-0905,13.97,560.2,Estandar,Si,86.18
PKG-0906,7.84,193.1,Estandar,No,41.9
PKG-0907,16.73,120.3,Mismo_Dia,No,73.09
PKG-0908,1.71,444.4,Mismo_Dia,No,67.77
PKG-0909,12.81,144.1,Express,Si,62.48
PKG-0910,21.47,245.3,Estandar,No,64.11
PKG-0911,23.12,679.8,Express,No,110.8
PKG-0912,11.2,108.4,Express,Si,56.35
PKG-0913,17.79,639.1,Estandar,No,88.24
PKG-0914,14.58,106.9,Express,No,57.94
PKG-0915,15.0,541.9,Estandar,No,77.14
PKG-0916,23.14,,Estandar,No,84.56
PKG-0917,23.43,729.8,Estandar,No,107.17
PKG-0918,24.52,754.8,Estandar,No,104.92
PKG-0919,17.43,97.8,Estandar,Si,63.89
PKG-0920,,714.9,Express,No,99.93
PKG-0921,,721.0,Express,Si,90.18
PKG-0922,1.73,376.3,Mismo_Dia,No,64.88
PKG-0923,9.6,647.9,Mismo_Dia,Si,113.94
PKG-0924,5.07,179.0,Mismo_Dia,No,61.24
PKG-0925,18.09,654.9,Express,Si,116.23
PKG-0926,28.32,529.4,Estandar,No,99.58
PKG-0927,11.12,252.7,Estandar,No,46.62
PKG-0928,7.68,90.8,Express,No,35.16
PKG-0929,18.89,732.7,Estandar,No,96.9
PKG-0930,19.6,150.1,Estandar,No,50.01
PKG-0931,5.56,164.0,Estandar,Si,40.29
PKG-0932,28.26,560.8,Express,No,115.17
PKG-0933,22.26,221.9,Estandar,No,64.37
PKG-0934,9.72,563.8,Estandar,No,65.42
PKG-0935,7.47,13.5,Express,Si,44.08
PKG-0936,13.02,40.1,Mismo_Dia,Si,79.54
PKG-0937,11.83,774.7,Estandar,No,83.96
PKG-0938,19.85,77.1,Estandar,No,46.15
PKG-0939,11.24,442.9,Estandar,No,63.16
PKG-0940,20.75,528.7,Mismo_Dia,No,115.21
PKG-0941,,22.9,Express,No,41.4
PKG-0942,8.66,209.4,Estandar,No,38.25
PKG-0943,21.34,571.5,Estandar,No,86.89
PKG-0944,6.76,309.1,Estandar,No,44.67
PKG-0945,1.64,621.6,Express,No,75.14
PKG-0946,25.94,348.9,Estandar,No,82.84
PKG-0947,,706.0,Mismo_Dia,No,154.26
PKG-0948,27.97,729.1,Estandar,Si,124.46
PKG-0949,26.38,,Estandar,No,88.59
PKG-0950,23.76,175.0,Express,No,80.31
PKG-0951,23.36,194.1,Estandar,No,61.49
PKG-0952,28.68,233.2,Mismo_Dia,Si,120.08
PKG-0953,22.65,311.6,Estandar,No,73.65
PKG-0954,12.1,168.7,Estandar,No,34.08
PKG-0955,18.35,408.1,Express,No,81.71
PKG-0956,0.77,698.1,Mismo_Dia,No,93.48
PKG-0957,23.08,714.5,Estandar,No,105.99
PKG-0958,28.98,261.5,Estandar,No,81.8
PKG-0959,26.91,482.8,Estandar,Si,98.13
PKG-0960,4.02,461.1,Estandar,Si,61.66
PKG-0961,10.25,143.3,Express,Si,63.33
PKG-0962,28.17,122.9,Estandar,No,59.22
PKG-0963,5.57,309.8,Estandar,No,38.34
PKG-0964,20.08,749.5,Mismo_Dia,No,128.51
PKG-0965,11.7,758.9,Express,Si,107.97
PKG-0966,29.26,253.8,Express,Si,100.77
PKG-0967,5.27,171.8,Express,No,40.54
PKG-0968,11.37,346.9,Estandar,No,54.64
PKG-0969,19.16,792.0,Estandar,No,108.78
PKG-0970,18.48,667.9,Mismo_Dia,Si,132.19
PKG-0971,2.09,413.1,Mismo_Dia,No,76.36
PKG-0972,10.18,427.4,Express,No,76.13
PKG-0973,28.91,590.4,Mismo_Dia,Si,141.3
PKG-0974,15.14,561.2,Mismo_Dia,No,100.25
PKG-0975,28.78,711.6,Mismo_Dia,No,147.86
PKG-0976,22.43,559.5,Estandar,No,87.27
PKG-0977,,301.6,Estandar,No,51.76
PKG-0978,27.7,634.8,Estandar,No,109.91
PKG-0979,21.56,536.5,Estandar,No,80.97
PKG-0980,20.99,73.7,Express,Si,75.31
PKG-0981,19.76,206.2,Express,No,73.5
PKG-0982,3.21,478.9,Estandar,Si,62.96
PKG-0983,15.26,347.7,Express,No,75.22
PKG-0984,26.27,,Mismo_Dia,No,120.21
PKG-0985,7.47,21.9,Estandar,No,24.66
PKG-0986,1.5,476.2,Estandar,No,44.6
PKG-0987,28.39,732.1,Estandar,No,116.97
PKG-0988,19.94,756.0,Estandar,Si,110.35
PKG-0989,3.08,434.1,Express,Si,66.28
PKG-0990,1.43,60.3,Estandar,No,17.97
PKG-0991,9.62,294.4,Mismo_Dia,Si,87.21
PKG-0992,2.0,738.1,Express,No,84.94
PKG-0993,9.31,395.4,Express,Si,79.42
PKG-0994,22.66,792.7,Mismo_Dia,No,137.2
PKG-0995,12.41,140.5,Express,Si,59.28
PKG-0996,22.84,578.1,Mismo_Dia,No,118.74
PKG-0997,9.25,238.6,Express,No,54.08
PKG-0998,15.36,669.8,Express,No,97.43
PKG-0999,,481.5,Express,No,81.55
PKG-1000,17.08,247.1,Mismo_Dia,Si,97.32
PKG-1001,15.0,264.7,Express,Si,72.15
PKG-1002,21.23,286.5,Estandar,Si,71.21
PKG-1003,11.33,425.6,Express,Si,82.07
PKG-1004,7.18,714.8,Estandar,Si,90.89
PKG-1005,25.63,286.1,Express,No,82.9
PKG-1006,1.43,248.0,Mismo_Dia,No,53.66
PKG-1007,18.23,672.2,Estandar,No,90.67
PKG-1008,6.75,607.2,Express,No,76.67
PKG-1009,,601.5,Express,No,94.74
PKG-1010,29.09,52.2,Express,No,78.44
PKG-1011,1.47,302.3,Mismo_Dia,Si,75.78
PKG-1012,22.97,91.6,Express,No,67.28
PKG-1013,29.04,375.4,Express,No,99.53
PKG-1014,9.46,569.8,Express,Si,88.66
PKG-1015,6.98,344.6,Estandar,Si,58.46
PKG-1016,24.93,714.4,Mismo_Dia,No,139.32
PKG-1017,12.97,112.6,Express,No,47.07
PKG-1018,4.52,374.1,Estandar,No,43.76
PKG-1019,29.59,543.0,Estandar,No,99.02
PKG-1020,16.93,477.5,Express,No,82.77
PKG-1021,5.12,237.1,Express,Si,60.9
PKG-1022,17.02,694.8,Mismo_Dia,No,121.57
PKG-1023,10.37,439.5,Express,No,72.45
PKG-1024,16.89,740.5,Estandar,No,89.82
PKG-1025,29.24,507.3,Express,No,106.84
PKG-1026,28.59,666.7,Express,No,120.94
PKG-1027,25.37,338.7,Estandar,No,72.86
PKG-1028,23.27,421.1,Estandar,No,82.01
PKG-1029,1.43,324.9,Mismo_Dia,No,58.56
PKG-1030,,417.5,Estandar,No,84.67
PKG-1031,17.56,373.2,Estandar,Si,74.96
PKG-1032,16.91,,Express,No,64.8
PKG-1033,12.78,153.5,Estandar,Si,52.83
PKG-1034,3.3,600.1,Mismo_Dia,No,86.49
PKG-1035,6.3,,Mismo_Dia,No,63.29
PKG-1036,9.36,220.3,Express,No,46.71
PKG-1037,22.51,676.5,Estandar,No,100.36
PKG-1038,29.97,361.8,Estandar,Si,102.1
PKG-1039,20.87,69.2,Estandar,No,48.63
PKG-1040,6.89,275.7,Estandar,No,36.45
PKG-1041,3.47,42.7,Estandar,Si,22.6
PKG-1042,14.47,206.5,Estandar,No,48.68
PKG-1043,7.04,378.4,Estandar,Si,52.94
PKG-1044,22.6,39.7,Mismo_Dia,No,82.69
PKG-1045,,466.0,Estandar,No,51.28
PKG-1046,3.87,492.7,Express,No,67.35
PKG-1047,15.82,728.3,Mismo_Dia,Si,139.79
PKG-1048,8.29,191.6,Estandar,No,37.39
PKG-1049,14.76,264.1,Express,Si,77.6
PKG-1050,5.61,276.9,Express,No,54.02
PKG-1051,6.11,531.9,Estandar,Si,72.79
PKG-1052,16.67,492.9,Estandar,No,74.91
PKG-1053,27.26,31.9,Express,No,71.92
PKG-1054,25.82,473.9,Estandar,Si,102.71
PKG-1055,20.4,105.9,Estandar,No,52.32
PKG-1056,20.14,512.8,Express,No,95.75
PKG-1057,11.07,460.9,Express,No,76.11
PKG-1058,12.06,64.2,Express,No,40.52
PKG-1059,28.3,713.3,Estandar,No,112.28
PKG-1060,18.51,434.0,Mismo_Dia,No,96.67
PKG-1061,2.85,401.3,Express,No,56.95
PKG-1062,28.59,501.7,Estandar,No,94.05
PKG-1063,10.53,588.8,Mismo_Dia,No,101.36
PKG-1064,12.97,738.1,Estandar,No,90.35
PKG-1065,17.6,699.4,Express,No,104.11
PKG-1066,18.21,396.1,Express,No,75.28
PKG-1067,17.04,413.6,Mismo_Dia,Si,112.03
PKG-1068,18.05,224.1,Estandar,Si,69.17
PKG-1069,18.22,182.3,Mismo_Dia,Si,92.52
PKG-1070,18.59,504.9,Estandar,No,78.18
PKG-1071,18.18,715.2,Estandar,No,97.34
PKG-1072,11.15,751.7,Estandar,Si,94.38
PKG-1073,,123.9,Express,Si,44.53
PKG-1074,27.42,355.6,Estandar,No,81.24
PKG-1075,8.02,394.5,Estandar,No,57.22
PKG-1076,20.83,146.0,Estandar,Si,66.44
PKG-1077,21.52,300.1,Mismo_Dia,No,98.02
PKG-1078,12.17,373.5,Estandar,No,59.79
PKG-1079,15.23,353.1,Estandar,No,65.59
PKG-1080,29.2,678.4,Express,No,127.52
PKG-1081,12.37,128.8,Express,No,48.37
PKG-1082,8.19,741.5,Express,No,98.73
PKG-1083,10.25,33.2,Mismo_Dia,Si,66.17
PKG-1084,23.84,234.0,Estandar,No,63.8
PKG-1085,1.94,,Estandar,No,28.95
PKG-1086,19.04,427.2,Estandar,No,75.59
PKG-1087,11.67,617.4,Mismo_Dia,Si,123.73
PKG-1088,11.46,,Express,No,91.53
PKG-1089,22.53,754.2,Express,No,119.08
PKG-1090,3.6,116.6,Estandar,No,26.53
PKG-1091,17.81,771.7,Express,Si,128.31
PKG-1092,18.05,679.2,Estandar,No,82.39
PKG-1093,,,Express,Si,72.56
PKG-1094,3.93,373.7,Express,No,55.29
PKG-1095,8.25,552.4,Estandar,No,58.08
PKG-1096,3.41,512.6,Express,Si,77.08
PKG-1097,8.96,608.1,Estandar,No,71.83
PKG-1098,24.19,16.6,Express,No,58.53
PKG-1099,26.58,290.3,Estandar,Si,85.23
PKG-1100,15.36,210.2,Express,No,69.15
PKG-1101,24.87,374.5,Express,Si,101.38
PKG-1102,2.0,35.0,Estandar,No,17.68
PKG-1103,27.85,526.6,Estandar,Si,108.37
PKG-1104,14.12,454.9,Estandar,No,60.09
PKG-1105,17.75,517.3,Express,No,89.26
PKG-1106,23.09,374.3,Express,No,88.61
PKG-1107,14.29,57.9,Estandar,No,34.55
PKG-1108,29.09,222.1,Express,No,91.75
PKG-1109,14.83,344.9,Estandar,Si,73.79
PKG-1110,13.2,753.6,Express,No,100.17
PKG-1111,4.55,774.3,Estandar,Si,86.79
PKG-1112,29.41,578.4,Express,Si,125.67
PKG-1113,11.58,567.9,Estandar,Si,81.86
PKG-1114,24.83,477.3,Express,No,96.59
PKG-1115,28.52,765.9,Estandar,No,109.32
PKG-1116,19.73,461.3,Estandar,No,76.23
PKG-1117,25.13,,Estandar,No,51.42
PKG-1118,23.68,,Estandar,No,84.07
PKG-1119,14.67,548.6,Express,No,85.43
PKG-1120,21.82,243.5,Estandar,Si,75.57
PKG-1121,8.53,684.4,Mismo_Dia,Si,109.83
PKG-1122,7.76,77.2,Mismo_Dia,No,52.26
PKG-1123,,223.7,Estandar,Si,61.55
PKG-1124,0.82,175.1,Mismo_Dia,No,48.59
PKG-1125,15.11,629.7,Mismo_Dia,No,118.28
PKG-1126,6.97,42.5,Express,No,45.09
PKG-1127,,213.0,Estandar,No,63.21
PKG-1128,9.78,514.5,Mismo_Dia,No,91.61
PKG-1129,10.14,753.0,Express,No,93.11
PKG-1130,4.22,24.5,Express,No,27.86
PKG-1131,7.93,479.8,Express,No,66.82
PKG-1132,18.33,244.4,Estandar,No,59.86
PKG-1133,16.95,525.9,Estandar,No,74.97
PKG-1134,1.54,12.1,Express,No,25.24
PKG-1135,5.44,586.8,Estandar,No,59.96
PKG-1136,7.77,63.2,Mismo_Dia,No,50.3
PKG-1137,24.83,120.1,Express,No,70.83
PKG-1138,2.96,759.9,Express,No,84.08
PKG-1139,13.89,111.8,Estandar,No,35.49
PKG-1140,,544.4,Estandar,No,82.43
PKG-1141,20.48,201.1,Express,No,70.72
PKG-1142,3.51,481.0,Express,No,66.93
PKG-1143,21.22,484.5,Mismo_Dia,No,109.75
PKG-1144,24.7,,Estandar,Si,70.1
PKG-1145,,503.3,Estandar,Si,55.39
PKG-1146,12.72,665.9,Mismo_Dia,No,110.48
PKG-1147,29.33,270.5,Estandar,No,81.96
PKG-1148,,487.6,Estandar,No,65.94
PKG-1149,17.6,402.3,Estandar,Si,78.28
PKG-1150,3.99,693.8,Estandar,No,63.57
PKG-1151,25.98,792.7,Estandar,No,123.05
PKG-1152,,745.6,Estandar,Si,99.9
PKG-1153,20.17,754.9,Express,No,113.6
PKG-1154,23.87,641.0,Estandar,No,106.86
PKG-1155,21.8,354.5,Express,No,81.78
PKG-1156,24.57,328.0,Express,No,90.74
PKG-1157,14.67,726.7,Estandar,No,93.01
PKG-1158,7.41,460.9,Estandar,No,50.28
PKG-1159,14.39,255.3,Express,Si,72.95
PKG-1160,6.62,22.5,Express,Si,49.02
PKG-1161,19.67,248.1,Estandar,Si,71.75
PKG-1162,13.78,237.7,Express,No,56.93
PKG-1163,,218.2,Estandar,No,37.86
PKG-1164,18.49,34.1,Estandar,Si,52.32
PKG-1165,4.92,650.6,Estandar,Si,76.94
PKG-1166,18.68,274.4,Express,No,82.11
PKG-1167,19.04,720.3,Express,No,115.07
PKG-1168,3.97,321.6,Estandar,No,39.87
PKG-1169,0.84,232.2,Estandar,No,21.61
PKG-1170,7.44,33.3,Mismo_Dia,No,53.44
PKG-1171,16.91,632.3,Mismo_Dia,No,111.31
PKG-1172,20.66,541.7,Express,No,102.16
PKG-1173,10.28,534.7,Estandar,No,64.3
PKG-1174,2.86,780.2,Express,No,78.42
PKG-1175,24.79,479.1,Express,No,96.89
PKG-1176,18.81,74.2,Express,Si,72.06
PKG-1177,22.6,604.1,Express,No,108.78
PKG-1178,12.89,381.6,Mismo_Dia,Si,99.64
PKG-1179,,368.0,Estandar,No,38.92
PKG-1180,16.02,195.6,Estandar,No,48.64
PKG-1181,24.77,205.0,Mismo_Dia,No,99.8
PKG-1182,10.86,261.4,Estandar,No,44.58
PKG-1183,6.06,250.4,Estandar,No,35.55
PKG-1184,7.15,668.0,Estandar,Si,84.6
PKG-1185,24.3,764.6,Estandar,Si,117.72
PKG-1186,24.74,565.8,Estandar,Si,110.0
PKG-1187,17.69,255.5,Estandar,No,62.14
PKG-1188,29.96,121.1,Mismo_Dia,Si,113.62
PKG-1189,29.84,541.4,Mismo_Dia,No,131.39
PKG-1190,24.17,742.5,Estandar,Si,114.05
PKG-1191,20.98,242.6,Estandar,No,55.81
PKG-1192,,793.1,Estandar,No,67.74
PKG-1193,16.89,467.0,Express,Si,95.05
PKG-1194,24.54,325.9,Estandar,Si,82.43
PKG-1195,2.49,121.6,Estandar,No,22.87
PKG-1196,,158.0,Estandar,Si,34.8
PKG-1197,6.63,550.2,Mismo_Dia,No,89.01
PKG-1198,11.01,71.1,Express,No,45.55
PKG-1199,18.24,249.8,Estandar,No,51.61
PKG-1200,6.24,775.8,Mismo_Dia,No,108.22
PKG-1201,15.74,,Express,Si,105.64
PKG-1202,1.02,205.7,Mismo_Dia,Si,64.05
PKG-1203,14.83,431.4,Estandar,No,64.3
PKG-1204,14.35,239.6,Estandar,No,49.92
PKG-1205,,563.7,Estandar,No,69.14
PKG-1206,4.05,46.1,Estandar,Si,29.77
PKG-1207,13.93,457.5,Mismo_Dia,No,95.53
PKG-1208,21.05,345.9,Express,No,84.55
PKG-1209,,710.9,Estandar,No,70.05
PKG-1210,20.45,,Express,No,63.84
PKG-1211,25.32,687.0,Express,No,114.73
PKG-1212,21.31,621.0,Estandar,No,96.71
PKG-1213,15.78,301.1,Express,No,74.52
PKG-1214,11.49,767.2,Estandar,Si,97.64
PKG-1215,2.0,507.8,Express,No,59.43
PKG-1216,23.34,379.6,Estandar,Si,88.08
PKG-1217,14.22,689.3,Express,No,102.59
PKG-1218,12.17,576.5,Mismo_Dia,No,105.19
PKG-1219,28.68,88.7,Estandar,No,61.84
PKG-1220,24.09,178.4,Express,Si,85.97
PKG-1221,9.34,268.9,Estandar,No,45.58
PKG-1222,27.92,64.2,Express,No,78.26
PKG-1223,7.46,429.1,Estandar,No,51.69
PKG-1224,28.3,342.6,Estandar,No,82.81
PKG-1225,22.08,32.5,Estandar,Si,60.08
PKG-1226,0.76,215.7,Estandar,Si,38.12
PKG-1227,18.09,724.4,Mismo_Dia,Si,131.65
PKG-1228,18.73,590.8,Estandar,No,92.04
PKG-1229,8.75,208.6,Express,No,46.05
PKG-1230,24.99,79.1,Estandar,Si,70.5
PKG-1231,19.85,486.1,Estandar,No,84.32
PKG-1232,23.17,10.1,Express,No,65.02
PKG-1233,5.46,280.9,Estandar,Si,51.45
PKG-1234,22.91,676.7,Express,No,107.01
PKG-1235,17.91,212.3,Express,No,63.02
PKG-1236,12.79,438.6,Mismo_Dia,No,94.78
PKG-1237,2.29,501.8,Express,No,61.35
PKG-1238,4.09,482.4,Express,No,68.32
PKG-1239,15.89,140.0,Express,Si,68.23
PKG-1240,20.92,752.8,Express,No,114.31
PKG-1241,17.74,379.7,Estandar,No,66.08
PKG-1242,4.46,727.3,Estandar,Si,80.56
PKG-1243,21.5,681.8,Express,No,110.17
PKG-1244,18.44,670.4,Estandar,No,94.09
PKG-1245,8.87,772.0,Estandar,No,83.12
PKG-1246,0.77,250.1,Express,No,35.55
PKG-1247,,629.3,Estandar,No,102.63
PKG-1248,16.76,166.5,Mismo_Dia,No,85.81
PKG-1249,20.84,678.4,Estandar,No,97.5
PKG-1250,24.99,,Mismo_Dia,No,143.98
PKG-1251,3.72,597.9,Express,No,72.7
PKG-1252,,121.3,Estandar,Si,44.17
PKG-1253,4.1,275.2,Estandar,Si,38.78
PKG-1254,18.39,607.9,Express,Si,111.54
PKG-1255,8.5,10.8,Express,No,33.47
PKG-1256,27.52,288.0,Express,No,87.82
PKG-1257,16.27,551.3,Express,No,89.2
PKG-1258,0.68,238.2,Mismo_Dia,No,55.7
PKG-1259,19.09,43.0,Mismo_Dia,No,72.84
PKG-1260,21.65,437.6,Estandar,Si,91.99
PKG-1261,24.33,336.4,Estandar,No,73.82
PKG-1262,12.47,253.0,Estandar,No,43.85
PKG-1263,11.87,667.5,Mismo_Dia,Si,124.49
PKG-1264,1.88,492.8,Estandar,No,46.62
PKG-1265,11.68,170.4,Express,No,61.15
PKG-1266,0.67,271.3,Estandar,No,36.17
PKG-1267,,74.4,Estandar,No,37.83
PKG-1268,23.62,11.9,Estandar,No,44.62
PKG-1269,28.01,218.0,Express,No,79.37
PKG-1270,11.39,692.6,Express,No,91.06
PKG-1271,29.22,95.2,Estandar,No,68.09
PKG-1272,18.35,222.9,Estandar,No,57.8
PKG-1273,26.45,703.8,Express,Si,136.31
PKG-1274,29.78,294.5,Estandar,Si,93.22
PKG-1275,5.5,455.9,Mismo_Dia,No,82.75
PKG-1276,28.54,621.3,Estandar,No,106.92
PKG-1277,17.97,294.1,Mismo_Dia,No,95.46
PKG-1278,20.08,421.7,Express,Si,95.75
PKG-1279,23.23,163.5,Express,Si,83.4
PKG-1280,24.93,122.7,Estandar,No,56.65
PKG-1281,19.93,724.5,Express,No,111.44
PKG-1282,23.17,457.3,Estandar,Si,95.78
PKG-1283,14.64,771.1,Estandar,No,95.12
PKG-1284,5.51,134.3,Estandar,No,32.72
PKG-1285,10.47,716.2,Express,No,96.28
PKG-1286,16.9,704.4,Estandar,No,97.92
PKG-1287,13.97,307.4,Estandar,No,56.41
PKG-1288,10.49,368.7,Estandar,No,56.84
PKG-1289,14.05,710.7,Estandar,No,90.98
PKG-1290,16.96,788.6,Estandar,Si,110.77
PKG-1291,16.46,460.0,Express,No,86.88
PKG-1292,21.81,137.1,Express,No,68.28
PKG-1293,3.64,217.7,Estandar,No,33.53
PKG-1294,23.19,75.6,Express,No,73.53
PKG-1295,3.85,531.9,Estandar,No,55.24
PKG-1296,20.4,493.3,Mismo_Dia,No,112.18
PKG-1297,24.47,11.6,Mismo_Dia,No,81.3
PKG-1298,25.79,508.1,Express,Si,116.58
PKG-1299,16.9,663.1,Estandar,No,89.21
PKG-1300,,526.2,Estandar,No,72.47
PKG-1301,8.36,557.2,Express,Si,90.67
PKG-1302,3.01,637.3,Express,Si,83.67
PKG-1303,10.13,175.2,Express,No,52.23
PKG-1304,,586.0,Estandar,Si,80.09
PKG-1305,23.66,624.4,Estandar,Si,106.25
PKG-1306,22.32,361.3,Express,No,83.73
PKG-1307,29.75,647.4,Estandar,No,112.19
PKG-1308,20.67,432.4,Estandar,No,76.96
PKG-1309,16.16,583.8,Estandar,No,83.11
PKG-1310,21.59,280.0,Mismo_Dia,No,91.37
PKG-1311,22.5,506.7,Express,Si,112.12
PKG-1312,25.02,390.5,Mismo_Dia,Si,122.85
PKG-1313,27.08,117.1,Estandar,Si,72.52
PKG-1314,23.97,312.3,Express,No,91.22
PKG-1315,,313.4,Estandar,No,69.38
PKG-1316,11.29,69.6,Estandar,No,37.01
PKG-1317,14.86,545.9,Express,Si,104.68
PKG-1318,13.57,711.8,Estandar,No,83.61
PKG-1319,,717.0,Estandar,No,95.32
PKG-1320,21.0,120.9,Estandar,No,44.09
PKG-1321,17.17,318.5,Mismo_Dia,No,95.93
PKG-1322,21.9,539.5,Mismo_Dia,Si,128.71
PKG-1323,19.79,768.1,Estandar,No,103.94
PKG-1324,7.83,652.1,Estandar,No,75.6
PKG-1325,5.04,309.1,Estandar,No,43.49
PKG-1326,13.56,705.8,Estandar,No,88.09
PKG-1327,,689.6,Express,Si,128.38
PKG-1328,18.57,89.0,Estandar,No,44.92
PKG-1329,26.12,765.8,Mismo_Dia,Si,146.12
PKG-1330,3.78,235.8,Express,No,45.76
PKG-1331,25.47,477.9,Estandar,No,92.4
PKG-1332,28.1,503.3,Mismo_Dia,Si,143.56
PKG-1333,7.39,437.6,Estandar,No,50.08
PKG-1334,21.89,669.5,Estandar,No,108.21
PKG-1335,7.03,57.6,Estandar,No,25.02
PKG-1336,4.82,223.0,Estandar,No,32.02
PKG-1337,17.46,,Express,No,83.27
PKG-1338,26.66,266.4,Express,Si,101.52
PKG-1339,17.59,783.5,Express,No,108.55
PKG-1340,5.28,478.2,Express,Si,77.21
PKG-1341,10.63,733.9,Express,No,93.31
PKG-1342,14.84,767.6,Estandar,No,94.19
PKG-1343,0.86,,Estandar,No,41.73
PKG-1344,1.35,449.9,Estandar,No,43.33
PKG-1345,6.28,481.6,Express,No,73.19
PKG-1346,24.49,285.6,Estandar,No,71.96
PKG-1347,2.2,416.0,Express,No,57.79
PKG-1348,22.21,10.1,Estandar,No,43.73
PKG-1349,5.19,783.6,Mismo_Dia,No,110.08
PKG-1350,11.76,230.6,Estandar,Si,60.53
PKG-1351,16.37,500.7,Estandar,Si,85.62
PKG-1352,19.84,184.9,Estandar,No,53.65
PKG-1353,17.43,549.3,Estandar,No,81.51
PKG-1354,7.19,144.0,Estandar,No,28.11
PKG-1355,14.14,,Express,Si,70.95
PKG-1356,1.78,567.4,Estandar,No,54.99
PKG-1357,26.26,87.6,Estandar,No,61.07
PKG-1358,19.48,691.4,Estandar,No,92.42
PKG-1359,2.72,127.2,Estandar,No,19.27
PKG-1360,23.15,550.7,Estandar,Si,101.48
PKG-1361,19.29,353.2,Estandar,No,68.51
PKG-1362,26.74,707.6,Estandar,No,108.4
PKG-1363,8.59,398.9,Estandar,No,54.94
PKG-1364,24.35,569.8,Express,Si,116.86
PKG-1365,20.15,16.5,Estandar,No,44.65
PKG-1366,,721.9,Mismo_Dia,Si,113.6
PKG-1367,5.26,325.7,Estandar,No,37.94
PKG-1368,19.12,345.7,Mismo_Dia,No,96.59
PKG-1369,1.07,517.0,Estandar,No,50.0
PKG-1370,19.19,12.7,Estandar,No,38.32
PKG-1371,12.76,595.0,Mismo_Dia,Si,119.12
PKG-1372,7.47,141.4,Express,No,46.52
PKG-1373,19.48,532.4,Estandar,No,85.36
PKG-1374,3.33,199.9,Estandar,Si,42.73
PKG-1375,1.33,373.9,Estandar,No,30.39
PKG-1376,0.58,586.5,Mismo_Dia,No,82.06
PKG-1377,28.22,576.4,Estandar,Si,114.98
PKG-1378,22.19,759.7,Estandar,No,99.93
PKG-1379,12.09,188.5,Express,No,49.22
PKG-1380,29.52,628.5,Estandar,No,104.65
PKG-1381,2.56,576.7,Express,No,67.09
PKG-1382,17.39,589.1,Estandar,No,81.64
PKG-1383,5.82,84.8,Estandar,No,16.53
PKG-1384,29.98,565.6,Estandar,No,107.16
PKG-1385,24.14,452.6,Estandar,No,79.2
PKG-1386,6.28,478.0,Estandar,No,57.92
PKG-1387,29.35,210.4,Estandar,Si,86.07
PKG-1388,12.41,636.0,Estandar,No,84.16
PKG-1389,19.77,771.9,Estandar,No,97.0
PKG-1390,19.46,552.5,Express,No,93.81
PKG-1391,16.68,,Estandar,Si,104.15
PKG-1392,11.32,446.0,Estandar,No,60.96
PKG-1393,21.56,390.6,Express,Si,98.31
PKG-1394,7.58,553.0,Express,No,73.39
PKG-1395,1.76,259.6,Estandar,No,32.58
PKG-1396,19.87,759.9,Express,No,112.72
PKG-1397,15.54,130.8,Estandar,Si,51.17
PKG-1398,27.78,547.7,Express,No,108.78
PKG-1399,26.56,590.4,Estandar,No,100.59
PKG-1400,23.87,50.5,Estandar,Si,64.6
PKG-1401,,557.6,Mismo_Dia,Si,122.85
PKG-1402,25.91,231.7,Express,No,81.48
PKG-1403,2.36,568.2,Estandar,No,53.37
PKG-1404,16.39,543.7,Estandar,No,77.95
PKG-1405,1.84,109.1,Express,Si,42.57
PKG-1406,29.05,175.0,Estandar,No,63.62
PKG-1407,17.14,684.8,Estandar,No,90.66
PKG-1408,8.16,170.8,Express,No,40.19
PKG-1409,19.87,307.5,Express,No,78.59
PKG-1410,20.13,26.5,Express,No,57.26
PKG-1411,28.88,,Express,No,120.72
PKG-1412,26.07,78.0,Estandar,No,56.94
PKG-1413,26.82,502.8,Estandar,No,96.37
PKG-1414,10.8,378.3,Estandar,No,52.38
PKG-1415,0.9,223.5,Estandar,Si,32.66
PKG-1416,3.33,616.4,Estandar,No,54.84
PKG-1417,16.55,58.9,Estandar,No,36.8
PKG-1418,18.36,26.6,Express,No,55.01
PKG-1419,20.48,759.2,Estandar,Si,113.56
PKG-1420,26.48,552.3,Estandar,No,89.8
PKG-1421,0.98,397.3,Mismo_Dia,No,64.87
PKG-1422,,401.1,Estandar,No,90.5
PKG-1423,23.42,306.9,Express,No,91.19
PKG-1424,4.05,728.9,Express,No,85.55
PKG-1425,29.96,,Estandar,Si,73.77
PKG-1426,26.01,675.2,Estandar,Si,115.41
PKG-1427,3.72,425.9,Mismo_Dia,No,83.42
PKG-1428,16.08,686.2,Estandar,No,85.06
PKG-1429,8.55,670.6,Estandar,No,76.3
PKG-1430,5.03,172.5,Estandar,No,29.6
PKG-1431,23.96,707.7,Estandar,Si,114.3
PKG-1432,11.69,284.5,Express,No,62.82
PKG-1433,16.75,297.9,Estandar,Si,68.46
PKG-1434,10.76,340.9,Estandar,No,49.89
PKG-1435,22.71,209.0,Estandar,No,64.08
PKG-1436,23.03,654.4,Estandar,Si,112.57
PKG-1437,16.23,381.7,Express,Si,95.03
PKG-1438,6.77,476.5,Estandar,No,57.13
PKG-1439,,362.8,Estandar,No,90.1
PKG-1440,13.81,780.9,Estandar,No,92.81
PKG-1441,0.85,218.8,Express,No,36.42
PKG-1442,5.77,286.7,Estandar,No,32.49
PKG-1443,2.62,99.4,Express,No,30.27
PKG-1444,26.47,385.8,Estandar,No,86.78
PKG-1445,6.61,771.5,Express,Si,108.46
PKG-1446,5.98,467.6,Mismo_Dia,No,79.41
PKG-1447,23.43,463.7,Mismo_Dia,No,110.41
PKG-1448,7.69,63.9,Estandar,Si,37.46
PKG-1449,13.67,400.4,Estandar,No,63.4
PKG-1450,16.89,436.3,Estandar,No,68.69
PKG-1451,28.79,,Estandar,No,90.0
PKG-1452,18.75,704.0,Estandar,No,89.12
PKG-1453,6.37,218.8,Estandar,No,37.04
PKG-1454,16.69,181.9,Estandar,No,51.0
PKG-1455,16.25,630.8,Mismo_Dia,No,110.99
PKG-1456,9.6,661.8,Express,Si,101.04
PKG-1457,24.83,583.4,Mismo_Dia,No,124.0
PKG-1458,2.31,10.2,Express,Si,35.37
PKG-1459,,381.4,Express,No,75.96
PKG-1460,20.88,68.5,Estandar,No,45.77
PKG-1461,12.95,690.6,Estandar,No,81.44
PKG-1462,12.14,563.3,Estandar,No,75.75
PKG-1463,10.52,141.7,Estandar,No,36.33
PKG-1464,24.13,258.7,Estandar,Si,77.11
PKG-1465,1.56,,Estandar,No,38.07
PKG-1466,0.8,688.7,Estandar,Si,70.55
PKG-1467,19.36,778.8,Estandar,No,105.08
PKG-1468,17.98,155.8,Estandar,No,50.01
PKG-1469,5.42,491.4,Mismo_Dia,No,83.6
PKG-1470,25.04,406.6,Estandar,No,81.74
PKG-1471,6.4,628.7,Estandar,No,63.58
PKG-1472,26.81,371.6,Express,No,92.66
PKG-1473,23.73,708.6,Estandar,No,105.85
PKG-1474,1.26,478.4,Estandar,No,44.29
PKG-1475,0.66,427.1,Estandar,No,44.37
PKG-1476,,174.5,Estandar,No,36.46
PKG-1477,8.07,19.8,Estandar,No,23.84
PKG-1478,6.54,242.0,Estandar,No,27.97
PKG-1479,12.25,117.7,Estandar,No,38.13
PKG-1480,15.21,712.2,Express,Si,114.98
PKG-1481,10.64,75.8,Express,No,42.85
PKG-1482,13.15,165.8,Estandar,No,41.01
PKG-1483,1.3,486.6,Express,Si,71.45
PKG-1484,27.83,467.4,Express,No,100.84
PKG-1485,27.2,64.8,Estandar,Si,72.9
PKG-1486,2.16,561.8,Mismo_Dia,No,82.85
PKG-1487,16.1,,Express,No,67.83
PKG-1488,2.85,102.2,Mismo_Dia,No,54.6
PKG-1489,,618.4,Estandar,No,65.59
PKG-1490,28.41,95.0,Estandar,No,65.05
PKG-1491,25.55,625.0,Express,No,107.59
PKG-1492,4.67,373.7,Estandar,No,40.14
PKG-1493,3.1,691.9,Express,No,81.3
PKG-1494,,144.9,Express,No,65.93
PKG-1495,15.74,742.0,Estandar,No,82.82
PKG-1496,10.88,,Express,No,81.41
PKG-1497,10.01,374.4,Estandar,No,50.44
PKG-1498,19.1,434.2,Estandar,Si,93.41
PKG-1499,7.92,365.3,Estandar,No,44.36
PKG-1500,29.14,337.9,Express,Si,108.45
PKG-1501,25.52,167.6,Estandar,No,66.4
PKG-1502,3.03,550.6,Mismo_Dia,Si,94.41
PKG-1503,5.12,706.2,Express,No,81.86
PKG-1504,12.97,148.3,Mismo_Dia,Si,80.23
PKG-1505,8.29,513.0,Express,Si,84.8
PKG-1506,24.53,789.9,Mismo_Dia,No,142.66
PKG-1507,28.52,596.8,Mismo_Dia,No,135.83
PKG-1508,21.11,57.4,Mismo_Dia,No,71.81
PKG-1509,21.32,122.3,Estandar,No,55.34
PKG-1510,6.36,253.2,Mismo_Dia,Si,69.5
PKG-1511,10.67,710.2,Estandar,Si,87.25
PKG-1512,29.88,262.8,Express,No,92.34
PKG-1513,15.82,15.6,Mismo_Dia,No,63.02
PKG-1514,20.55,603.0,Estandar,No,87.44
PKG-1515,24.6,26.7,Express,No,66.14
PKG-1516,7.72,620.1,Mismo_Dia,No,97.0
PKG-1517,7.51,716.7,Mismo_Dia,No,105.99
PKG-1518,18.77,518.6,Estandar,No,79.95
PKG-1519,10.94,521.1,Mismo_Dia,No,96.55
PKG-1520,25.95,729.5,Estandar,No,106.8
PKG-1521,25.73,300.5,Mismo_Dia,No,112.52
PKG-1522,4.37,765.7,Estandar,No,77.8
PKG-1523,10.96,751.7,Estandar,Si,97.01
PKG-1524,7.1,363.0,Estandar,No,44.78
PKG-1525,24.26,149.0,Estandar,No,60.3
PKG-1526,28.07,630.0,Mismo_Dia,No,128.31
PKG-1527,12.45,576.3,Estandar,Si,78.75
PKG-1528,10.01,440.7,Mismo_Dia,No,88.82
PKG-1529,26.57,114.7,Express,Si,92.31
PKG-1530,3.09,115.1,Express,No,36.04
PKG-1531,,607.8,Estandar,No,102.0
PKG-1532,5.71,157.2,Mismo_Dia,No,63.18
PKG-1533,25.99,457.8,Express,No,98.62
PKG-1534,4.07,523.4,Express,No,68.2
PKG-1535,13.63,761.9,Mismo_Dia,Si,133.06
PKG-1536,16.63,174.5,Express,No,62.45
PKG-1537,17.03,599.2,Mismo_Dia,Si,129.31
PKG-1538,15.11,564.4,Estandar,No,77.53
PKG-1539,24.39,531.9,Estandar,Si,105.06
PKG-1540,24.91,,Estandar,Si,91.93
PKG-1541,27.69,643.6,Estandar,No,104.77
PKG-1542,,408.3,Express,No,91.86
PKG-1543,23.54,664.0,Estandar,No,102.7
PKG-1544,0.79,763.4,Express,Si,94.77
PKG-1545,17.67,26.5,Express,No,53.17
PKG-1546,,84.0,Estandar,Si,46.88
PKG-1547,16.6,661.2,Estandar,Si,107.64
PKG-1548,27.56,180.8,Estandar,Si,79.97
PKG-1549,10.79,,Express,Si,59.91
PKG-1550,7.4,763.5,Express,Si,107.04
PKG-1551,9.1,432.8,Estandar,No,54.19
PKG-1552,18.71,204.0,Mismo_Dia,No,86.47
PKG-1553,1.02,325.6,Estandar,No,35.25
PKG-1554,26.34,357.8,Express,Si,102.72
PKG-1555,,,Estandar,No,51.49
PKG-1556,3.64,459.4,Express,No,57.97
PKG-1557,29.42,593.1,Estandar,No,104.97
PKG-1558,11.59,465.9,Express,No,75.33
PKG-1559,12.68,524.2,Estandar,Si,79.11
PKG-1560,4.67,203.7,Estandar,No,36.47
PKG-1561,7.53,459.0,Mismo_Dia,No,89.94
PKG-1562,28.46,394.3,Estandar,No,88.19
PKG-1563,13.05,202.1,Mismo_Dia,Si,88.14
PKG-1564,15.19,240.2,Mismo_Dia,No,83.08
PKG-1565,8.82,96.2,Express,Si,55.09
PKG-1566,25.9,330.2,Estandar,No,83.6
PKG-1567,16.84,386.1,Express,No,77.75
PKG-1568,7.99,457.2,Estandar,No,55.78
PKG-1569,13.7,,Estandar,No,68.09
PKG-1570,25.39,30.3,Express,Si,77.29
PKG-1571,8.18,591.6,Estandar,No,63.62
PKG-1572,6.36,192.3,Express,No,45.1
PKG-1573,15.14,727.5,Estandar,No,90.41
PKG-1574,4.82,722.6,Estandar,No,72.16
PKG-1575,6.17,,Estandar,Si,55.36
PKG-1576,3.88,530.3,Express,Si,81.47
PKG-1577,15.18,771.6,Estandar,No,95.95
PKG-1578,18.11,212.5,Mismo_Dia,No,86.17
PKG-1579,21.6,364.4,Estandar,No,77.62
PKG-1580,24.47,492.0,Express,No,98.94
PKG-1581,15.11,172.0,Express,No,52.02
PKG-1582,17.23,296.8,Estandar,No,56.68
PKG-1583,8.87,175.8,Estandar,Si,47.14
PKG-1584,3.69,154.9,Estandar,Si,36.78
PKG-1585,21.51,265.5,Express,Si,89.75
PKG-1586,14.89,290.0,Express,Si,81.12
PKG-1587,19.87,563.8,Estandar,No,82.6
PKG-1588,22.69,783.5,Estandar,No,110.13
PKG-1589,,561.7,Estandar,No,66.66
PKG-1590,14.61,72.5,Express,Si,64.87
PKG-1591,7.66,171.9,Estandar,Si,44.08
PKG-1592,18.67,70.6,Express,No,52.46
PKG-1593,0.84,754.0,Estandar,Si,74.51
PKG-1594,8.85,785.2,Express,No,99.96
PKG-1595,20.33,92.6,Express,No,65.02
PKG-1596,4.99,112.1,Estandar,No,19.51
PKG-1597,19.24,279.1,Mismo_Dia,No,87.4
PKG-1598,20.75,612.4,Express,No,104.48
PKG-1599,22.2,,Express,No,63.54
PKG-1600,24.5,753.2,Express,Si,132.18
PKG-1601,,383.1,Estandar,No,56.99
PKG-1602,6.81,501.9,Estandar,No,59.97
PKG-1603,13.86,235.9,Estandar,No,43.66
PKG-1604,15.69,99.1,Estandar,Si,54.53
PKG-1605,11.22,238.9,Estandar,No,55.55
PKG-1606,21.58,75.4,Mismo_Dia,Si,94.83
PKG-1607,6.7,610.7,Express,No,79.66
PKG-1608,28.46,695.0,Estandar,No,110.44
PKG-1609,28.8,227.4,Estandar,No,76.81
PKG-1610,13.53,579.1,Estandar,No,82.01
PKG-1611,2.76,748.8,Express,No,84.58
PKG-1612,13.89,59.2,Express,No,54.48
PKG-1613,2.74,409.0,Express,No,54.83
PKG-1614,9.12,,Mismo_Dia,No,86.29
PKG-1615,18.36,681.7,Mismo_Dia,No,124.1
PKG-1616,27.71,68.6,Express,No,74.07
PKG-1617,1.37,153.9,Estandar,No,22.4
PKG-1618,21.77,461.6,Estandar,No,79.64
PKG-1619,5.98,93.2,Mismo_Dia,No,54.38
PKG-1620,17.51,370.8,Mismo_Dia,Si,105.94
PKG-1621,24.43,230.7,Estandar,No,72.88
PKG-1622,5.63,485.8,Estandar,No,52.65
PKG-1623,28.88,188.4,Mismo_Dia,Si,113.97
PKG-1624,13.06,590.1,Express,No,88.98
PKG-1625,27.56,,Express,No,81.37
PKG-1626,20.22,434.2,Estandar,Si,87.43
PKG-1627,21.96,723.0,Estandar,No,102.23
PKG-1628,2.66,689.3,Mismo_Dia,Si,109.58
PKG-1629,27.82,276.8,Mismo_Dia,No,107.78
PKG-1630,16.11,747.8,Estandar,No,96.33
PKG-1631,21.46,669.7,Estandar,No,103.53
PKG-1632,12.62,509.7,Estandar,Si,75.96
PKG-1633,10.17,483.4,Express,No,69.87
PKG-1634,19.47,232.1,Estandar,No,59.1
PKG-1635,8.38,465.1,Estandar,No,58.41
PKG-1636,12.27,299.4,Estandar,No,43.55
PKG-1637,24.06,533.8,Estandar,No,90.51
PKG-1638,19.3,333.2,Estandar,No,65.04
PKG-1639,29.38,44.3,Express,No,75.28
PKG-1640,27.49,797.6,Mismo_Dia,No,154.52
PKG-1641,7.56,548.0,Estandar,No,61.58
PKG-1642,9.1,758.2,Estandar,No,81.21
PKG-1643,25.2,505.8,Estandar,No,89.28
PKG-1644,21.62,196.2,Estandar,Si,69.77
PKG-1645,24.72,64.4,Estandar,Si,66.0
PKG-1646,15.43,558.6,Mismo_Dia,No,106.4
PKG-1647,0.99,651.2,Estandar,No,62.66
PKG-1648,7.74,15.2,Express,No,31.41
PKG-1649,6.93,691.9,Express,No,83.89
PKG-1650,25.73,536.4,Express,Si,116.82
PKG-1651,19.25,603.8,Estandar,Si,97.28
PKG-1652,27.6,443.0,Express,No,106.98
PKG-1653,9.3,,Express,No,77.65
PKG-1654,6.12,452.5,Estandar,Si,58.82
PKG-1655,10.71,425.6,Express,No,67.91
PKG-1656,29.22,302.9,Mismo_Dia,Si,127.41
PKG-1657,,95.7,Estandar,No,59.48
PKG-1658,11.93,,Express,Si,84.26
PKG-1659,9.68,665.5,Estandar,No,73.9
PKG-1660,20.44,508.7,Estandar,No,81.63
PKG-1661,25.42,371.4,Mismo_Dia,Si,121.3
PKG-1662,1.1,184.9,Estandar,No,19.63
PKG-1663,29.62,364.7,Express,No,105.45
PKG-1664,5.55,136.5,Estandar,No,25.92
PKG-1665,2.2,89.5,Estandar,Si,27.28
PKG-1666,27.27,442.4,Express,Si,114.59
PKG-1667,16.77,658.7,Estandar,Si,101.32
PKG-1668,27.66,158.5,Estandar,No,69.56
PKG-1669,5.35,667.6,Mismo_Dia,No,99.84
PKG-1670,27.22,627.1,Express,No,116.14
PKG-1671,25.51,565.6,Estandar,Si,107.19
PKG-1672,10.98,235.8,Express,No,63.66
PKG-1673,26.71,457.6,Estandar,No,88.73
PKG-1674,,666.5,Mismo_Dia,Si,100.01
PKG-1675,25.76,152.4,Express,Si,88.71
PKG-1676,25.23,408.7,Express,No,95.13
PKG-1677,22.09,26.6,Express,No,61.35
PKG-1678,16.93,546.2,Express,No,97.23
PKG-1679,21.73,648.6,Express,Si,117.18
PKG-1680,16.19,513.0,Estandar,Si,85.31
PKG-1681,17.86,494.6,Express,No,93.78
PKG-1682,,207.7,Express,No,66.8
PKG-1683,23.33,417.2,Estandar,No,81.62
PKG-1684,17.37,680.3,Express,No,103.16
PKG-1685,16.55,368.5,Express,No,78.81
PKG-1686,4.18,232.2,Estandar,No,36.87
PKG-1687,3.12,653.9,Express,No,82.71
PKG-1688,14.04,366.8,Express,No,73.16
PKG-1689,11.21,672.2,Express,No,87.61
PKG-1690,1.96,556.2,Estandar,Si,59.37
PKG-1691,8.66,581.3,Estandar,Si,79.52
PKG-1692,18.7,394.5,Estandar,No,72.98
PKG-1693,3.56,,Express,Si,93.93
PKG-1694,20.32,692.2,Estandar,No,98.47
PKG-1695,25.76,480.8,Estandar,Si,107.32
PKG-1696,15.48,368.4,Estandar,Si,73.68
PKG-1697,28.48,740.0,Mismo_Dia,No,147.79
PKG-1698,9.15,497.9,Estandar,No,61.95
PKG-1699,12.38,402.8,Express,No,68.93
PKG-1700,,260.8,Estandar,No,75.5
PKG-1701,1.27,176.6,Estandar,No,24.62
PKG-1702,20.93,462.0,Estandar,No,78.04
PKG-1703,22.62,591.9,Estandar,No,99.9
PKG-1704,21.06,141.8,Mismo_Dia,No,82.83
PKG-1705,24.08,273.2,Estandar,No,73.33
PKG-1706,2.78,574.1,Mismo_Dia,No,86.1
PKG-1707,21.18,66.5,Estandar,No,47.65
PKG-1708,11.76,171.6,Estandar,No,42.7
PKG-1709,28.94,734.7,Estandar,No,110.82
PKG-1710,5.38,587.6,Estandar,No,66.57
PKG-1711,7.99,773.4,Estandar,Si,92.08
PKG-1712,29.81,669.5,Express,No,132.15
PKG-1713,8.08,,Estandar,No,66.38
PKG-1714,16.62,402.4,Estandar,No,71.05
PKG-1715,21.36,83.6,Express,No,70.56
PKG-1716,17.27,298.5,Mismo_Dia,No,91.88
PKG-1717,20.28,616.0,Express,No,106.47
PKG-1718,26.65,611.3,Estandar,No,102.47
PKG-1719,19.1,747.7,Mismo_Dia,No,127.77
PKG-1720,12.3,241.3,Mismo_Dia,No,77.65
PKG-1721,13.68,489.4,Estandar,No,70.63
PKG-1722,17.21,270.2,Estandar,No,65.06
PKG-1723,6.06,214.6,Estandar,Si,43.24
PKG-1724,22.22,,Mismo_Dia,No,89.39
PKG-1725,8.37,586.9,Estandar,No,63.81
PKG-1726,19.7,10.6,Express,No,58.75
PKG-1727,5.17,262.5,Estandar,No,29.06
PKG-1728,21.96,569.8,Express,No,103.88
PKG-1729,29.24,64.9,Express,No,74.76
PKG-1730,23.87,779.6,Estandar,Si,127.22
PKG-1731,15.48,320.0,Mismo_Dia,No,92.19
PKG-1732,29.85,441.5,Estandar,Si,98.29
PKG-1733,27.79,227.4,Express,No,83.93
PKG-1734,27.21,501.4,Estandar,No,89.65
PKG-1735,7.34,686.7,Express,Si,101.2
PKG-1736,21.74,736.4,Estandar,No,101.68
PKG-1737,8.43,,Estandar,Si,74.17
PKG-1738,5.85,790.5,Express,No,90.46
PKG-1739,25.42,406.7,Express,Si,110.22
PKG-1740,11.51,443.0,Express,No,71.79
PKG-1741,26.55,556.7,Estandar,No,98.27
PKG-1742,14.45,445.9,Estandar,No,70.0
PKG-1743,6.55,682.4,Mismo_Dia,Si,111.79
PKG-1744,25.76,482.1,Mismo_Dia,No,116.83
PKG-1745,24.23,191.0,Estandar,No,62.94
PKG-1746,9.12,678.1,Mismo_Dia,No,108.23
PKG-1747,,101.3,Express,Si,57.7
PKG-1748,6.53,492.7,Mismo_Dia,Si,101.86
PKG-1749,23.26,770.3,Estandar,No,107.9
PKG-1750,4.43,545.6,Estandar,No,51.2
PKG-1751,12.51,456.5,Estandar,No,67.43
PKG-1752,20.96,580.3,Estandar,Si,102.38
PKG-1753,,439.7,Estandar,No,64.86
PKG-1754,0.67,792.6,Estandar,No,69.97
PKG-1755,16.61,648.6,Express,No,98.65
PKG-1756,7.77,72.8,Estandar,No,25.8
PKG-1757,,37.0,Express,Si,61.57
PKG-1758,27.98,619.6,Express,No,116.86
PKG-1759,7.69,711.8,Express,No,83.91
PKG-1760,13.42,756.6,Mismo_Dia,No,119.74
PKG-1761,6.83,80.6,Express,Si,42.0
PKG-1762,1.46,64.4,Estandar,No,16.54
PKG-1763,11.58,664.6,Estandar,Si,95.2
PKG-1764,4.05,629.7,Express,No,72.89
PKG-1765,24.09,525.4,Mismo_Dia,No,121.89
PKG-1766,18.8,255.2,Express,No,67.91
PKG-1767,7.15,262.9,Express,No,53.2
PKG-1768,23.24,182.2,Express,Si,89.75
PKG-1769,28.77,330.9,Express,Si,108.65
PKG-1770,12.08,111.1,Express,No,48.47
PKG-1771,22.15,716.8,Estandar,No,101.7
PKG-1772,29.44,714.2,Estandar,No,114.44
PKG-1773,28.79,78.6,Express,No,71.0
PKG-1774,3.81,557.2,Express,No,70.15
PKG-1775,9.33,187.3,Estandar,No,39.61
PKG-1776,4.45,515.7,Estandar,No,56.75
PKG-1777,19.92,714.5,Estandar,Si,114.59
PKG-1778,15.22,,Estandar,No,62.48
PKG-1779,11.69,777.9,Estandar,No,88.6
PKG-1780,2.13,199.9,Estandar,Si,35.09
PKG-1781,1.8,296.3,Express,Si,61.5
PKG-1782,14.3,16.8,Estandar,No,26.6
PKG-1783,20.56,380.6,Estandar,No,69.84
PKG-1784,9.78,309.9,Estandar,No,48.61
PKG-1785,11.57,751.0,Estandar,No,80.4
PKG-1786,0.72,293.5,Mismo_Dia,No,62.18
PKG-1787,21.81,,Mismo_Dia,Si,110.17
PKG-1788,7.19,210.2,Mismo_Dia,Si,76.27
PKG-1789,17.33,263.7,Express,No,71.58
PKG-1790,3.96,398.4,Mismo_Dia,Si,83.14
PKG-1791,15.63,338.8,Estandar,No,62.74
PKG-1792,6.93,468.9,Express,Si,79.25
PKG-1793,11.55,459.9,Express,No,78.11
PKG-1794,1.37,767.8,Estandar,Si,83.61
PKG-1795,4.1,88.0,Estandar,Si,25.64
PKG-1796,9.11,137.9,Express,No,43.38
PKG-1797,25.04,703.6,Estandar,No,109.09
PKG-1798,,524.7,Estandar,No,96.79
PKG-1799,5.99,387.1,Express,No,68.28
PKG-1800,5.4,586.8,Estandar,No,59.01
PKG-1801,12.86,756.3,Estandar,Si,105.32
PKG-1802,19.47,697.2,Mismo_Dia,No,125.28
PKG-1803,22.39,604.4,Express,No,106.34
PKG-1804,24.22,240.5,Mismo_Dia,Si,108.56
PKG-1805,21.37,396.2,Express,No,81.73
PKG-1806,11.97,118.7,Mismo_Dia,No,70.91
PKG-1807,2.6,86.0,Express,No,34.34
PKG-1808,4.76,337.0,Estandar,No,39.9
PKG-1809,21.83,757.1,Express,No,117.19
PKG-1810,2.97,118.0,Estandar,No,24.13
PKG-1811,5.96,,Estandar,Si,49.83
PKG-1812,16.28,89.2,Estandar,No,41.74
PKG-1813,3.54,617.0,Estandar,No,61.62
PKG-1814,3.04,234.6,Express,No,42.24
PKG-1815,20.71,23.7,Mismo_Dia,No,66.05
PKG-1816,26.39,81.0,Express,Si,80.35
PKG-1817,13.89,79.3,Express,Si,58.72
PKG-1818,13.17,323.7,Estandar,No,54.26
PKG-1819,24.06,25.7,Estandar,No,51.49
PKG-1820,21.1,278.5,Mismo_Dia,No,87.65
PKG-1821,13.8,174.4,Express,No,57.2
PKG-1822,25.59,725.5,Express,No,127.65
PKG-1823,6.33,673.9,Mismo_Dia,No,98.82
PKG-1824,8.34,519.9,Express,No,75.75
PKG-1825,14.61,634.4,Estandar,No,81.74
PKG-1826,,,Express,No,75.22
PKG-1827,15.59,771.1,Estandar,No,91.56
PKG-1828,1.27,785.2,Estandar,No,68.52
PKG-1829,27.82,629.6,Estandar,No,105.49
PKG-1830,10.54,354.4,Express,Si,78.74
PKG-1831,0.73,668.9,Express,No,77.1
PKG-1832,2.38,176.3,Express,No,38.38
PKG-1833,5.91,754.6,Estandar,No,78.84
PKG-1834,0.57,,Estandar,No,11.72
PKG-1835,5.78,344.7,Estandar,No,44.39
PKG-1836,20.85,126.7,Estandar,Si,64.32
PKG-1837,6.91,241.3,Express,Si,64.97
PKG-1838,12.63,680.7,Estandar,No,87.67
PKG-1839,12.33,131.9,Estandar,No,36.6
PKG-1840,28.27,444.2,Express,Si,114.33
PKG-1841,19.42,399.1,Estandar,No,73.0
PKG-1842,25.22,271.5,Estandar,No,65.39
PKG-1843,5.4,420.2,Express,No,58.43
PKG-1844,12.2,384.1,Mismo_Dia,No,86.67
PKG-1845,22.64,708.6,Estandar,No,98.58
PKG-1846,19.02,85.1,Estandar,No,37.6
PKG-1847,17.4,28.9,Mismo_Dia,Si,84.99
PKG-1848,7.48,277.8,Express,No,54.89
PKG-1849,13.91,223.7,Express,No,60.0
PKG-1850,17.98,301.4,Estandar,Si,70.89
PKG-1851,29.09,374.3,Estandar,No,89.5
PKG-1852,,290.8,Estandar,No,33.33
PKG-1853,29.95,20.9,Estandar,No,62.19
PKG-1854,22.06,786.8,Estandar,No,106.03
PKG-1855,,339.4,Estandar,No,46.38
PKG-1856,28.28,238.8,Express,No,92.19
PKG-1857,4.69,291.8,Express,No,45.54
PKG-1858,10.14,444.9,Mismo_Dia,No,89.88
PKG-1859,3.63,19.5,Mismo_Dia,Si,56.75
PKG-1860,21.91,415.0,Mismo_Dia,No,107.08
PKG-1861,22.03,289.8,Estandar,No,60.43
PKG-1862,19.34,631.8,Express,No,105.07
PKG-1863,,793.7,Estandar,No,88.72
PKG-1864,7.21,34.1,Estandar,No,21.95
PKG-1865,7.63,609.7,Estandar,Si,81.07
PKG-1866,28.44,692.0,Express,No,125.38
PKG-1867,23.79,107.5,Estandar,No,63.13
PKG-1868,13.55,340.0,Estandar,No,52.83
PKG-1869,27.41,577.3,Estandar,No,100.39
PKG-1870,20.33,600.4,Estandar,No,94.5
PKG-1871,2.61,666.0,Mismo_Dia,Si,104.26
PKG-1872,25.13,70.8,Mismo_Dia,No,85.63
PKG-1873,26.48,504.8,Express,No,98.09
PKG-1874,1.95,359.5,Express,No,48.29
PKG-1875,16.8,616.7,Estandar,No,91.77
PKG-1876,13.58,50.4,Mismo_Dia,No,65.51
PKG-1877,18.14,42.6,Estandar,No,39.94
PKG-1878,28.23,734.0,Express,Si,137.72
PKG-1879,27.55,684.7,Express,Si,133.95
PKG-1880,24.16,215.9,Mismo_Dia,No,98.53
PKG-1881,3.8,608.5,Estandar,No,58.64
PKG-1882,25.61,25.9,Express,No,62.06
PKG-1883,5.65,161.2,Mismo_Dia,No,59.85
PKG-1884,6.25,772.3,Express,No,91.32
PKG-1885,22.09,581.1,Express,Si,119.25
PKG-1886,27.24,193.1,Express,Si,90.34
PKG-1887,2.48,754.8,Mismo_Dia,Si,105.71
PKG-1888,11.66,288.8,Express,Si,71.07
PKG-1889,9.15,412.5,Estandar,No,56.87
PKG-1890,28.02,36.7,Express,No,68.81
PKG-1891,1.54,423.6,Mismo_Dia,No,75.48
PKG-1892,23.46,10.3,Mismo_Dia,No,73.52
PKG-1893,9.38,555.5,Estandar,Si,84.34
PKG-1894,,299.9,Mismo_Dia,No,77.69
PKG-1895,4.34,508.9,Estandar,No,52.23
PKG-1896,1.52,662.8,Express,No,72.22
PKG-1897,3.51,726.1,Express,No,83.64
PKG-1898,19.87,560.9,Express,Si,108.86
PKG-1899,10.61,448.6,Estandar,No,54.35
PKG-1900,6.56,497.9,Estandar,No,60.38
PKG-1901,29.81,519.1,Estandar,No,97.39
PKG-1902,26.72,648.3,Estandar,No,100.64
PKG-1903,7.56,240.1,Estandar,No,38.5
PKG-1904,29.06,,Express,No,98.7
PKG-1905,19.67,73.2,Estandar,No,39.93
PKG-1906,16.68,139.4,Express,Si,75.57
PKG-1907,14.24,527.6,Estandar,No,64.77
PKG-1908,16.72,402.6,Estandar,No,67.81
PKG-1909,16.53,716.9,Estandar,Si,107.34
PKG-1910,,205.9,Estandar,No,57.88
PKG-1911,4.81,347.6,Estandar,No,39.44
PKG-1912,8.64,140.0,Estandar,No,33.43
PKG-1913,21.78,465.2,Mismo_Dia,Si,121.94
PKG-1914,21.25,,Mismo_Dia,No,121.66
PKG-1915,11.35,568.4,Estandar,No,71.61
PKG-1916,21.38,552.9,Express,No,99.71
PKG-1917,20.67,610.1,Mismo_Dia,No,113.58
PKG-1918,6.8,716.4,Estandar,Si,85.82
PKG-1919,7.44,643.6,Estandar,No,75.02
PKG-1920,7.52,785.6,Express,No,98.96
PKG-1921,13.0,573.4,Estandar,No,69.76
PKG-1922,,633.9,Estandar,No,76.72
PKG-1923,0.69,740.4,Express,Si,93.7
PKG-1924,19.92,730.4,Express,Si,121.68
PKG-1925,27.91,641.7,Express,Si,135.54
PKG-1926,4.12,799.9,Estandar,No,74.23
PKG-1927,19.93,406.9,Express,Si,94.77
PKG-1928,11.93,136.9,Estandar,No,35.7
PKG-1929,7.73,638.3,Express,No,76.11
PKG-1930,18.2,435.1,Mismo_Dia,Si,116.87
PKG-1931,9.55,287.7,Express,No,54.87
PKG-1932,26.82,469.3,Estandar,No,87.4
PKG-1933,10.02,263.9,Estandar,No,46.09
PKG-1934,10.94,713.9,Express,No,94.74
PKG-1935,21.52,582.4,Express,Si,119.14
PKG-1936,3.4,740.7,Express,No,79.21
PKG-1937,13.04,296.1,Estandar,No,45.14
PKG-1938,24.56,149.2,Estandar,No,69.44
PKG-1939,15.55,481.8,Express,No,79.08
PKG-1940,3.19,600.3,Express,Si,91.66
PKG-1941,7.34,344.3,Estandar,Si,55.61
PKG-1942,2.04,784.4,Express,No,86.73
PKG-1943,26.07,150.9,Estandar,No,69.05
PKG-1944,4.53,30.3,Mismo_Dia,No,44.88
PKG-1945,17.55,20.9,Express,No,50.71
PKG-1946,3.63,290.9,Mismo_Dia,Si,75.52
PKG-1947,4.75,90.1,Express,No,36.19
PKG-1948,28.28,281.1,Estandar,No,79.21
PKG-1949,23.17,109.9,Express,Si,83.66
PKG-1950,7.54,81.0,Express,Si,49.11
PKG-1951,28.32,596.3,Mismo_Dia,No,130.51
PKG-1952,9.29,168.5,Estandar,Si,46.01
PKG-1953,26.83,294.4,Estandar,No,74.71
PKG-1954,21.31,385.1,Mismo_Dia,No,106.38
PKG-1955,23.69,637.5,Estandar,No,97.0
PKG-1956,10.6,559.8,Estandar,Si,79.66
PKG-1957,,240.7,Mismo_Dia,No,92.62
PKG-1958,16.7,51.8,Express,Si,63.63
PKG-1959,1.54,571.7,Estandar,No,56.36
PKG-1960,3.47,676.3,Estandar,No,60.64
PKG-1961,23.19,176.0,Estandar,No,60.81
PKG-1962,11.27,364.9,Express,No,59.09
PKG-1963,5.57,80.2,Estandar,No,21.73
PKG-1964,4.56,615.4,Estandar,No,64.17
PKG-1965,15.03,480.9,Mismo_Dia,Si,115.7
PKG-1966,11.85,296.0,Estandar,No,52.58
PKG-1967,1.16,371.9,Estandar,No,41.77
PKG-1968,24.74,443.9,Estandar,No,84.59
PKG-1969,21.1,554.2,Estandar,No,88.32
PKG-1970,23.93,603.5,Express,Si,119.13
PKG-1971,29.38,780.7,Express,No,134.11
PKG-1972,26.32,416.7,Mismo_Dia,Si,125.89
PKG-1973,14.15,775.0,Estandar,No,94.96
PKG-1974,3.56,485.6,Express,No,65.53
PKG-1975,,308.6,Estandar,Si,52.42
PKG-1976,22.22,750.0,Estandar,Si,116.59
PKG-1977,17.11,374.5,Express,No,82.1
PKG-1978,17.38,493.1,Estandar,Si,88.17
PKG-1979,2.1,617.1,Express,Si,82.72
PKG-1980,23.01,491.9,Estandar,No,84.48
PKG-1981,12.59,14.3,Mismo_Dia,No,61.54
PKG-1982,26.08,319.3,Express,No,86.95
PKG-1983,16.44,178.4,Estandar,No,53.7
PKG-1984,16.12,653.2,Estandar,Si,97.34
PKG-1985,22.75,492.3,Estandar,No,90.25
PKG-1986,11.73,171.4,Estandar,No,40.3
PKG-1987,16.01,429.6,Express,Si,100.52
PKG-1988,8.99,33.9,Mismo_Dia,No,52.04
PKG-1989,7.31,130.1,Estandar,No,31.02
PKG-1990,19.15,699.7,Mismo_Dia,No,130.25
PKG-1991,10.38,,Estandar,Si,94.96
PKG-1992,23.27,92.7,Mismo_Dia,No,83.35
PKG-1993,29.32,536.0,Express,No,117.5
PKG-1994,,164.7,Estandar,No,53.74
PKG-1995,9.44,720.8,Mismo_Dia,No,115.84
PKG-1996,4.6,683.4,Estandar,No,61.86
PKG-1997,23.03,609.7,Express,No,111.15
PKG-1998,15.87,,Express,No,90.78
PKG-1999,8.31,,Express,No,90.58
PKG-2000,22.32,706.8,Express,No,115.04
PKG-2001,3.83,563.3,Express,Si,80.75
PKG-2002,4.95,740.0,Estandar,No,78.12
PKG-2003,11.68,672.3,Mismo_Dia,Si,121.77
PKG-2004,25.42,568.4,Mismo_Dia,Si,139.04
PKG-2005,8.47,118.8,Mismo_Dia,No,64.31
PKG-2006,7.1,248.0,Estandar,No,39.5
PKG-2007,3.78,623.1,Estandar,No,53.7
PKG-2008,27.06,17.5,Express,No,64.29
PKG-2009,5.55,490.3,Estandar,Si,62.58
PKG-2010,12.59,464.1,Express,No,82.04
PKG-2011,9.67,649.9,Express,No,89.96
PKG-2012,8.29,,Mismo_Dia,No,61.37
PKG-2013,22.73,170.7,Express,Si,86.52
PKG-2014,1.02,776.4,Express,No,80.13
PKG-2015,25.88,243.1,Estandar,No,78.08
PKG-2016,14.34,27.5,Estandar,No,37.59
PKG-2017,19.72,731.9,Mismo_Dia,No,132.74
PKG-2018,29.41,436.0,Express,No,101.17
PKG-2019,27.88,685.8,Estandar,No,106.8
PKG-2020,24.51,115.3,Estandar,No,55.32
PKG-2021,20.62,700.5,Estandar,No,101.06
PKG-2022,21.79,484.4,Mismo_Dia,No,112.05
PKG-2023,26.03,16.0,Estandar,No,54.76
PKG-2024,21.81,251.9,Express,No,72.43
PKG-2025,,649.5,Express,No,123.79
PKG-2026,29.48,78.2,Express,Si,88.33
PKG-2027,,91.3,Estandar,No,42.32
PKG-2028,,213.4,Mismo_Dia,No,87.83
PKG-2029,,79.9,Estandar,No,22.63
PKG-2030,16.49,52.6,Mismo_Dia,No,65.45
PKG-2031,23.55,127.8,Express,No,67.11
PKG-2032,,671.7,Express,No,102.94
PKG-2033,29.53,285.6,Estandar,No,84.56
PKG-2034,24.08,326.7,Estandar,No,79.27
PKG-2035,26.08,440.8,Estandar,No,88.69
PKG-2036,3.76,88.1,Estandar,No,19.98
PKG-2037,29.12,721.8,Estandar,Si,127.91
PKG-2038,22.18,278.8,Express,No,76.23
PKG-2039,7.62,700.3,Express,No,89.33
PKG-2040,27.66,572.7,Mismo_Dia,No,129.88
PKG-2041,12.44,67.1,Estandar,Si,43.21
PKG-2042,24.67,633.1,Estandar,No,100.35
PKG-2043,,240.5,Express,No,73.37
PKG-2044,15.26,78.0,Express,Si,63.35
PKG-2045,13.01,259.0,Express,No,63.07
PKG-2046,26.62,256.7,Estandar,No,74.98
PKG-2047,7.67,551.6,Estandar,No,56.2
PKG-2048,15.3,396.5,Estandar,Si,71.66
PKG-2049,8.69,796.5,Express,No,95.19
PKG-2050,19.3,319.4,Estandar,No,60.83
PKG-2051,28.74,88.1,Estandar,No,64.33
PKG-2052,6.66,156.1,Estandar,No,29.55
PKG-2053,22.94,450.5,Mismo_Dia,Si,125.64
PKG-2054,3.82,514.7,Estandar,No,49.17
PKG-2055,21.09,478.4,Estandar,No,84.9
PKG-2056,,102.2,Mismo_Dia,No,70.46
PKG-2057,11.66,380.5,Estandar,No,52.29
PKG-2058,27.07,403.8,Mismo_Dia,No,115.63
PKG-2059,9.85,111.2,Express,Si,51.04
PKG-2060,27.96,279.9,Mismo_Dia,No,104.74
PKG-2061,27.64,53.5,Mismo_Dia,No,91.03
PKG-2062,8.23,527.3,Mismo_Dia,No,91.32
PKG-2063,13.95,651.9,Estandar,No,85.24
PKG-2064,21.94,212.5,Estandar,No,56.31
PKG-2065,27.72,276.2,Estandar,No,77.47
PKG-2066,1.33,50.6,Mismo_Dia,No,38.55
PKG-2067,1.08,520.6,Mismo_Dia,Si,94.81
PKG-2068,8.57,461.5,Estandar,No,60.35
PKG-2069,2.38,424.6,Estandar,Si,51.81
PKG-2070,8.13,434.7,Estandar,No,56.74
PKG-2071,17.93,373.6,Express,Si,89.42
PKG-2072,13.16,180.2,Estandar,No,45.01
PKG-2073,7.26,112.4,Mismo_Dia,No,62.05
PKG-2074,3.43,548.6,Estandar,Si,65.79
PKG-2075,1.11,60.0,Mismo_Dia,No,41.98
PKG-2076,16.53,59.4,Mismo_Dia,No,78.14
PKG-2077,10.56,437.5,Express,No,77.15
PKG-2078,12.32,250.9,Express,No,62.33
PKG-2079,16.1,329.6,Estandar,No,60.23
PKG-2080,6.15,339.5,Estandar,No,43.58
PKG-2081,4.95,563.6,Express,No,67.03
PKG-2082,6.71,235.5,Mismo_Dia,No,62.23
PKG-2083,7.18,465.1,Estandar,No,54.9
PKG-2084,3.47,426.7,Mismo_Dia,No,77.51
PKG-2085,2.06,686.7,Express,No,73.13
PKG-2086,7.65,69.9,Mismo_Dia,Si,71.58
PKG-2087,4.16,349.6,Mismo_Dia,No,66.72
PKG-2088,14.77,78.0,Express,Si,66.09
PKG-2089,19.12,113.1,Estandar,No,50.66
PKG-2090,16.62,134.7,Estandar,No,45.17
PKG-2091,21.16,557.2,Express,Si,111.28
PKG-2092,23.82,224.4,Estandar,No,65.4
PKG-2093,28.33,251.9,Estandar,No,78.06
PKG-2094,11.24,36.8,Mismo_Dia,No,56.09
PKG-2095,16.4,211.5,Estandar,No,52.88
PKG-2096,20.58,51.1,Estandar,No,44.14
PKG-2097,1.58,459.9,Express,No,52.91
PKG-2098,26.29,649.4,Mismo_Dia,Si,147.5
PKG-2099,24.29,626.2,Estandar,No,101.44
PKG-2100,9.32,157.5,Express,No,46.0
PKG-2101,2.27,578.2,Express,No,64.48
PKG-2102,3.11,584.3,Express,No,70.33
PKG-2103,8.82,582.1,Express,No,81.28
PKG-2104,4.19,507.6,Express,Si,79.73
PKG-2105,25.95,627.1,Estandar,No,99.02
PKG-2106,1.58,35.6,Estandar,No,6.71
PKG-2107,19.21,537.3,Estandar,Si,97.11
PKG-2108,20.6,628.1,Estandar,No,92.06
PKG-2109,24.35,259.8,Estandar,Si,83.73
PKG-2110,25.29,132.1,Mismo_Dia,No,88.04
PKG-2111,25.6,521.3,Estandar,Si,99.91
PKG-2112,17.19,782.7,Express,No,116.76
PKG-2113,8.87,446.9,Estandar,No,59.77
PKG-2114,5.41,245.1,Express,No,45.51
PKG-2115,,500.7,Express,No,93.31
PKG-2116,1.95,725.1,Mismo_Dia,Si,109.75
PKG-2117,9.95,404.1,Express,No,70.85
PKG-2118,29.51,164.9,Estandar,No,67.46
PKG-2119,0.78,577.5,Estandar,No,47.93
PKG-2120,6.87,,Estandar,No,35.51
PKG-2121,21.54,241.1,Estandar,No,56.11
PKG-2122,22.08,,Express,Si,107.71
PKG-2123,4.39,465.0,Estandar,No,43.99
PKG-2124,17.31,,Express,Si,121.1
PKG-2125,28.32,,Estandar,Si,89.22
PKG-2126,3.61,508.0,Mismo_Dia,No,84.43
PKG-2127,12.19,524.4,Express,No,79.03
PKG-2128,21.21,721.7,Estandar,No,101.92
PKG-2129,20.39,540.2,Express,Si,108.01
PKG-2130,19.83,636.9,Express,Si,117.8
PKG-2131,8.33,64.9,Estandar,No,28.27
PKG-2132,29.25,695.5,Mismo_Dia,No,139.85
PKG-2133,3.34,571.7,Estandar,No,62.39
PKG-2134,28.92,310.3,Estandar,No,76.74
PKG-2135,,204.2,Estandar,No,34.51
PKG-2136,,10.2,Mismo_Dia,No,56.08
PKG-2137,,306.8,Estandar,Si,50.19
PKG-2138,18.76,345.7,Express,No,82.86
PKG-2139,7.39,39.4,Express,No,33.62
PKG-2140,6.99,539.4,Mismo_Dia,No,97.55
PKG-2141,19.27,73.6,Estandar,No,47.3
PKG-2142,10.04,195.6,Mismo_Dia,No,68.16
PKG-2143,24.26,156.1,Estandar,No,66.05
PKG-2144,21.94,94.6,Express,Si,75.96
PKG-2145,22.63,251.6,Express,No,86.79
PKG-2146,26.12,477.5,Estandar,No,94.63
PKG-2147,29.12,573.9,Estandar,Si,111.26
PKG-2148,9.54,545.3,Estandar,Si,78.72
PKG-2149,25.12,714.2,Mismo_Dia,No,142.41
PKG-2150,24.56,30.1,Mismo_Dia,No,82.55
PKG-2151,15.18,296.6,Express,No,71.11
PKG-2152,4.12,400.5,Estandar,No,47.36
PKG-2153,6.04,720.4,Estandar,Si,84.42
PKG-2154,10.59,613.2,Estandar,No,70.01
PKG-2155,29.87,118.1,Express,No,79.2
PKG-2156,29.49,122.4,Estandar,No,72.1
PKG-2157,16.41,322.2,Express,Si,91.27
PKG-2158,24.74,173.4,Express,No,77.5
PKG-2159,26.3,663.1,Estandar,No,109.01
PKG-2160,8.97,586.4,Express,No,83.7
PKG-2161,24.54,711.7,Estandar,No,106.17
PKG-2162,,32.7,Mismo_Dia,No,62.87
PKG-2163,18.17,20.6,Express,No,55.88
PKG-2164,4.07,160.1,Estandar,Si,38.23
PKG-2165,29.19,697.7,Estandar,No,117.29
PKG-2166,20.73,244.2,Estandar,No,65.22
PKG-2167,8.69,,Estandar,No,82.71
PKG-2168,25.19,44.3,Estandar,No,53.14
PKG-2169,9.93,428.3,Estandar,No,53.97
PKG-2170,7.49,278.8,Express,No,55.13
PKG-2171,20.08,247.8,Estandar,No,56.09
PKG-2172,27.31,72.5,Estandar,No,57.15
PKG-2173,2.34,239.8,Mismo_Dia,No,55.62
PKG-2174,15.81,333.9,Estandar,No,65.84
PKG-2175,3.21,,Mismo_Dia,Si,109.94
PKG-2176,10.07,447.8,Express,No,74.96
PKG-2177,9.36,143.7,Estandar,Si,44.9
PKG-2178,,644.3,Express,Si,110.36
PKG-2179,8.98,570.4,Express,Si,90.09
PKG-2180,6.83,83.1,Express,No,34.76
PKG-2181,13.09,440.6,Mismo_Dia,No,99.54
PKG-2182,23.56,62.4,Mismo_Dia,No,90.52
PKG-2183,18.12,177.3,Estandar,No,54.33
PKG-2184,25.98,141.3,Express,No,74.95
PKG-2185,24.4,610.0,Estandar,No,98.28
PKG-2186,8.63,684.7,Express,No,84.58
PKG-2187,23.16,685.4,Estandar,Si,113.18
PKG-2188,13.76,317.2,Express,No,62.71
PKG-2189,13.17,637.7,Estandar,No,81.08
PKG-2190,2.46,354.8,Express,No,52.88
PKG-2191,0.83,616.8,Express,No,66.87
PKG-2192,27.79,572.4,Estandar,No,91.96
PKG-2193,,586.5,Express,Si,99.12
PKG-2194,23.47,104.2,Estandar,No,59.71
PKG-2195,29.26,30.0,Estandar,No,62.65
PKG-2196,13.18,473.9,Express,No,85.59
PKG-2197,21.01,258.4,Express,No,77.57
PKG-2198,3.13,560.4,Express,No,68.77
PKG-2199,8.28,314.0,Estandar,No,43.55
PKG-2200,29.49,219.8,Express,No,90.05
PKG-2201,12.04,745.0,Estandar,Si,97.48
PKG-2202,11.58,183.6,Express,No,57.44
PKG-2203,16.94,379.5,Estandar,No,62.18
PKG-2204,9.48,377.2,Express,Si,78.03
PKG-2205,5.31,486.5,Estandar,Si,70.41
PKG-2206,26.14,557.9,Express,No,109.57
PKG-2207,17.08,349.7,Estandar,No,66.42
PKG-2208,21.52,356.1,Estandar,No,79.26
PKG-2209,19.16,,Express,No,80.96
PKG-2210,8.68,116.4,Express,No,42.48
PKG-2211,,389.2,Estandar,No,65.25
PKG-2212,9.61,743.3,Estandar,No,78.45
PKG-2213,,664.9,Estandar,No,105.15
PKG-2214,6.54,102.1,Express,Si,54.58
PKG-2215,18.52,90.7,Estandar,No,39.01
PKG-2216,2.98,434.0,Estandar,No,44.97
PKG-2217,16.08,746.1,Express,Si,119.93
PKG-2218,25.74,746.9,Estandar,Si,118.14
PKG-2219,1.04,201.9,Estandar,Si,37.84
PKG-2220,10.34,497.5,Mismo_Dia,No,88.54
PKG-2221,5.76,468.7,Estandar,No,48.78
PKG-2222,11.02,411.5,Mismo_Dia,No,89.66
PKG-2223,4.86,661.8,Estandar,No,65.66
PKG-2224,6.59,267.8,Express,Si,60.75
PKG-2225,3.2,525.3,Estandar,No,52.53
PKG-2226,9.32,508.6,Express,Si,87.21
PKG-2227,3.26,192.3,Mismo_Dia,Si,64.11
PKG-2228,1.76,,Estandar,Si,66.75
PKG-2229,,732.3,Express,No,111.37
PKG-2230,27.92,770.3,Mismo_Dia,Si,159.49
PKG-2231,11.57,629.2,Mismo_Dia,No,103.66
PKG-2232,4.47,238.0,Estandar,No,30.77
PKG-2233,2.65,516.3,Estandar,Si,57.7
PKG-2234,29.78,374.0,Mismo_Dia,Si,128.86
PKG-2235,,786.1,Estandar,No,110.64
PKG-2236,9.25,750.4,Express,Si,105.95
PKG-2237,5.2,780.2,Estandar,No,69.07
PKG-2238,28.22,250.2,Mismo_Dia,No,102.71
PKG-2239,18.83,226.8,Express,No,65.3
PKG-2240,15.85,375.4,Express,No,82.59
PKG-2241,4.23,167.9,Express,No,43.97
PKG-2242,29.64,593.7,Mismo_Dia,No,135.52
PKG-2243,,120.3,Estandar,Si,33.06
PKG-2244,12.73,217.8,Estandar,Si,52.78
PKG-2245,24.51,671.1,Express,No,114.24
PKG-2246,26.95,248.5,Estandar,No,77.68
PKG-2247,22.54,95.2,Express,Si,74.07
PKG-2248,2.08,,Estandar,No,58.75
PKG-2249,28.74,467.5,Express,No,112.56
PKG-2250,6.98,407.2,Mismo_Dia,No,84.84
PKG-2251,21.03,454.7,Estandar,Si,91.62
PKG-2252,11.38,483.2,Express,Si,87.81
PKG-2253,2.69,753.4,Express,No,89.55
PKG-2254,12.04,,Express,No,73.87
PKG-2255,17.94,,Mismo_Dia,No,96.13
PKG-2256,17.41,439.2,Estandar,No,69.57
PKG-2257,2.0,396.1,Estandar,No,39.02
PKG-2258,29.15,142.6,Estandar,No,69.15
PKG-2259,25.41,786.7,Express,No,127.15
PKG-2260,27.18,525.2,Express,Si,128.64
PKG-2261,2.17,276.4,Estandar,No,29.35
PKG-2262,10.42,688.1,Estandar,No,82.29
PKG-2263,26.43,669.7,Mismo_Dia,No,139.45
PKG-2264,6.63,112.5,Estandar,No,26.77
PKG-2265,15.85,450.9,Express,Si,99.03
PKG-2266,21.95,782.6,Estandar,No,116.44
PKG-2267,22.49,335.0,Express,No,86.25
PKG-2268,3.65,263.4,Estandar,No,29.08
PKG-2269,,249.1,Express,No,42.76
PKG-2270,17.22,178.1,Estandar,No,47.74
PKG-2271,18.56,74.9,Mismo_Dia,Si,81.76
PKG-2272,15.72,460.1,Estandar,Si,83.62
PKG-2273,2.24,94.3,Express,No,31.37
PKG-2274,15.26,690.1,Mismo_Dia,No,121.57
PKG-2275,4.68,538.0,Estandar,No,55.52
PKG-2276,2.74,785.9,Mismo_Dia,No,104.8
PKG-2277,11.49,476.9,Estandar,No,69.33
PKG-2278,11.61,43.7,Estandar,No,35.45
PKG-2279,17.97,689.5,Estandar,No,91.8
PKG-2280,18.58,333.5,Express,No,74.09
PKG-2281,9.67,420.5,Estandar,No,51.7
PKG-2282,10.38,263.9,Estandar,No,40.87
PKG-2283,,79.2,Mismo_Dia,No,51.92
PKG-2284,17.33,530.2,Mismo_Dia,No,105.79
PKG-2285,24.07,580.6,Mismo_Dia,No,125.43
PKG-2286,8.51,570.7,Estandar,Si,77.91
PKG-2287,7.89,776.8,Express,No,92.2
PKG-2288,9.98,205.9,Estandar,No,36.46
PKG-2289,20.0,,Estandar,No,82.82
PKG-2290,18.4,596.1,Estandar,No,83.95
PKG-2291,3.44,347.6,Express,No,56.73
PKG-2292,9.42,52.4,Express,No,30.45
PKG-2293,18.4,288.2,Estandar,No,56.59
PKG-2294,27.58,101.6,Estandar,No,60.4
PKG-2295,12.71,137.4,Estandar,No,36.52
PKG-2296,11.94,299.5,Express,No,58.01
PKG-2297,2.66,398.8,Estandar,No,43.34
PKG-2298,11.79,211.7,Express,No,59.24
PKG-2299,23.6,54.6,Estandar,No,46.24
PKG-2300,14.02,124.3,Estandar,No,41.46
PKG-2301,7.72,788.7,Express,No,90.09
PKG-2302,1.9,133.3,Express,No,36.0
PKG-2303,9.35,491.9,Express,No,70.96
PKG-2304,15.51,249.7,Mismo_Dia,No,85.51
PKG-2305,10.04,504.1,Estandar,No,62.36
PKG-2306,9.19,305.0,Express,Si,68.28
PKG-2307,0.97,743.1,Estandar,No,67.12
PKG-2308,1.62,71.3,Estandar,No,15.54
PKG-2309,24.53,269.3,Estandar,Si,79.22
PKG-2310,26.53,332.5,Express,No,93.16
PKG-2311,24.04,248.4,Express,No,80.45
PKG-2312,17.81,131.0,Estandar,No,50.96
PKG-2313,13.26,391.7,Estandar,Si,64.39
PKG-2314,16.97,667.0,Express,No,107.15
PKG-2315,,646.5,Estandar,No,78.31
PKG-2316,22.01,575.1,Estandar,No,91.0
PKG-2317,7.86,521.9,Express,Si,87.18
PKG-2318,3.66,293.1,Express,No,46.07
PKG-2319,15.51,679.9,Express,No,95.97
PKG-2320,23.12,609.6,Estandar,No,95.48
PKG-2321,0.69,42.2,Estandar,No,9.67
PKG-2322,20.12,533.5,Estandar,No,89.95
PKG-2323,8.21,787.2,Estandar,No,82.67
PKG-2324,7.08,798.9,Express,No,99.16
PKG-2325,13.92,776.9,Estandar,No,89.05
PKG-2326,5.18,137.8,Mismo_Dia,Si,68.85
PKG-2327,29.3,409.0,Mismo_Dia,Si,138.22
PKG-2328,12.52,587.8,Express,No,85.15
PKG-2329,6.6,348.7,Estandar,No,46.91
PKG-2330,12.53,,Mismo_Dia,No,85.29
PKG-2331,24.43,246.2,Estandar,No,65.84
PKG-2332,16.25,778.6,Mismo_Dia,No,130.8
PKG-2333,12.63,235.5,Estandar,No,43.43
PKG-2334,21.48,300.3,Express,No,84.17
PKG-2335,7.79,119.1,Express,No,47.1
PKG-2336,,194.0,Express,No,72.03
PKG-2337,,16.0,Express,Si,40.49
PKG-2338,17.37,541.5,Express,No,99.25
PKG-2339,20.69,711.5,Express,No,115.69
PKG-2340,15.34,566.0,Mismo_Dia,No,107.26
PKG-2341,14.69,25.7,Express,No,39.37
PKG-2342,2.44,618.1,Express,No,67.46
PKG-2343,11.89,294.4,Mismo_Dia,No,78.17
PKG-2344,13.72,350.9,Estandar,No,62.05
PKG-2345,29.01,182.8,Estandar,No,74.01
PKG-2346,16.74,639.9,Express,No,91.96
PKG-2347,3.71,482.5,Express,Si,73.86
PKG-2348,28.46,514.2,Estandar,Si,109.41
PKG-2349,8.93,490.8,Estandar,No,63.47
PKG-2350,29.9,689.5,Express,No,122.74
PKG-2351,6.32,192.2,Estandar,No,29.93
PKG-2352,22.04,474.4,Mismo_Dia,No,112.02
PKG-2353,16.09,596.8,Express,No,97.13
PKG-2354,10.77,201.6,Express,Si,63.46
PKG-2355,15.49,563.3,Estandar,Si,91.59
PKG-2356,17.33,65.1,Estandar,No,42.48
PKG-2357,0.81,568.5,Estandar,No,52.23
PKG-2358,7.81,748.2,Express,No,92.79
PKG-2359,14.47,73.2,Express,No,53.29
PKG-2360,12.07,,Express,Si,79.76
PKG-2361,20.93,459.7,Estandar,Si,89.19
PKG-2362,27.56,611.1,Express,No,118.68
PKG-2363,6.65,325.4,Estandar,No,43.49
PKG-2364,18.64,302.6,Express,Si,87.27
PKG-2365,,283.1,Estandar,No,58.46
PKG-2366,18.31,744.6,Estandar,No,95.98
PKG-2367,27.14,552.0,Estandar,No,94.22
PKG-2368,24.66,106.3,Express,No,75.1
PKG-2369,15.5,399.3,Estandar,Si,78.51
PKG-2370,27.5,279.6,Estandar,Si,84.96
PKG-2371,28.56,374.1,Express,No,101.91
PKG-2372,9.46,264.8,Estandar,No,47.48
PKG-2373,14.24,651.1,Express,Si,114.7
PKG-2374,18.29,261.0,Mismo_Dia,No,96.58
PKG-2375,21.44,623.6,Estandar,Si,108.53
PKG-2376,29.59,286.2,Estandar,No,78.68
PKG-2377,14.23,468.2,Express,No,82.65
PKG-2378,28.64,68.2,Express,No,73.24
PKG-2379,24.0,379.4,Estandar,Si,87.83
PKG-2380,5.68,222.5,Estandar,No,29.55
PKG-2381,4.63,568.9,Mismo_Dia,No,87.5
PKG-2382,3.78,525.7,Express,Si,85.95
PKG-2383,9.6,83.5,Express,No,41.23
PKG-2384,18.38,62.6,Express,No,50.36
PKG-2385,25.16,414.2,Estandar,No,83.34
PKG-2386,8.55,491.3,Express,Si,80.9
PKG-2387,26.22,374.4,Estandar,No,82.0
PKG-2388,21.11,328.1,Mismo_Dia,No,96.96
PKG-2389,18.47,285.9,Express,No,67.51
PKG-2390,15.39,627.5,Express,Si,106.81
PKG-2391,7.26,459.7,Estandar,No,52.34
PKG-2392,26.74,543.2,Express,Si,124.31
PKG-2393,19.09,52.6,Estandar,No,38.31
PKG-2394,16.84,426.1,Express,No,90.99
PKG-2395,,173.4,Express,No,46.62
PKG-2396,22.15,272.9,Estandar,No,67.32
PKG-2397,23.86,788.3,Estandar,No,109.73
PKG-2398,14.48,106.6,Estandar,Si,51.05
PKG-2399,23.63,305.9,Estandar,No,76.4
PKG-2400,24.99,517.5,Estandar,No,87.66
PKG-2401,13.2,511.5,Express,No,83.87
PKG-2402,14.24,431.8,Express,Si,96.31
PKG-2403,21.56,346.9,Mismo_Dia,No,98.94
PKG-2404,14.21,619.0,Express,No,96.68
PKG-2405,15.86,734.1,Estandar,No,90.57
PKG-2406,22.22,398.4,Estandar,Si,90.97
PKG-2407,9.36,469.4,Estandar,Si,73.41
PKG-2408,6.12,578.1,Express,No,72.02
PKG-2409,19.1,542.8,Estandar,No,92.1
PKG-2410,16.63,329.9,Estandar,No,55.46
PKG-2411,,393.5,Estandar,No,48.45
PKG-2412,2.8,603.7,Estandar,No,58.42
PKG-2413,27.24,637.9,Express,No,112.1
PKG-2414,15.09,732.7,Estandar,No,92.13
PKG-2415,14.26,625.8,Express,No,94.33
PKG-2416,27.08,598.4,Express,No,114.36
PKG-2417,19.94,676.7,Estandar,Si,106.73
PKG-2418,18.81,644.3,Estandar,Si,99.61
PKG-2419,23.36,548.3,Express,No,106.81
PKG-2420,10.7,697.6,Estandar,No,71.36
PKG-2421,4.33,55.8,Estandar,Si,33.76
PKG-2422,4.3,500.2,Estandar,No,54.59
PKG-2423,11.09,49.8,Estandar,No,31.6
PKG-2424,23.14,84.6,Express,No,69.34
PKG-2425,15.89,513.0,Estandar,No,76.94
PKG-2426,21.35,639.6,Express,No,104.57
PKG-2427,26.06,420.4,Estandar,No,83.53
PKG-2428,12.94,638.8,Mismo_Dia,No,108.59
PKG-2429,28.96,761.5,Express,No,134.49
PKG-2430,21.4,31.6,Estandar,No,46.81
PKG-2431,,132.0,Estandar,No,42.05
PKG-2432,27.09,65.6,Estandar,Si,73.37
PKG-2433,28.95,495.1,Estandar,No,99.18
PKG-2434,10.44,453.0,Express,No,72.96
PKG-2435,16.52,44.3,Mismo_Dia,No,67.27
PKG-2436,2.7,31.2,Estandar,Si,24.23
PKG-2437,1.64,334.2,Estandar,No,33.33
PKG-2438,5.86,132.9,Estandar,No,26.06
PKG-2439,14.43,744.4,Estandar,Si,102.88
PKG-2440,19.57,155.1,Mismo_Dia,No,71.89
PKG-2441,24.37,274.5,Express,Si,100.16
PKG-2442,,534.0,Estandar,No,71.38
PKG-2443,24.95,687.8,Mismo_Dia,No,132.24
PKG-2444,,85.5,Express,No,61.26
PKG-2445,,641.4,Estandar,No,52.88
PKG-2446,7.97,28.6,Estandar,No,26.67
PKG-2447,5.46,208.5,Express,No,50.11
PKG-2448,20.1,682.9,Mismo_Dia,No,130.64
PKG-2449,28.72,489.3,Express,No,117.01
PKG-2450,29.08,420.5,Express,No,103.89
PKG-2451,26.86,163.5,Estandar,No,65.39
PKG-2452,2.86,350.4,Estandar,No,28.73
PKG-2453,21.57,175.6,Estandar,No,60.09
PKG-2454,13.61,687.6,Estandar,No,84.1
PKG-2455,3.12,405.3,Express,No,56.81
PKG-2456,28.82,633.2,Express,No,118.94
PKG-2457,25.95,433.2,Estandar,No,86.67
PKG-2458,7.62,176.0,Express,No,44.35
PKG-2459,23.61,629.7,Express,Si,126.26
PKG-2460,11.59,316.5,Estandar,Si,62.02
PKG-2461,5.7,127.9,Estandar,Si,38.33
PKG-2462,15.39,144.2,Express,No,58.23
PKG-2463,2.18,654.9,Estandar,No,63.23
PKG-2464,8.67,553.4,Express,No,81.4
PKG-2465,4.46,649.5,Estandar,No,60.72
PKG-2466,21.55,225.0,Express,No,75.35
PKG-2467,0.72,569.7,Estandar,No,50.97
PKG-2468,11.23,786.3,Express,No,102.61
PKG-2469,29.2,,Estandar,No,82.49
PKG-2470,1.94,689.4,Mismo_Dia,No,91.96
PKG-2471,,500.3,Mismo_Dia,No,105.58
PKG-2472,26.36,400.1,Estandar,No,89.76
PKG-2473,29.86,219.3,Express,No,90.18
PKG-2474,11.32,672.9,Mismo_Dia,Si,120.68
PKG-2475,,,Estandar,Si,50.87
PKG-2476,9.02,640.5,Mismo_Dia,Si,117.45
PKG-2477,10.68,338.2,Estandar,Si,61.8
PKG-2478,18.8,332.3,Estandar,Si,76.3
PKG-2479,19.68,215.8,Estandar,No,54.57
PKG-2480,20.65,40.7,Express,Si,68.91
PKG-2481,1.16,101.3,Express,No,22.82
PKG-2482,8.43,680.8,Express,Si,99.2
PKG-2483,7.01,,Estandar,No,61.72
PKG-2484,16.6,188.7,Express,No,56.69
PKG-2485,19.29,716.0,Mismo_Dia,No,130.79
PKG-2486,24.0,331.7,Estandar,Si,87.32
PKG-2487,6.51,410.2,Express,No,67.36
PKG-2488,21.0,661.8,Mismo_Dia,No,129.04
PKG-2489,28.64,745.2,Estandar,No,121.61
PKG-2490,20.6,564.0,Estandar,Si,100.36
PKG-2491,6.31,745.4,Express,No,88.02
PKG-2492,5.03,454.7,Express,No,64.9
PKG-2493,9.27,630.1,Estandar,No,73.06
PKG-2494,10.65,549.6,Express,Si,93.31
PKG-2495,24.13,451.8,Estandar,Si,94.14
PKG-2496,28.0,289.3,Estandar,No,75.54
PKG-2497,23.86,748.1,Estandar,Si,120.03
PKG-2498,9.21,417.9,Express,No,74.92
PKG-2499,1.61,49.1,Estandar,No,7.65
PKG-2500,20.63,680.9,Express,No,106.4
PKG-2501,3.91,647.4,Mismo_Dia,No,91.66
PKG-2502,2.97,,Estandar,No,60.87
PKG-2503,30.0,349.1,Express,No,102.8
PKG-2504,15.97,230.4,Estandar,No,52.2
PKG-2505,2.81,255.8,Express,No,36.73
PKG-2506,9.54,39.8,Estandar,Si,37.48
PKG-2507,1.69,727.5,Mismo_Dia,Si,106.19
PKG-2508,10.64,292.4,Estandar,No,49.62
PKG-2509,9.32,153.6,Mismo_Dia,Si,76.93
PKG-2510,6.3,544.7,Estandar,No,58.37
PKG-2511,21.0,244.1,Estandar,Si,80.46
PKG-2512,15.63,177.2,Estandar,No,52.62
PKG-2513,5.52,31.9,Express,No,34.55
PKG-2514,24.22,613.9,Express,No,111.55
PKG-2515,16.89,610.8,Express,No,100.06
PKG-2516,11.08,440.3,Estandar,No,65.83
PKG-2517,27.16,504.2,Estandar,Si,109.97
PKG-2518,19.17,633.6,Estandar,No,90.03
PKG-2519,27.29,411.3,Estandar,No,88.99
PKG-2520,1.36,194.3,Express,Si,50.54
PKG-2521,28.2,92.3,Express,No,82.84
PKG-2522,11.67,40.5,Express,No,42.03
PKG-2523,6.8,470.8,Mismo_Dia,No,83.67
PKG-2524,22.89,404.3,Estandar,No,79.02
PKG-2525,19.17,447.5,Express,Si,103.12
PKG-2526,6.67,306.2,Estandar,No,44.9
PKG-2527,11.15,788.9,Mismo_Dia,No,116.91
PKG-2528,5.8,751.5,Express,No,89.45
PKG-2529,27.1,219.2,Estandar,No,69.95
PKG-2530,1.7,271.3,Mismo_Dia,No,57.53
PKG-2531,9.31,685.8,Estandar,No,78.67
PKG-2532,11.06,418.6,Express,No,70.74
PKG-2533,22.06,423.5,Express,Si,102.25
PKG-2534,8.42,509.2,Mismo_Dia,Si,101.26
PKG-2535,11.28,799.2,Mismo_Dia,Si,129.78
PKG-2536,7.78,723.7,Mismo_Dia,Si,115.54
PKG-2537,18.81,404.9,Express,No,85.34
PKG-2538,29.11,665.5,Express,No,125.24
PKG-2539,9.71,416.6,Express,Si,80.14
PKG-2540,10.11,166.4,Estandar,No,35.85
PKG-2541,4.93,517.1,Estandar,No,51.31
PKG-2542,8.31,187.2,Estandar,Si,43.43
PKG-2543,17.54,678.3,Estandar,No,93.33
PKG-2544,8.95,587.7,Express,No,81.67
PKG-2545,,750.4,Express,Si,113.29
PKG-2546,21.91,448.6,Mismo_Dia,No,111.24
PKG-2547,11.2,321.1,Estandar,No,55.27
PKG-2548,7.27,84.4,Express,Si,46.77
PKG-2549,18.47,254.0,Estandar,Si,64.68
PKG-2550,9.26,52.7,Estandar,No,24.06
PKG-2551,3.01,226.8,Mismo_Dia,No,57.89
PKG-2552,0.83,93.8,Express,No,24.41
PKG-2553,4.92,726.8,Express,No,90.31
PKG-2554,24.77,17.0,Estandar,No,46.59
PKG-2555,27.68,619.2,Estandar,No,102.41
PKG-2556,22.99,635.8,Estandar,Si,112.67
PKG-2557,,741.2,Estandar,Si,84.14
PKG-2558,14.97,281.0,Estandar,No,50.61
PKG-2559,12.48,315.7,Express,No,68.54
PKG-2560,27.69,758.8,Mismo_Dia,No,143.18
PKG-2561,25.69,574.3,Estandar,No,101.08
PKG-2562,13.51,499.6,Mismo_Dia,No,101.52
PKG-2563,22.47,510.2,Express,Si,109.76
PKG-2564,2.85,693.7,Express,Si,86.92
PKG-2565,12.88,161.8,Express,No,52.87
PKG-2566,27.27,554.7,Express,No,116.38
PKG-2567,27.74,83.7,Express,No,74.72
PKG-2568,6.67,430.6,Estandar,No,54.05
PKG-2569,14.89,79.6,Estandar,No,38.33
PKG-2570,29.33,763.3,Express,No,132.95
PKG-2571,18.13,481.4,Mismo_Dia,No,101.79
PKG-2572,14.54,682.6,Express,No,101.4
PKG-2573,9.56,316.0,Express,No,62.58
PKG-2574,22.55,79.7,Mismo_Dia,No,78.54
PKG-2575,18.81,701.6,Estandar,No,94.06
PKG-2576,24.26,63.8,Estandar,No,54.4
PKG-2577,14.0,188.5,Estandar,No,43.76
PKG-2578,2.62,367.8,Estandar,No,33.65
PKG-2579,3.67,162.1,Express,No,37.39
PKG-2580,3.16,299.8,Express,No,47.61
PKG-2581,2.3,798.0,Estandar,No,76.35
PKG-2582,8.33,565.4,Estandar,No,67.72
PKG-2583,11.29,40.5,Estandar,Si,39.31
PKG-2584,21.93,599.6,Express,No,104.63
PKG-2585,5.37,117.1,Express,No,39.37
PKG-2586,17.47,24.6,Express,Si,63.13
PKG-2587,26.53,779.1,Estandar,No,116.36
PKG-2588,17.78,439.0,Estandar,No,68.97
PKG-2589,28.07,493.6,Express,Si,117.67
PKG-2590,,45.7,Express,No,38.59
PKG-2591,19.52,375.2,Express,No,85.78
PKG-2592,20.55,263.5,Estandar,No,67.31
PKG-2593,25.19,,Express,No,117.88
PKG-2594,29.6,362.3,Estandar,No,85.63
PKG-2595,9.38,72.2,Express,No,46.32
PKG-2596,23.75,153.0,Estandar,Si,75.16
PKG-2597,17.62,45.0,Mismo_Dia,No,67.95
PKG-2598,13.07,322.6,Mismo_Dia,No,84.68
PKG-2599,2.55,759.7,Express,Si,98.96
PKG-2600,5.95,,Estandar,No,70.18
PKG-2601,4.87,278.3,Mismo_Dia,No,61.34
PKG-2602,17.27,573.8,Mismo_Dia,No,114.04
PKG-2603,7.3,134.6,Express,No,45.46
PKG-2604,24.82,328.1,Express,No,87.37
PKG-2605,7.39,168.4,Express,No,42.93
PKG-2606,1.24,274.4,Express,Si,48.75
PKG-2607,20.48,325.3,Estandar,No,64.52
PKG-2608,24.98,175.7,Express,No,71.81
PKG-2609,26.68,372.7,Estandar,No,84.1
PKG-2610,20.16,514.5,Estandar,Si,87.73
PKG-2611,27.13,556.2,Express,Si,122.15
PKG-2612,6.41,627.9,Express,No,79.48
PKG-2613,0.86,600.9,Express,No,70.97
PKG-2614,20.58,278.5,Express,No,79.98
PKG-2615,5.96,749.9,Estandar,No,71.09
PKG-2616,21.27,212.7,Estandar,No,64.95
PKG-2617,5.68,296.3,Estandar,No,38.63
PKG-2618,4.25,582.4,Express,Si,82.1
PKG-2619,6.66,100.7,Express,No,42.8
PKG-2620,28.97,114.7,Estandar,No,67.87
PKG-2621,25.62,210.8,Express,No,85.36
PKG-2622,24.84,241.1,Estandar,No,67.44
PKG-2623,27.84,,Express,Si,83.81
PKG-2624,7.42,382.7,Estandar,No,45.92
PKG-2625,14.52,681.5,Express,No,99.69
PKG-2626,17.97,67.0,Express,Si,73.62
PKG-2627,12.12,494.8,Estandar,No,64.82
PKG-2628,17.52,220.7,Mismo_Dia,Si,92.92
PKG-2629,18.65,123.7,Mismo_Dia,Si,87.36
PKG-2630,17.18,611.2,Estandar,No,88.79
PKG-2631,7.98,332.2,Express,Si,80.11
PKG-2632,12.65,329.7,Estandar,No,52.74
PKG-2633,20.42,,Express,No,88.16
PKG-2634,15.04,105.7,Mismo_Dia,No,69.36
PKG-2635,15.92,71.0,Express,Si,65.95
PKG-2636,29.33,786.1,Express,No,136.71
PKG-2637,25.69,713.5,Express,No,120.78
PKG-2638,25.35,229.4,Express,Si,94.72
PKG-2639,23.95,672.0,Estandar,Si,117.22
PKG-2640,12.53,740.0,Express,No,98.99
PKG-2641,12.04,672.1,Estandar,No,78.95
PKG-2642,0.93,144.6,Estandar,No,17.82
PKG-2643,27.92,669.8,Express,No,128.3
PKG-2644,27.41,514.0,Estandar,Si,106.78
PKG-2645,3.2,456.6,Mismo_Dia,No,81.44
PKG-2646,24.56,630.6,Estandar,No,99.76
PKG-2647,13.71,623.4,Estandar,No,79.61
PKG-2648,,698.5,Estandar,No,80.98
PKG-2649,19.5,451.2,Mismo_Dia,No,106.92
PKG-2650,29.53,767.8,Estandar,Si,134.67
PKG-2651,12.63,641.5,Express,No,87.56
PKG-2652,5.75,138.1,Estandar,No,25.11
PKG-2653,0.58,63.5,Estandar,No,8.37
PKG-2654,29.22,655.9,Express,No,121.68
PKG-2655,8.99,32.4,Express,No,39.64
PKG-2656,11.84,308.6,Estandar,No,49.28
PKG-2657,4.83,308.7,Estandar,No,35.09
PKG-2658,2.58,266.7,Mismo_Dia,No,63.27
PKG-2659,24.77,174.7,Estandar,No,64.61
PKG-2660,,213.3,Estandar,No,35.76
PKG-2661,9.35,46.3,Estandar,Si,41.01
PKG-2662,,676.8,Express,No,120.53
PKG-2663,26.22,103.6,Mismo_Dia,No,90.82
PKG-2664,26.28,386.6,Mismo_Dia,No,109.62
PKG-2665,25.39,528.9,Estandar,Si,109.97
PKG-2666,2.56,480.9,Mismo_Dia,No,83.82
PKG-2667,1.05,653.0,Estandar,No,54.92
PKG-2668,7.05,31.6,Express,No,31.53
PKG-2669,6.47,147.4,Express,No,45.43
PKG-2670,0.74,505.1,Estandar,Si,55.25
PKG-2671,21.5,99.1,Express,No,63.73
PKG-2672,8.51,93.4,Express,No,40.37
PKG-2673,,54.8,Estandar,No,55.22
PKG-2674,20.86,463.1,Express,No,90.33
PKG-2675,30.0,379.8,Express,No,97.91
PKG-2676,1.4,147.4,Estandar,Si,29.83
PKG-2677,28.39,297.0,Express,Si,105.08
PKG-2678,,81.7,Estandar,No,64.54
PKG-2679,24.41,472.7,Express,Si,112.06
PKG-2680,,233.4,Express,No,49.03
PKG-2681,12.25,693.6,Mismo_Dia,Si,119.25
PKG-2682,27.2,698.9,Mismo_Dia,Si,155.28
PKG-2683,19.03,635.9,Estandar,No,88.21
PKG-2684,8.97,29.9,Mismo_Dia,No,56.53
PKG-2685,27.12,,Estandar,Si,70.05
PKG-2686,,435.8,Estandar,Si,61.78
PKG-2687,17.89,714.7,Express,No,103.03
PKG-2688,25.22,,Estandar,No,86.68
PKG-2689,26.34,143.5,Estandar,No,68.15
PKG-2690,5.37,653.0,Express,No,83.98
PKG-2691,21.62,138.5,Estandar,Si,72.0
PKG-2692,9.39,522.4,Estandar,No,60.13
PKG-2693,12.08,772.4,Estandar,Si,98.0
PKG-2694,4.06,376.5,Estandar,Si,57.64
PKG-2695,1.16,162.9,Estandar,No,19.42
PKG-2696,18.83,408.1,Mismo_Dia,Si,114.25
PKG-2697,20.5,543.4,Mismo_Dia,Si,120.1
PKG-2698,,667.2,Express,No,80.67
PKG-2699,1.16,745.8,Express,No,84.87
PKG-2700,26.54,195.6,Mismo_Dia,No,99.88
PKG-2701,17.39,55.5,Express,No,48.85
PKG-2702,7.81,,Mismo_Dia,No,111.8
PKG-2703,14.36,208.6,Mismo_Dia,No,79.42
PKG-2704,25.15,671.4,Estandar,No,102.64
PKG-2705,19.01,677.6,Mismo_Dia,No,126.15
PKG-2706,18.64,751.4,Estandar,No,101.05
PKG-2707,20.02,782.1,Estandar,No,104.77
PKG-2708,1.6,634.0,Estandar,No,61.05
PKG-2709,9.76,584.2,Express,No,81.63
PKG-2710,21.44,597.7,Estandar,Si,106.8
PKG-2711,12.45,,Express,No,50.08
PKG-2712,,407.2,Express,Si,89.47
PKG-2713,3.04,40.8,Express,No,30.1
PKG-2714,11.86,131.1,Express,No,48.73
PKG-2715,5.75,11.0,Express,No,34.07
PKG-2716,6.2,,Express,No,68.52
PKG-2717,14.71,796.4,Estandar,No,99.99
PKG-2718,2.78,27.0,Estandar,Si,28.43
PKG-2719,9.01,494.9,Mismo_Dia,No,82.46
PKG-2720,17.44,530.9,Express,No,98.21
PKG-2721,23.64,303.4,Express,No,84.51
PKG-2722,29.05,556.2,Mismo_Dia,No,129.17
PKG-2723,5.15,314.0,Express,Si,68.21
PKG-2724,2.74,259.1,Mismo_Dia,No,54.92
PKG-2725,27.36,94.9,Mismo_Dia,No,86.61
PKG-2726,14.95,759.2,Express,No,102.34
PKG-2727,,,Express,No,78.08
PKG-2728,20.1,770.4,Estandar,Si,117.03
PKG-2729,10.05,488.1,Estandar,No,57.79
PKG-2730,24.0,471.4,Estandar,No,88.72
PKG-2731,20.9,501.3,Estandar,No,85.12
PKG-2732,21.35,759.4,Express,No,124.78
PKG-2733,24.47,455.2,Express,No,102.48
PKG-2734,5.63,342.1,Estandar,Si,54.18
PKG-2735,28.04,418.2,Estandar,No,91.2
PKG-2736,3.93,,Express,Si,52.36
PKG-2737,15.69,476.2,Estandar,Si,83.84
PKG-2738,11.88,520.8,Mismo_Dia,Si,114.63
PKG-2739,16.7,259.0,Estandar,Si,75.87
PKG-2740,29.07,450.1,Estandar,Si,105.88
PKG-2741,2.67,257.9,Estandar,No,33.19
PKG-2742,19.06,552.5,Express,No,96.62
PKG-2743,11.87,301.1,Estandar,No,54.04
PKG-2744,28.59,320.3,Express,Si,107.62
PKG-2745,25.73,104.1,Express,No,74.75
PKG-2746,4.18,342.1,Express,No,52.21
PKG-2747,7.25,660.7,Express,No,76.97
PKG-2748,3.56,401.2,Mismo_Dia,No,73.34
PKG-2749,4.52,604.5,Estandar,No,57.94
PKG-2750,0.64,763.4,Estandar,No,72.64
PKG-2751,11.72,337.0,Express,Si,76.67
PKG-2752,29.86,165.2,Express,No,87.74
PKG-2753,13.41,55.4,Estandar,Si,51.68
PKG-2754,14.0,594.5,Estandar,No,76.1
PKG-2755,11.66,,Express,No,94.41
PKG-2756,7.77,287.0,Estandar,No,49.98
PKG-2757,10.71,444.4,Express,No,74.2
PKG-2758,4.86,,Mismo_Dia,No,76.01
PKG-2759,27.45,497.9,Estandar,Si,107.07
PKG-2760,22.57,619.9,Estandar,Si,109.08
PKG-2761,15.21,734.6,Express,No,100.74
PKG-2762,17.02,343.5,Express,No,77.48
PKG-2763,3.85,151.6,Mismo_Dia,No,51.08
PKG-2764,,366.5,Estandar,No,67.51
PKG-2765,15.55,94.6,Estandar,Si,55.46
PKG-2766,7.94,141.0,Estandar,Si,38.77
PKG-2767,16.09,649.7,Estandar,No,83.99
PKG-2768,24.76,603.2,Estandar,Si,113.96
PKG-2769,25.82,91.5,Estandar,No,57.5
PKG-2770,20.41,487.2,Express,No,89.88
PKG-2771,25.1,52.5,Express,No,64.42
PKG-2772,10.7,,Express,No,72.8
PKG-2773,13.9,772.9,Mismo_Dia,No,128.39
PKG-2774,20.12,532.4,Express,No,94.26
PKG-2775,6.52,101.1,Estandar,No,26.04
PKG-2776,14.41,761.7,Express,No,105.16
PKG-2777,25.05,626.6,Mismo_Dia,No,131.7
PKG-2778,15.67,454.6,Express,No,79.8
PKG-2779,26.47,210.0,Mismo_Dia,No,101.61
PKG-2780,1.98,51.6,Express,Si,43.98
PKG-2781,26.12,127.6,Mismo_Dia,No,93.66
PKG-2782,22.11,108.7,Estandar,No,61.79
PKG-2783,21.06,601.2,Estandar,No,88.13
PKG-2784,25.23,462.8,Express,No,99.47
PKG-2785,27.87,381.7,Estandar,No,85.07
PKG-2786,25.74,790.9,Estandar,No,116.35
PKG-2787,14.05,313.8,Estandar,No,53.81
PKG-2788,12.59,231.4,Express,Si,74.08
PKG-2789,,252.8,Estandar,No,43.09
PKG-2790,6.59,793.7,Estandar,Si,93.03
PKG-2791,3.54,64.7,Estandar,No,18.27
PKG-2792,9.28,560.4,Estandar,No,68.99
PKG-2793,29.46,563.2,Estandar,No,101.45
PKG-2794,12.28,630.3,Express,No,92.76
PKG-2795,0.65,122.2,Express,No,24.12
PKG-2796,2.88,484.0,Estandar,No,56.07
PKG-2797,,693.8,Express,No,99.38
PKG-2798,29.42,73.4,Estandar,No,65.27
PKG-2799,18.24,76.5,Estandar,Si,55.16
PKG-2800,25.99,540.9,Estandar,No,86.11
PKG-2801,4.93,259.6,Mismo_Dia,Si,81.69
PKG-2802,1.24,708.7,Estandar,No,67.94
PKG-2803,21.1,21.9,Express,Si,77.55
PKG-2804,3.71,379.7,Express,Si,65.21
PKG-2805,,206.0,Estandar,No,61.92
PKG-2806,22.48,620.9,Estandar,No,96.22
PKG-2807,23.36,109.1,Express,Si,78.33
PKG-2808,13.47,640.3,Express,No,94.98
PKG-2809,7.92,666.4,Estandar,No,69.17
PKG-2810,29.46,342.9,Estandar,Si,100.46
PKG-2811,29.17,,Express,No,113.69
PKG-2812,28.64,538.5,Estandar,No,107.42
PKG-2813,13.75,597.0,Mismo_Dia,No,115.3
PKG-2814,26.6,508.1,Express,No,107.48
PKG-2815,25.76,382.1,Mismo_Dia,No,116.55
PKG-2816,21.94,160.4,Estandar,No,58.07
PKG-2817,13.71,593.4,Estandar,No,72.38
PKG-2818,24.4,711.2,Express,No,115.77
PKG-2819,14.97,652.7,Estandar,No,89.28
PKG-2820,14.52,205.2,Mismo_Dia,No,78.51
PKG-2821,16.53,168.4,Mismo_Dia,No,76.16
PKG-2822,27.28,166.8,Mismo_Dia,No,93.95
PKG-2823,0.73,90.6,Express,Si,40.59
PKG-2824,29.13,343.0,Estandar,Si,98.7
PKG-2825,12.68,26.1,Estandar,No,31.78
PKG-2826,14.7,796.4,Estandar,Si,105.24
PKG-2827,14.21,48.8,Estandar,Si,49.34
PKG-2828,5.81,543.1,Estandar,No,55.34
PKG-2829,,720.2,Express,No,112.96
PKG-2830,16.27,265.8,Estandar,Si,67.07
PKG-2831,16.49,179.1,Estandar,Si,56.92
PKG-2832,10.68,620.6,Estandar,Si,83.64
PKG-2833,3.52,625.9,Estandar,No,66.76
PKG-2834,1.77,480.8,Estandar,No,50.18
PKG-2835,12.95,107.5,Estandar,No,29.37
PKG-2836,4.93,49.3,Estandar,No,19.49
PKG-2837,28.29,477.8,Express,No,101.47
PKG-2838,15.1,236.7,Express,No,60.7
PKG-2839,22.46,32.1,Estandar,No,50.18
PKG-2840,17.21,726.0,Express,No,111.04
PKG-2841,17.6,460.4,Express,No,83.23
PKG-2842,17.97,523.0,Express,No,86.4
PKG-2843,7.19,33.7,Express,No,37.06
PKG-2844,7.38,708.0,Estandar,No,75.3
PKG-2845,7.54,266.3,Estandar,No,36.57
PKG-2846,18.67,126.8,Express,No,57.41
PKG-2847,,165.9,Estandar,No,78.75
PKG-2848,19.95,238.0,Express,Si,82.55
PKG-2849,5.54,214.2,Estandar,Si,50.27
PKG-2850,28.6,787.6,Mismo_Dia,No,146.05
PKG-2851,,519.3,Express,No,96.71
PKG-2852,19.27,112.8,Mismo_Dia,No,84.14
PKG-2853,23.16,767.3,Express,No,125.43
PKG-2854,26.02,488.2,Express,No,105.79
PKG-2855,28.58,375.8,Express,No,101.89
PKG-2856,12.2,361.9,Express,No,72.32
PKG-2857,23.51,563.6,Estandar,No,94.77
PKG-2858,1.06,305.3,Mismo_Dia,No,63.87
PKG-2859,10.21,580.0,Estandar,No,69.01
PKG-2860,21.45,381.5,Estandar,No,77.63
PKG-2861,12.64,,Estandar,Si,47.56
PKG-2862,14.9,,Estandar,No,46.39
PKG-2863,16.28,609.0,Estandar,No,80.67
PKG-2864,9.59,467.9,Estandar,No,66.03
PKG-2865,9.51,448.2,Express,No,69.35
PKG-2866,3.27,790.5,Express,No,83.44
PKG-2867,0.6,561.6,Express,Si,75.69
PKG-2868,25.63,299.8,Mismo_Dia,No,102.58
PKG-2869,11.69,476.8,Estandar,No,66.85
PKG-2870,24.24,725.3,Express,No,121.13
PKG-2871,3.26,630.1,Express,Si,88.29
PKG-2872,14.86,324.0,Estandar,Si,66.96
PKG-2873,15.58,255.5,Mismo_Dia,No,80.36
PKG-2874,10.62,119.7,Express,Si,56.96
PKG-2875,17.75,250.9,Estandar,No,59.97
PKG-2876,16.44,566.2,Estandar,No,85.05
PKG-2877,12.06,394.7,Estandar,No,49.13
PKG-2878,10.82,347.0,Estandar,Si,63.35
PKG-2879,13.78,498.8,Express,Si,97.43
PKG-2880,12.75,517.0,Estandar,Si,79.42
PKG-2881,,,Express,No,55.69
PKG-2882,22.9,334.3,Express,Si,97.87
PKG-2883,4.79,627.2,Estandar,Si,69.6
PKG-2884,24.12,164.3,Estandar,No,66.39
PKG-2885,12.14,229.3,Estandar,No,40.39
PKG-2886,1.21,792.2,Express,No,84.49
PKG-2887,16.05,652.9,Estandar,No,79.59
PKG-2888,16.36,315.8,Estandar,Si,72.1
PKG-2889,17.06,639.2,Mismo_Dia,No,120.76
PKG-2890,12.61,668.0,Mismo_Dia,No,107.8
PKG-2891,17.18,612.5,Estandar,No,84.24
PKG-2892,28.47,281.0,Estandar,No,75.46
PKG-2893,15.27,84.9,Estandar,No,39.1
PKG-2894,18.06,71.6,Express,No,55.57
PKG-2895,14.66,354.9,Estandar,Si,69.29
PKG-2896,1.33,556.1,Estandar,Si,62.68
PKG-2897,12.71,479.3,Mismo_Dia,No,95.5
PKG-2898,29.58,606.4,Estandar,No,109.81
PKG-2899,22.02,161.8,Express,No,65.53
PKG-2900,29.95,329.6,Estandar,No,87.19
PKG-2901,6.06,76.6,Mismo_Dia,No,57.51
PKG-2902,17.67,269.1,Express,No,75.39
PKG-2903,22.89,587.4,Estandar,No,91.49
PKG-2904,2.84,520.7,Mismo_Dia,Si,93.65
PKG-2905,28.61,687.4,Express,No,126.05
PKG-2906,28.74,565.7,Estandar,Si,111.54
PKG-2907,9.28,37.7,Express,No,40.86
PKG-2908,20.08,332.5,Mismo_Dia,No,95.16
PKG-2909,6.52,,Mismo_Dia,Si,74.96
PKG-2910,25.55,693.6,Mismo_Dia,Si,143.47
PKG-2911,25.77,766.6,Estandar,No,110.16
PKG-2912,25.01,300.3,Mismo_Dia,No,106.69
PKG-2913,18.81,535.1,Estandar,No,78.79
PKG-2914,10.24,304.2,Estandar,Si,58.32
PKG-2915,17.72,147.5,Estandar,No,56.41
PKG-2916,15.76,303.4,Express,No,70.57
PKG-2917,25.05,608.0,Estandar,No,104.42
PKG-2918,5.53,678.5,Estandar,No,69.69
PKG-2919,1.1,517.7,Estandar,No,54.73
PKG-2920,27.71,633.2,Estandar,Si,115.19
PKG-2921,27.9,179.7,Mismo_Dia,No,91.15
PKG-2922,7.0,533.3,Express,No,68.8
PKG-2923,9.99,774.5,Express,No,94.21
PKG-2924,28.33,97.7,Express,Si,91.15
PKG-2925,5.08,514.3,Express,Si,73.86
PKG-2926,27.52,252.0,Estandar,No,71.58
PKG-2927,24.74,413.8,Estandar,No,84.2
PKG-2928,8.82,87.0,Estandar,No,31.95
PKG-2929,26.38,126.4,Estandar,No,59.35
PKG-2930,22.81,325.6,Express,No,86.62
PKG-2931,29.9,226.8,Estandar,No,71.6
PKG-2932,3.61,279.3,Mismo_Dia,Si,74.8
PKG-2933,3.55,235.3,Express,Si,57.51
PKG-2934,25.38,512.0,Estandar,No,95.02
PKG-2935,8.17,50.3,Express,No,34.69
PKG-2936,24.73,622.7,Estandar,Si,112.48
PKG-2937,7.82,170.4,Estandar,No,41.7
PKG-2938,26.75,404.7,Mismo_Dia,No,119.13
PKG-2939,10.36,134.8,Express,No,47.48
PKG-2940,8.71,212.4,Estandar,Si,56.11
PKG-2941,3.95,257.9,Express,No,42.62
PKG-2942,0.95,44.7,Estandar,No,10.77
PKG-2943,1.22,593.6,Mismo_Dia,No,79.3
PKG-2944,11.91,696.1,Estandar,No,79.32
PKG-2945,6.14,112.9,Estandar,No,29.55
PKG-2946,16.4,529.5,Express,No,94.0
PKG-2947,10.35,55.0,Express,No,46.24
PKG-2948,22.05,109.5,Express,Si,86.4
PKG-2949,9.86,423.9,Estandar,Si,67.47
PKG-2950,15.72,136.0,Mismo_Dia,No,80.22
PKG-2951,0.68,693.4,Express,No,76.82
PKG-2952,26.57,782.5,Mismo_Dia,Si,156.56
PKG-2953,25.68,624.8,Express,No,113.29
PKG-2954,5.62,330.3,Estandar,Si,53.96
PKG-2955,5.28,209.7,Express,No,37.73
PKG-2956,5.63,690.4,Estandar,Si,79.36
PKG-2957,19.03,249.5,Estandar,Si,74.8
PKG-2958,29.46,118.3,Mismo_Dia,No,96.21
PKG-2959,5.59,797.1,Express,No,93.2
PKG-2960,16.89,,Estandar,No,86.22
PKG-2961,3.26,559.2,Express,No,73.11
PKG-2962,8.05,369.0,Estandar,No,49.96
PKG-2963,3.55,363.9,Estandar,No,38.06
PKG-2964,8.84,746.5,Express,No,91.95
PKG-2965,9.57,23.6,Mismo_Dia,Si,67.28
PKG-2966,27.28,359.6,Estandar,No,83.23
PKG-2967,0.9,414.5,Mismo_Dia,No,74.65
PKG-2968,28.99,,Express,No,130.33
PKG-2969,9.42,136.6,Express,Si,61.9
PKG-2970,26.4,782.9,Express,No,126.61
PKG-2971,6.5,545.2,Estandar,No,66.8
PKG-2972,3.64,768.9,Express,No,87.56
PKG-2973,19.23,238.3,Estandar,No,56.85
PKG-2974,11.28,231.9,Express,Si,68.47
PKG-2975,12.67,418.7,Express,No,69.7
PKG-2976,,471.7,Estandar,No,66.55
PKG-2977,10.57,695.2,Estandar,Si,91.93
PKG-2978,10.86,342.3,Express,Si,74.65
PKG-2979,15.36,591.2,Express,No,100.02
PKG-2980,21.76,120.2,Estandar,No,56.96
PKG-2981,2.72,170.6,Express,No,29.25
PKG-2982,20.21,632.9,Estandar,No,92.42
PKG-2983,23.12,660.8,Estandar,No,98.39
PKG-2984,8.93,623.2,Express,No,82.89
PKG-2985,19.62,729.5,Estandar,No,97.99
PKG-2986,6.46,517.6,Estandar,No,58.91
PKG-2987,,434.9,Estandar,No,84.72
PKG-2988,25.44,358.7,Estandar,Si,88.92
PKG-2989,10.43,436.0,Estandar,No,61.57
PKG-2990,16.74,412.9,Express,No,78.6
PKG-2991,5.47,636.8,Express,Si,90.06
PKG-2992,21.11,193.9,Express,No,73.22
PKG-2993,29.94,275.4,Mismo_Dia,No,113.38
PKG-2994,28.77,482.9,Express,Si,115.21
PKG-2995,,496.5,Estandar,No,104.02
PKG-2996,24.29,712.8,Estandar,No,109.51
PKG-2997,28.07,242.7,Estandar,Si,83.58
PKG-2998,12.95,163.0,Express,No,51.28
PKG-2999,20.93,600.7,Mismo_Dia,Si,132.7
PKG-3000,4.26,751.2,Express,No,87.59
PKG-3001,20.03,631.6,Estandar,No,89.99
PKG-3002,25.88,72.3,Estandar,Si,71.24
PKG-3003,,199.0,Estandar,No,72.53
PKG-3004,2.22,501.5,Estandar,No,46.98
PKG-3005,3.57,,Express,No,62.61
PKG-3006,16.56,35.4,Estandar,No,36.37
PKG-3007,21.66,502.5,Estandar,No,90.27
PKG-3008,3.1,339.1,Express,No,50.89
PKG-3009,10.09,69.1,Express,No,40.17
PKG-3010,28.23,654.1,Express,No,122.42
PKG-3011,10.32,,Express,Si,92.52
PKG-3012,11.72,508.0,Mismo_Dia,No,93.24
PKG-3013,1.58,764.4,Estandar,No,73.01
PKG-3014,21.46,396.6,Estandar,Si,84.64
PKG-3015,27.69,750.2,Estandar,No,112.54
PKG-3016,3.74,170.7,Express,No,40.11
PKG-3017,28.12,509.9,Express,No,109.55
PKG-3018,27.29,652.8,Estandar,No,104.89
PKG-3019,21.34,626.7,Estandar,No,98.02
PKG-3020,14.78,674.8,Estandar,No,82.18
PKG-3021,8.65,129.7,Estandar,No,28.58
PKG-3022,3.42,33.1,Estandar,No,16.52
PKG-3023,21.88,656.1,Mismo_Dia,Si,140.93
PKG-3024,23.61,492.6,Express,No,95.53
PKG-3025,26.81,,Express,No,77.69
PKG-3026,8.46,332.1,Express,No,58.94
PKG-3027,6.01,198.8,Estandar,No,34.49
PKG-3028,14.39,526.6,Express,No,85.61
PKG-3029,10.28,428.1,Express,No,68.81
PKG-3030,4.25,769.7,Estandar,No,70.24
PKG-3031,9.3,213.5,Estandar,No,39.38
PKG-3032,25.97,36.1,Estandar,No,53.83
PKG-3033,11.93,138.6,Express,No,51.27
PKG-3034,10.24,146.6,Estandar,No,33.99
PKG-3035,9.78,461.8,Express,No,78.56
PKG-3036,1.64,560.4,Estandar,No,52.47
PKG-3037,27.39,230.3,Express,No,84.65
PKG-3038,7.68,422.7,Mismo_Dia,No,81.76
PKG-3039,13.4,492.5,Express,No,73.96
PKG-3040,17.63,790.3,Estandar,Si,113.65
PKG-3041,29.27,255.3,Express,No,87.8
PKG-3042,26.5,795.8,Express,No,130.6
PKG-3043,23.5,161.6,Express,No,72.67
PKG-3044,9.3,799.9,Estandar,No,92.95
PKG-3045,3.59,365.5,Express,No,54.48
PKG-3046,29.69,750.2,Estandar,No,121.79
PKG-3047,4.04,427.0,Estandar,No,45.91
PKG-3048,22.42,288.4,Mismo_Dia,Si,112.85
PKG-3049,,101.2,Mismo_Dia,Si,79.14
PKG-3050,23.03,250.5,Mismo_Dia,Si,110.71
PKG-3051,10.03,310.4,Express,No,60.08
PKG-3052,26.96,334.0,Estandar,No,84.87
PKG-3053,29.71,274.6,Estandar,No,78.47
PKG-3054,23.21,188.3,Express,No,74.85
PKG-3055,28.89,755.2,Express,No,133.39
PKG-3056,16.09,553.1,Estandar,No,77.76
PKG-3057,13.65,343.2,Express,No,64.86
PKG-3058,11.87,292.3,Estandar,Si,58.41
PKG-3059,7.33,479.1,Estandar,No,56.97
PKG-3060,2.9,58.9,Estandar,No,18.1
PKG-3061,27.58,175.7,Express,No,80.93
PKG-3062,28.78,121.1,Estandar,No,65.12
PKG-3063,28.94,397.4,Express,No,97.73
PKG-3064,15.07,173.4,Estandar,Si,53.28
PKG-3065,11.38,759.8,Estandar,No,80.79
PKG-3066,11.82,326.7,Estandar,Si,64.82
PKG-3067,10.32,472.4,Express,No,75.62
PKG-3068,20.17,599.4,Estandar,No,85.66
PKG-3069,18.53,189.7,Estandar,Si,70.46
PKG-3070,3.96,89.5,Express,No,30.31
PKG-3071,5.68,621.3,Estandar,Si,74.11
PKG-3072,14.73,203.5,Express,No,66.9
PKG-3073,6.08,376.7,Estandar,No,47.56
PKG-3074,20.42,614.4,Express,No,104.42
PKG-3075,22.46,765.4,Mismo_Dia,Si,146.31
PKG-3076,1.77,679.0,Mismo_Dia,Si,96.01
PKG-3077,12.0,309.8,Express,Si,78.74
PKG-3078,25.52,526.2,Express,Si,118.35
PKG-3079,3.57,363.7,Express,No,50.48
PKG-3080,17.63,,Express,No,70.23
PKG-3081,10.54,720.9,Mismo_Dia,No,111.58
PKG-3082,13.49,487.4,Estandar,No,65.4
PKG-3083,7.26,470.1,Express,No,71.94
PKG-3084,9.87,431.7,Estandar,No,57.99
PKG-3085,18.99,320.0,Express,Si,85.81
PKG-3086,13.65,643.4,Estandar,No,83.67
PKG-3087,6.72,147.1,Estandar,No,30.29
PKG-3088,,582.9,Estandar,Si,78.05
PKG-3089,15.48,728.9,Express,Si,113.49
PKG-3090,14.47,215.8,Mismo_Dia,No,75.4
PKG-3091,17.71,12.9,Estandar,No,41.65
PKG-3092,18.12,,Estandar,No,57.94
PKG-3093,25.04,17.7,Estandar,No,52.43
PKG-3094,14.8,389.0,Express,No,74.79
PKG-3095,4.77,616.1,Estandar,No,62.81
PKG-3096,10.32,325.2,Express,No,61.71
PKG-3097,25.41,445.4,Estandar,No,89.38
PKG-3098,8.22,,Express,No,63.8
PKG-3099,24.4,34.7,Mismo_Dia,No,77.31
PKG-3100,4.45,514.0,Estandar,No,58.12
PKG-3101,26.03,51.3,Estandar,No,59.74
PKG-3102,7.09,797.9,Express,No,98.94
PKG-3103,27.68,619.1,Estandar,No,99.81
PKG-3104,11.61,163.0,Express,Si,65.57
PKG-3105,27.7,420.2,Express,Si,114.92
PKG-3106,24.36,285.3,Estandar,Si,80.96
PKG-3107,17.14,66.1,Estandar,No,41.48
PKG-3108,4.29,45.4,Estandar,No,18.55
PKG-3109,14.46,471.2,Express,No,78.53
PKG-3110,21.12,408.4,Express,Si,98.56
PKG-3111,14.73,394.6,Estandar,No,58.34
PKG-3112,28.67,350.8,Estandar,Si,95.17
PKG-3113,8.14,152.0,Express,Si,54.02
PKG-3114,27.34,529.2,Mismo_Dia,Si,133.68
PKG-3115,5.82,232.1,Express,Si,58.54
PKG-3116,21.34,600.3,Mismo_Dia,No,126.04
PKG-3117,1.19,309.4,Estandar,Si,44.88
PKG-3118,10.22,225.2,Express,No,50.32
PKG-3119,2.27,37.1,Estandar,No,12.17
PKG-3120,9.68,774.3,Express,No,99.5
PKG-3121,14.64,20.7,Express,No,49.74
PKG-3122,17.43,181.9,Mismo_Dia,No,82.72
PKG-3123,5.35,114.4,Express,No,38.71
PKG-3124,3.94,108.8,Estandar,No,22.38
PKG-3125,13.43,283.4,Express,Si,77.48
PKG-3126,20.33,620.2,Express,Si,121.15
PKG-3127,21.17,436.7,Express,No,84.1
PKG-3128,5.46,377.6,Express,Si,71.77
PKG-3129,7.5,202.9,Mismo_Dia,Si,78.91
PKG-3130,4.0,181.9,Express,No,42.29
PKG-3131,18.08,754.4,Express,No,108.31
PKG-3132,20.76,759.2,Express,Si,131.89
PKG-3133,,354.7,Estandar,Si,86.34
PKG-3134,6.88,462.6,Estandar,Si,63.88
PKG-3135,4.82,87.7,Mismo_Dia,Si,61.66
PKG-3136,17.41,598.7,Express,No,97.7
PKG-3137,11.64,157.8,Estandar,Si,51.89
PKG-3138,27.52,190.8,Mismo_Dia,No,96.07
PKG-3139,3.37,588.5,Express,No,67.65
PKG-3140,1.93,410.5,Estandar,No,45.56
PKG-3141,21.37,,Estandar,No,77.38
PKG-3142,10.35,666.4,Estandar,No,76.53
PKG-3143,15.15,98.4,Express,No,52.11
PKG-3144,,652.0,Estandar,Si,92.94
PKG-3145,10.43,22.8,Mismo_Dia,No,54.19
PKG-3146,14.7,24.8,Express,No,44.81
PKG-3147,23.67,357.6,Estandar,No,75.3
PKG-3148,14.05,548.1,Estandar,Si,86.23
PKG-3149,26.21,614.2,Estandar,Si,105.72
PKG-3150,28.86,52.0,Estandar,No,63.85
PKG-3151,6.5,369.2,Express,No,61.31
PKG-3152,25.0,194.6,Estandar,No,69.06
PKG-3153,25.82,,Mismo_Dia,No,104.08
PKG-3154,17.6,73.9,Express,No,55.49
PKG-3155,19.79,520.8,Express,No,97.17
PKG-3156,22.75,18.4,Estandar,No,53.22
PKG-3157,6.77,678.2,Estandar,No,72.29
PKG-3158,5.47,659.8,Express,No,77.63
PKG-3159,10.83,114.5,Express,No,46.87
PKG-3160,18.04,689.1,Mismo_Dia,No,125.63
PKG-3161,21.71,40.0,Estandar,No,43.57
PKG-3162,28.9,644.7,Express,No,122.86
PKG-3163,15.93,145.1,Estandar,No,53.93
PKG-3164,18.9,259.7,Mismo_Dia,No,92.87
PKG-3165,7.29,575.1,Mismo_Dia,No,90.84
PKG-3166,4.19,602.1,Express,No,71.42
PKG-3167,24.99,83.3,Estandar,Si,71.62
PKG-3168,8.98,48.1,Estandar,Si,35.3
PKG-3169,12.32,267.9,Mismo_Dia,No,75.29
PKG-3170,29.78,785.0,Mismo_Dia,No,155.28
PKG-3171,13.81,695.8,Express,No,98.27
PKG-3172,1.8,245.1,Estandar,No,23.12
PKG-3173,22.55,17.8,Estandar,No,48.13
PKG-3174,28.63,367.0,Mismo_Dia,No,115.06
PKG-3175,21.28,408.7,Estandar,No,75.72
PKG-3176,7.95,260.7,Express,No,52.42
PKG-3177,18.65,35.4,Express,No,50.38
PKG-3178,7.09,701.4,Mismo_Dia,Si,120.76
PKG-3179,6.39,536.5,Express,No,74.51
PKG-3180,,246.8,Estandar,No,46.1
PKG-3181,2.06,779.1,Mismo_Dia,No,99.73
PKG-3182,17.95,299.3,Estandar,No,57.4
PKG-3183,26.21,265.7,Express,No,83.15
PKG-3184,7.25,675.7,Estandar,No,68.72
PKG-3185,3.97,751.7,Express,No,86.61
PKG-3186,12.39,451.3,Express,Si,86.59
PKG-3187,21.52,387.5,Express,No,92.29
PKG-3188,17.83,559.8,Estandar,No,82.2
PKG-3189,2.98,283.9,Estandar,Si,38.87
PKG-3190,3.83,759.1,Estandar,No,75.73
PKG-3191,7.89,75.1,Estandar,No,25.63
PKG-3192,2.82,522.3,Express,No,60.31
PKG-3193,25.32,423.0,Estandar,No,80.51
PKG-3194,4.89,417.2,Estandar,Si,62.36
PKG-3195,25.23,274.4,Estandar,No,69.83
PKG-3196,11.75,82.5,Mismo_Dia,Si,71.22
PKG-3197,20.89,303.5,Estandar,Si,81.79
PKG-3198,15.71,329.5,Estandar,No,53.39
PKG-3199,17.29,297.4,Express,No,70.89
PKG-3200,7.95,389.3,Estandar,No,44.49
PKG-3201,24.2,285.9,Estandar,No,73.05
PKG-3202,12.22,563.2,Express,No,83.28
PKG-3203,8.43,613.9,Express,No,82.35
PKG-3204,16.47,155.4,Estandar,No,45.9
PKG-3205,19.8,83.8,Estandar,No,53.22
PKG-3206,14.84,425.9,Express,No,84.12
PKG-3207,25.79,604.2,Express,No,116.98
PKG-3208,12.35,166.5,Estandar,No,43.77
PKG-3209,1.11,523.2,Mismo_Dia,Si,95.08
PKG-3210,18.37,666.0,Express,No,104.03
PKG-3211,1.73,167.7,Estandar,No,23.31
PKG-3212,24.02,,Estandar,No,51.22
PKG-3213,8.15,199.9,Estandar,No,35.97
PKG-3214,15.41,28.7,Express,Si,61.12
PKG-3215,18.09,796.3,Mismo_Dia,No,135.41
PKG-3216,11.04,524.2,Mismo_Dia,Si,106.76
PKG-3217,6.76,99.1,Mismo_Dia,Si,72.02
PKG-3218,27.09,541.5,Estandar,Si,107.97
PKG-3219,14.72,323.5,Express,No,70.51
PKG-3220,20.98,147.0,Express,No,63.46
PKG-3221,13.17,491.9,Estandar,No,68.77
PKG-3222,21.4,616.5,Mismo_Dia,No,118.2
PKG-3223,,27.0,Express,No,31.78
PKG-3224,9.17,443.3,Express,No,69.84
PKG-3225,3.04,381.3,Mismo_Dia,No,68.85
PKG-3226,21.25,679.9,Mismo_Dia,Si,142.68
PKG-3227,21.77,79.8,Mismo_Dia,Si,95.26
PKG-3228,,142.6,Express,No,62.65
PKG-3229,,682.3,Express,Si,93.5
PKG-3230,20.93,340.0,Estandar,No,67.58
PKG-3231,17.74,486.8,Estandar,No,80.42
PKG-3232,25.54,64.7,Express,No,65.51
PKG-3233,,361.0,Mismo_Dia,No,80.58
PKG-3234,,688.7,Estandar,No,110.28
PKG-3235,21.69,168.9,Express,Si,78.65
PKG-3236,1.16,518.3,Estandar,No,43.63
PKG-3237,19.78,774.8,Mismo_Dia,Si,147.02
PKG-3238,11.15,409.6,Estandar,No,61.75
PKG-3239,5.28,265.4,Mismo_Dia,No,69.57
PKG-3240,10.71,153.9,Estandar,Si,43.93
PKG-3241,16.51,671.3,Express,Si,117.96
PKG-3242,25.1,,Express,No,68.09
PKG-3243,21.51,287.9,Estandar,No,68.2
PKG-3244,10.28,203.9,Estandar,No,35.33
PKG-3245,5.25,712.6,Estandar,No,65.2
PKG-3246,10.45,56.8,Estandar,No,29.43
PKG-3247,15.75,178.3,Mismo_Dia,Si,91.54
PKG-3248,8.57,699.2,Estandar,No,77.97
PKG-3249,25.85,448.3,Express,Si,113.71
PKG-3250,21.7,54.1,Express,Si,79.81
PKG-3251,17.14,464.7,Estandar,No,76.0
PKG-3252,15.49,139.4,Estandar,No,45.34
PKG-3253,15.38,764.1,Estandar,No,90.07
PKG-3254,27.33,,Estandar,No,104.15
PKG-3255,15.5,246.1,Estandar,No,50.41
PKG-3256,5.46,126.7,Express,No,36.19
PKG-3257,23.5,397.8,Estandar,No,71.92
PKG-3258,28.35,154.4,Mismo_Dia,No,100.12
PKG-3259,22.13,279.5,Express,No,79.0
PKG-3260,23.5,273.4,Express,No,86.39
PKG-3261,,575.8,Express,No,90.21
PKG-3262,10.21,602.5,Estandar,No,75.87
PKG-3263,27.4,454.4,Express,No,100.69
PKG-3264,5.58,414.4,Mismo_Dia,Si,85.34
PKG-3265,28.85,789.5,Mismo_Dia,No,149.61
PKG-3266,8.86,391.8,Estandar,No,51.0
PKG-3267,12.38,749.9,Estandar,No,90.98
PKG-3268,23.57,744.3,Express,No,124.35
PKG-3269,6.57,406.0,Estandar,Si,63.73
PKG-3270,20.96,391.6,Express,No,84.38
PKG-3271,7.65,322.1,Mismo_Dia,No,71.75
PKG-3272,14.8,150.6,Estandar,No,43.8
PKG-3273,18.36,647.0,Estandar,Si,105.74
PKG-3274,2.99,656.4,Estandar,No,67.97
PKG-3275,17.54,62.4,Express,No,49.62
PKG-3276,17.21,,Estandar,Si,98.67
PKG-3277,12.78,321.0,Express,Si,74.71
PKG-3278,9.33,156.0,Mismo_Dia,No,63.73
PKG-3279,7.68,633.5,Express,No,81.84
PKG-3280,11.9,216.7,Express,No,57.62
PKG-3281,3.87,683.2,Estandar,No,67.43
PKG-3282,11.72,703.7,Express,No,99.75
PKG-3283,11.14,190.4,Estandar,No,41.17
PKG-3284,22.57,446.1,Estandar,No,80.76
PKG-3285,8.41,601.7,Express,No,81.0
PKG-3286,12.46,314.6,Estandar,Si,68.27
PKG-3287,,680.9,Estandar,No,74.92
PKG-3288,13.57,298.9,Express,No,67.09
PKG-3289,5.51,703.9,Estandar,Si,85.84
PKG-3290,24.47,639.7,Mismo_Dia,No,130.36
PKG-3291,16.02,280.4,Express,No,70.82
PKG-3292,20.15,357.0,Express,No,81.57
PKG-3293,19.62,725.9,Estandar,No,98.76
PKG-3294,18.97,462.7,Estandar,Si,82.96
PKG-3295,25.5,580.6,Express,No,111.79
PKG-3296,10.13,689.1,Express,No,93.86
PKG-3297,22.69,183.4,Estandar,No,63.34
PKG-3298,13.85,263.4,Mismo_Dia,No,85.47
PKG-3299,25.38,261.0,Estandar,No,66.75
PKG-3300,3.82,587.5,Express,Si,85.16
PKG-3301,14.83,508.8,Express,No,83.27
PKG-3302,7.7,100.6,Estandar,No,31.44
PKG-3303,14.64,658.0,Express,Si,110.57
PKG-3304,16.39,735.1,Mismo_Dia,Si,133.35
PKG-3305,5.43,596.7,Express,No,73.52
PKG-3306,14.26,188.0,Express,Si,66.04
PKG-3307,24.5,449.6,Estandar,No,84.44
PKG-3308,11.56,350.8,Mismo_Dia,No,85.28
PKG-3309,7.04,,Estandar,Si,70.27
PKG-3310,21.02,342.4,Estandar,Si,86.49
PKG-3311,13.82,400.2,Express,Si,85.54
PKG-3312,4.64,538.0,Estandar,No,59.76
PKG-3313,6.65,120.5,Estandar,Si,40.44
PKG-3314,10.2,381.1,Estandar,No,57.21
PKG-3315,14.6,170.1,Express,Si,73.06
PKG-3316,11.33,465.8,Express,No,75.3
PKG-3317,26.91,,Mismo_Dia,Si,105.65
PKG-3318,18.06,,Mismo_Dia,Si,137.47
PKG-3319,21.39,792.4,Estandar,No,98.95
PKG-3320,13.63,153.8,Express,No,57.55
PKG-3321,3.53,392.4,Estandar,Si,58.9
PKG-3322,4.55,398.1,Express,No,55.96
PKG-3323,28.23,590.5,Estandar,No,106.72
PKG-3324,27.84,788.6,Estandar,No,117.6
PKG-3325,9.84,682.1,Express,No,91.74
PKG-3326,18.14,300.6,Express,Si,82.56
PKG-3327,24.8,795.9,Estandar,No,115.94
PKG-3328,1.98,697.8,Estandar,No,66.98
PKG-3329,7.61,168.0,Express,Si,56.18
PKG-3330,17.53,233.5,Express,Si,79.69
PKG-3331,7.75,342.9,Mismo_Dia,No,75.4
PKG-3332,22.39,586.8,Estandar,No,92.43
PKG-3333,17.42,406.9,Estandar,No,69.16
PKG-3334,8.73,446.8,Mismo_Dia,No,87.13
PKG-3335,3.35,758.1,Express,No,87.04
PKG-3336,5.89,555.7,Mismo_Dia,No,98.03
PKG-3337,,57.3,Mismo_Dia,No,40.01
PKG-3338,5.11,748.9,Express,Si,98.08
PKG-3339,23.74,235.7,Estandar,Si,80.4
PKG-3340,27.17,121.6,Estandar,No,57.5
PKG-3341,14.26,663.6,Estandar,Si,94.22
PKG-3342,15.71,103.4,Express,No,51.4
PKG-3343,9.29,313.8,Express,No,66.02
PKG-3344,9.52,567.9,Express,Si,91.41
PKG-3345,23.61,683.8,Estandar,No,97.98
PKG-3346,14.03,70.3,Express,No,51.26
PKG-3347,3.7,670.6,Estandar,No,64.41
PKG-3348,7.55,170.8,Mismo_Dia,Si,69.36
PKG-3349,12.21,19.0,Estandar,Si,43.63
PKG-3350,6.48,529.3,Express,No,69.2
PKG-3351,28.43,390.4,Express,Si,112.26
PKG-3352,1.98,183.2,Mismo_Dia,Si,63.49
PKG-3353,7.79,685.5,Estandar,No,73.35
PKG-3354,10.48,724.0,Estandar,No,84.68
PKG-3355,22.71,470.2,Mismo_Dia,Si,128.36
PKG-3356,7.41,581.4,Express,No,79.82
PKG-3357,9.85,358.4,Estandar,No,54.88
PKG-3358,18.37,797.9,Mismo_Dia,Si,143.74
PKG-3359,3.87,422.6,Estandar,No,44.51
PKG-3360,24.97,200.9,Express,No,73.43
PKG-3361,8.69,613.5,Estandar,No,66.25
PKG-3362,28.77,262.2,Express,No,89.38
PKG-3363,9.87,497.7,Estandar,No,60.06
PKG-3364,,165.4,Express,No,61.38
PKG-3365,17.31,656.4,Express,No,105.16
PKG-3366,27.78,241.4,Mismo_Dia,No,102.31
PKG-3367,23.34,184.9,Express,No,76.13
PKG-3368,3.47,253.3,Estandar,Si,45.01
PKG-3369,21.87,182.5,Estandar,No,61.63
PKG-3370,,783.6,Estandar,No,68.34
PKG-3371,17.57,51.8,Estandar,No,40.38
PKG-3372,20.37,354.0,Express,No,85.74
PKG-3373,17.28,,Express,No,111.02
PKG-3374,8.56,699.4,Express,Si,102.06
PKG-3375,24.24,433.3,Estandar,No,85.42
PKG-3376,18.09,571.7,Estandar,Si,93.43
PKG-3377,15.74,,Express,No,76.26
PKG-3378,17.97,41.9,Estandar,No,41.33
PKG-3379,29.46,244.9,Estandar,No,75.37
PKG-3380,22.42,357.5,Express,No,88.23
PKG-3381,18.78,264.3,Express,No,78.58
PKG-3382,14.2,789.5,Express,Si,118.84
PKG-3383,4.61,695.1,Estandar,Si,87.25
PKG-3384,27.49,,Estandar,No,85.88
PKG-3385,6.19,678.5,Estandar,No,71.91
PKG-3386,4.3,592.1,Express,No,68.23
PKG-3387,1.3,439.1,Estandar,No,46.52
PKG-3388,6.26,669.0,Estandar,Si,82.27
PKG-3389,13.31,449.0,Express,Si,92.7
PKG-3390,20.0,206.4,Estandar,Si,72.79
PKG-3391,0.68,362.4,Estandar,Si,47.77
PKG-3392,11.64,749.5,Mismo_Dia,No,115.87
PKG-3393,16.31,47.0,Estandar,No,36.36
PKG-3394,28.32,465.3,Estandar,No,94.03
PKG-3395,22.81,471.8,Estandar,No,80.54
PKG-3396,22.22,383.7,Estandar,No,76.93
PKG-3397,12.88,424.1,Express,No,77.53
PKG-3398,1.34,649.1,Estandar,No,52.9
PKG-3399,5.82,12.8,Estandar,No,15.37
PKG-3400,17.65,339.0,Express,Si,87.97
PKG-3401,10.67,367.3,Express,No,61.63
PKG-3402,13.45,56.4,Estandar,Si,47.47
PKG-3403,20.86,36.3,Estandar,No,43.3
PKG-3404,7.08,683.7,Estandar,No,73.05
PKG-3405,20.2,364.3,Mismo_Dia,No,98.27
PKG-3406,24.54,630.0,Estandar,No,96.69
PKG-3407,4.38,769.6,Mismo_Dia,No,104.27
PKG-3408,1.35,454.1,Mismo_Dia,No,80.73
PKG-3409,1.2,,Estandar,No,62.72
PKG-3410,,185.0,Estandar,No,63.31
PKG-3411,13.79,308.5,Estandar,No,52.48
PKG-3412,15.89,399.0,Estandar,No,63.84
PKG-3413,11.44,445.8,Mismo_Dia,No,92.95
PKG-3414,27.2,196.9,Estandar,No,69.1
PKG-3415,14.76,446.0,Estandar,No,62.11
PKG-3416,4.81,704.6,Express,No,84.22
PKG-3417,4.8,182.1,Express,No,41.35
PKG-3418,27.22,97.8,Estandar,Si,72.09
PKG-3419,5.37,315.3,Estandar,No,40.68
PKG-3420,10.93,267.2,Estandar,Si,56.44
PKG-3421,8.29,375.3,Mismo_Dia,Si,90.79
PKG-3422,25.43,649.1,Express,Si,127.97
PKG-3423,11.13,526.0,Estandar,No,68.92
PKG-3424,13.03,117.3,Estandar,No,44.52
PKG-3425,18.06,601.8,Express,No,95.51
PKG-3426,20.32,442.7,Express,Si,103.2
PKG-3427,16.81,701.3,Estandar,No,93.17
PKG-3428,10.2,695.4,Estandar,No,82.57
PKG-3429,19.07,,Express,No,112.18
PKG-3430,27.37,319.5,Estandar,No,82.11
PKG-3431,26.19,777.1,Express,Si,135.0
PKG-3432,23.43,,Estandar,No,89.43
PKG-3433,10.74,343.4,Express,Si,73.11
PKG-3434,2.68,781.0,Express,No,82.9
PKG-3435,1.09,604.1,Express,No,73.5
PKG-3436,6.63,778.9,Mismo_Dia,No,110.52
PKG-3437,17.59,710.1,Express,No,103.61
PKG-3438,5.44,386.8,Estandar,No,41.96
PKG-3439,9.4,466.8,Estandar,No,63.37
PKG-3440,0.85,54.2,Estandar,No,8.52
PKG-3441,7.95,591.7,Mismo_Dia,Si,109.59
PKG-3442,21.64,191.4,Mismo_Dia,No,94.87
PKG-3443,21.59,795.6,Estandar,No,106.1
PKG-3444,28.25,162.0,Estandar,No,65.48
PKG-3445,12.15,465.4,Estandar,Si,78.45
PKG-3446,20.6,518.4,Mismo_Dia,No,110.4
PKG-3447,3.24,588.6,Estandar,No,53.37
PKG-3448,1.36,454.7,Mismo_Dia,Si,87.65
PKG-3449,,39.0,Estandar,Si,29.48
PKG-3450,24.72,729.6,Estandar,No,113.59
PKG-3451,,384.8,Estandar,No,87.47
PKG-3452,17.9,707.4,Estandar,No,88.04
PKG-3453,12.49,,Mismo_Dia,No,98.61
PKG-3454,4.21,183.7,Express,No,34.21
PKG-3455,15.14,373.1,Express,No,68.91
PKG-3456,12.14,511.9,Mismo_Dia,No,97.99
PKG-3457,20.93,316.4,Estandar,No,65.51
PKG-3458,16.66,,Estandar,No,59.89
PKG-3459,5.68,32.6,Express,Si,40.54
PKG-3460,16.22,614.0,Estandar,Si,93.78
PKG-3461,2.03,658.3,Express,No,79.33
PKG-3462,15.89,539.0,Express,No,91.1
PKG-3463,28.06,333.2,Estandar,No,76.75
PKG-3464,26.23,512.9,Express,No,105.44
PKG-3465,6.29,581.6,Express,No,79.17
PKG-3466,23.47,775.9,Express,No,120.1
PKG-3467,,640.6,Estandar,No,74.89
PKG-3468,26.66,287.3,Express,Si,100.26
PKG-3469,0.74,511.7,Express,No,51.68
PKG-3470,26.21,566.6,Express,Si,124.61
PKG-3471,27.3,108.9,Estandar,No,66.88
PKG-3472,17.16,175.5,Express,No,64.71
PKG-3473,29.62,130.0,Express,No,83.37
PKG-3474,17.54,282.5,Estandar,No,60.11
PKG-3475,16.04,,Express,Si,108.38
PKG-3476,29.15,625.8,Estandar,No,108.78
PKG-3477,19.72,486.1,Express,No,96.54
PKG-3478,21.86,60.2,Estandar,No,41.27
PKG-3479,6.48,523.5,Mismo_Dia,No,91.02
PKG-3480,7.62,441.9,Estandar,Si,72.05
PKG-3481,12.16,626.5,Estandar,No,82.09
PKG-3482,2.84,734.2,Express,Si,100.63
PKG-3483,21.39,517.3,Express,No,93.76
PKG-3484,29.63,505.5,Estandar,No,98.51
PKG-3485,6.93,113.2,Express,No,45.43
PKG-3486,24.17,589.4,Express,No,106.02
PKG-3487,5.09,605.9,Estandar,Si,72.78
PKG-3488,11.04,214.4,Estandar,No,42.52
PKG-3489,,478.6,Mismo_Dia,No,80.0
PKG-3490,6.15,113.3,Estandar,No,23.14
PKG-3491,17.91,696.1,Estandar,Si,101.34
PKG-3492,27.86,210.4,Estandar,Si,87.08
PKG-3493,14.79,64.0,Estandar,No,34.09
PKG-3494,15.0,428.1,Estandar,No,62.34
PKG-3495,12.13,388.2,Estandar,No,58.8
PKG-3496,15.36,161.2,Express,Si,72.99
PKG-3497,25.2,389.1,Mismo_Dia,No,114.75
PKG-3498,21.61,316.1,Estandar,No,74.88
PKG-3499,19.63,189.2,Express,No,66.51
PKG-3500,18.98,304.9,Express,Si,83.08
PKG-3501,17.73,432.3,Express,No,89.66
PKG-3502,16.73,587.2,Express,No,97.64
PKG-3503,,198.1,Express,No,59.24
PKG-3504,25.32,125.8,Mismo_Dia,Si,101.95
PKG-3505,4.69,115.7,Express,No,33.97
PKG-3506,18.25,381.5,Estandar,Si,81.76
PKG-3507,12.25,297.7,Estandar,Si,67.86
PKG-3508,23.55,464.7,Estandar,No,85.07
PKG-3509,16.62,336.5,Estandar,No,56.19
PKG-3510,2.71,739.3,Estandar,No,72.34
PKG-3511,24.59,77.4,Express,No,65.22
PKG-3512,10.95,524.7,Estandar,No,66.41
PKG-3513,14.67,441.5,Express,No,80.47
PKG-3514,13.04,353.4,Mismo_Dia,No,82.41
PKG-3515,15.29,768.5,Estandar,Si,107.47
PKG-3516,9.38,662.9,Estandar,Si,79.21
PKG-3517,20.3,741.8,Mismo_Dia,No,132.54
PKG-3518,15.26,170.3,Estandar,Si,57.69
PKG-3519,13.09,,Express,No,93.9
PKG-3520,8.99,,Express,Si,91.67
PKG-3521,,248.5,Estandar,No,33.89
PKG-3522,,385.1,Express,No,68.58
PKG-3523,1.81,289.0,Estandar,Si,39.77
PKG-3524,13.27,743.7,Mismo_Dia,No,121.33
PKG-3525,10.13,662.3,Mismo_Dia,No,100.31
PKG-3526,4.8,36.6,Estandar,No,16.12
PKG-3527,2.47,339.8,Estandar,Si,49.1
PKG-3528,13.37,215.1,Express,No,59.23
PKG-3529,24.04,,Express,No,72.9
PKG-3530,14.79,633.4,Estandar,No,83.47
PKG-3531,15.5,774.4,Estandar,No,91.27
PKG-3532,6.7,529.7,Express,No,72.17
PKG-3533,25.38,365.9,Mismo_Dia,No,111.11
PKG-3534,23.33,749.5,Mismo_Dia,No,135.54
PKG-3535,7.76,293.4,Mismo_Dia,No,66.29
PKG-3536,8.59,488.3,Express,No,77.62
PKG-3537,2.16,642.2,Estandar,Si,71.16
PKG-3538,29.5,639.0,Estandar,No,113.04
PKG-3539,13.07,85.5,Estandar,No,27.52
PKG-3540,24.75,756.1,Estandar,No,108.28
PKG-3541,10.53,549.0,Estandar,Si,83.78
PKG-3542,22.63,296.6,Express,No,79.78
PKG-3543,5.59,483.0,Estandar,No,59.22
PKG-3544,11.19,765.0,Estandar,No,88.82
PKG-3545,14.45,,Mismo_Dia,No,68.03
PKG-3546,27.13,469.5,Express,No,105.29
PKG-3547,28.15,89.7,Estandar,No,61.36
PKG-3548,23.41,597.1,Estandar,No,100.54
PKG-3549,6.82,380.2,Estandar,Si,59.98
PKG-3550,23.52,215.9,Mismo_Dia,Si,107.37
PKG-3551,15.23,525.1,Express,Si,101.04
PKG-3552,11.97,548.3,Estandar,No,71.36
PKG-3553,16.64,240.2,Estandar,No,56.95
PKG-3554,,308.1,Express,Si,91.24
PKG-3555,17.1,114.9,Estandar,Si,57.38
PKG-3556,17.9,383.2,Express,No,76.41
PKG-3557,22.86,123.3,Estandar,No,59.91
PKG-3558,2.98,224.0,Estandar,No,31.96
PKG-3559,28.98,324.3,Estandar,Si,96.57
PKG-3560,26.88,283.9,Mismo_Dia,No,105.87
PKG-3561,25.95,136.7,Estandar,No,57.58
PKG-3562,,591.8,Express,No,78.88
PKG-3563,8.65,150.1,Estandar,No,27.36
PKG-3564,12.48,723.0,Estandar,Si,99.47
PKG-3565,4.56,777.1,Estandar,No,75.54
PKG-3566,25.57,623.6,Mismo_Dia,No,131.08
PKG-3567,14.17,526.6,Estandar,Si,89.98
PKG-3568,19.12,608.1,Express,Si,119.35
PKG-3569,15.17,155.4,Express,Si,70.94
PKG-3570,7.04,239.4,Mismo_Dia,No,65.72
PKG-3571,7.64,353.4,Express,No,62.16
PKG-3572,1.48,159.0,Express,No,33.36
PKG-3573,11.18,327.0,Express,No,61.56
PKG-3574,8.93,490.1,Express,No,69.87
PKG-3575,8.26,533.8,Estandar,No,59.08
PKG-3576,7.3,510.0,Mismo_Dia,No,89.03
PKG-3577,25.51,,Estandar,Si,66.81
PKG-3578,16.02,614.7,Mismo_Dia,No,117.48
PKG-3579,5.47,535.6,Express,Si,86.67
PKG-3580,,676.7,Estandar,Si,109.83
PKG-3581,3.68,565.6,Estandar,No,55.99
PKG-3582,6.85,482.3,Mismo_Dia,No,89.98
PKG-3583,19.13,589.0,Express,No,95.37
PKG-3584,22.75,703.0,Express,Si,126.05
PKG-3585,8.06,,Mismo_Dia,Si,95.95
PKG-3586,20.96,329.1,Estandar,No,72.76
PKG-3587,2.19,768.6,Estandar,No,65.43
PKG-3588,8.53,609.4,Mismo_Dia,Si,105.11
PKG-3589,16.07,467.2,Estandar,No,65.24
PKG-3590,20.94,498.8,Express,Si,102.22
PKG-3591,,268.5,Express,No,38.52
PKG-3592,3.52,71.1,Estandar,No,16.42
PKG-3593,29.57,287.9,Estandar,Si,95.14
PKG-3594,27.56,323.3,Mismo_Dia,Si,123.51
PKG-3595,19.38,,Mismo_Dia,Si,109.76
PKG-3596,24.21,92.5,Estandar,Si,68.11
PKG-3597,7.34,,Estandar,No,59.51
PKG-3598,27.42,774.1,Estandar,No,120.37
PKG-3599,19.25,87.4,Express,No,63.0
PKG-3600,,243.1,Estandar,No,68.35
PKG-3601,24.25,239.0,Mismo_Dia,No,99.2
PKG-3602,27.96,770.4,Express,Si,144.03
PKG-3603,23.23,296.3,Estandar,No,75.44
PKG-3604,4.61,717.2,Mismo_Dia,No,100.34
PKG-3605,20.13,307.5,Express,Si,91.65
PKG-3606,0.83,683.4,Estandar,No,61.82
PKG-3607,8.94,659.8,Express,No,82.18
PKG-3608,29.82,82.5,Express,No,80.22
PKG-3609,24.29,661.3,Estandar,No,93.48
PKG-3610,28.41,538.2,Mismo_Dia,No,129.34
PKG-3611,1.79,278.0,Express,Si,56.83
PKG-3612,8.87,237.3,Estandar,No,37.42
PKG-3613,20.14,470.6,Express,Si,105.33
PKG-3614,23.23,,Express,Si,78.45
PKG-3615,11.21,122.5,Express,Si,59.55
PKG-3616,13.93,77.2,Express,Si,55.75
PKG-3617,,588.4,Estandar,No,104.24
PKG-3618,3.0,544.2,Mismo_Dia,No,83.32
PKG-3619,24.49,784.3,Express,No,121.56
PKG-3620,16.38,360.8,Estandar,No,68.51
PKG-3621,19.4,683.7,Express,No,106.85
PKG-3622,24.18,656.0,Express,No,113.47
PKG-3623,1.04,793.2,Estandar,No,74.88
PKG-3624,1.25,174.0,Express,No,38.3
PKG-3625,4.42,799.1,Estandar,Si,87.86
PKG-3626,21.72,571.2,Estandar,Si,97.83
PKG-3627,13.41,406.7,Express,Si,87.9
PKG-3628,8.2,,Express,Si,79.35
PKG-3629,,565.0,Express,Si,100.37
PKG-3630,,113.3,Estandar,No,37.9
PKG-3631,3.77,736.3,Express,No,90.88
PKG-3632,17.56,204.8,Estandar,No,52.67
PKG-3633,28.66,,Estandar,No,69.94
PKG-3634,11.7,413.7,Express,No,74.48
PKG-3635,18.6,200.2,Estandar,Si,64.71
PKG-3636,18.43,674.4,Estandar,Si,106.76
PKG-3637,2.15,788.5,Estandar,No,71.55
PKG-3638,24.86,228.1,Estandar,Si,73.54
PKG-3639,20.35,779.2,Estandar,No,103.82
PKG-3640,5.68,85.2,Mismo_Dia,No,47.54
PKG-3641,29.98,719.5,Estandar,Si,130.55
PKG-3642,29.39,322.0,Estandar,Si,100.91
PKG-3643,,180.1,Estandar,Si,61.64
PKG-3644,4.03,141.3,Estandar,No,24.13
PKG-3645,15.44,208.7,Estandar,No,48.72
PKG-3646,26.36,516.5,Express,Si,116.64
PKG-3647,19.62,238.8,Express,No,79.48
PKG-3648,18.29,544.9,Mismo_Dia,No,106.63
PKG-3649,5.74,180.4,Express,No,44.47
PKG-3650,16.83,246.1,Mismo_Dia,No,90.26
PKG-3651,24.81,799.7,Estandar,No,113.43
PKG-3652,28.4,414.9,Estandar,No,93.08
PKG-3653,24.65,666.5,Estandar,No,101.19
PKG-3654,14.49,670.5,Mismo_Dia,No,114.63
PKG-3655,26.94,548.8,Express,No,109.57
PKG-3656,14.36,355.8,Estandar,No,55.12
PKG-3657,26.73,339.9,Express,No,88.12
PKG-3658,,686.1,Mismo_Dia,No,102.7
PKG-3659,17.48,471.7,Mismo_Dia,Si,112.33
PKG-3660,21.56,720.5,Mismo_Dia,Si,144.05
PKG-3661,14.46,,Express,No,82.07
PKG-3662,1.34,78.3,Estandar,Si,24.2
PKG-3663,28.2,495.6,Express,No,104.55
PKG-3664,11.95,76.9,Estandar,Si,43.19
PKG-3665,24.41,540.0,Mismo_Dia,No,127.84
PKG-3666,29.64,779.2,Mismo_Dia,No,155.55
PKG-3667,20.76,709.2,Express,No,112.32
PKG-3668,19.3,418.8,Mismo_Dia,No,99.94
PKG-3669,18.87,626.2,Express,Si,109.39
PKG-3670,1.45,57.3,Estandar,Si,24.11
PKG-3671,3.06,10.0,Estandar,No,9.26
PKG-3672,,122.5,Mismo_Dia,Si,80.05
PKG-3673,13.78,496.8,Estandar,No,72.42
PKG-3674,11.47,450.2,Express,No,76.23
PKG-3675,6.85,133.1,Estandar,No,31.21
PKG-3676,26.05,449.1,Estandar,No,86.56
PKG-3677,3.14,99.1,Estandar,No,17.26
PKG-3678,0.53,719.3,Mismo_Dia,No,94.02
PKG-3679,0.9,159.0,Estandar,Si,31.67
PKG-3680,4.63,101.1,Estandar,No,21.19
PKG-3681,18.51,589.9,Estandar,No,88.83
PKG-3682,17.26,337.8,Estandar,No,60.94
PKG-3683,15.45,315.9,Mismo_Dia,No,92.51
PKG-3684,25.93,157.8,Estandar,Si,77.54
PKG-3685,21.38,283.1,Express,No,77.97
PKG-3686,9.48,115.1,Estandar,Si,40.19
PKG-3687,13.83,427.8,Express,Si,92.67
PKG-3688,28.33,145.6,Estandar,No,67.39
PKG-3689,25.85,411.3,Estandar,No,82.12
PKG-3690,4.23,52.3,Express,No,29.36
PKG-3691,6.94,195.4,Express,Si,60.35
PKG-3692,2.38,134.7,Estandar,No,17.0
PKG-3693,12.62,657.0,Estandar,No,85.61
PKG-3694,,483.6,Express,No,72.5
PKG-3695,27.11,129.2,Estandar,Si,72.71
PKG-3696,0.69,261.6,Mismo_Dia,Si,65.68
PKG-3697,13.59,618.2,Mismo_Dia,No,111.08
PKG-3698,13.43,464.8,Estandar,No,65.02
PKG-3699,4.98,414.3,Express,No,56.52
PKG-3700,21.83,80.1,Mismo_Dia,No,80.01
PKG-3701,22.19,398.3,Express,No,89.33
PKG-3702,,,Express,No,86.36
PKG-3703,10.82,526.3,Mismo_Dia,Si,109.22
PKG-3704,27.31,354.7,Estandar,No,81.58
PKG-3705,18.45,236.0,Estandar,No,61.88
PKG-3706,3.96,309.5,Estandar,No,39.52
PKG-3707,9.09,300.0,Express,No,59.25
PKG-3708,5.8,697.5,Estandar,No,76.13
PKG-3709,12.24,161.3,Estandar,No,42.61
PKG-3710,2.73,65.1,Express,No,29.18
PKG-3711,17.6,407.7,Estandar,No,74.42
PKG-3712,15.12,735.8,Express,Si,121.09
PKG-3713,12.77,159.5,Express,No,52.18
PKG-3714,20.85,626.2,Express,No,99.22
PKG-3715,2.47,260.3,Mismo_Dia,No,59.76
PKG-3716,9.14,257.5,Express,No,48.52
PKG-3717,25.72,306.6,Estandar,Si,85.95
PKG-3718,14.61,43.5,Express,No,45.86
PKG-3719,22.22,221.2,Estandar,No,57.88
PKG-3720,21.89,338.8,Express,Si,95.7
PKG-3721,8.0,227.8,Estandar,No,38.43
PKG-3722,13.5,509.5,Mismo_Dia,Si,105.16
PKG-3723,24.34,701.4,Estandar,No,108.91
PKG-3724,1.73,521.5,Estandar,Si,65.73
PKG-3725,17.96,222.8,Express,No,68.63
PKG-3726,11.28,249.4,Estandar,No,38.66
PKG-3727,25.77,482.2,Estandar,Si,102.64
PKG-3728,19.64,186.7,Express,Si,75.25
PKG-3729,29.5,268.3,Mismo_Dia,Si,127.5
PKG-3730,19.12,225.4,Mismo_Dia,No,89.16
PKG-3731,8.15,84.4,Estandar,No,27.49
PKG-3732,17.8,593.6,Express,No,101.48
PKG-3733,7.46,351.1,Mismo_Dia,No,72.26
PKG-3734,22.71,770.9,Estandar,No,101.97
PKG-3735,20.98,473.4,Estandar,Si,92.1
PKG-3736,5.99,149.1,Estandar,No,26.04
PKG-3737,13.78,18.4,Estandar,Si,42.78
PKG-3738,20.42,187.5,Estandar,Si,68.77
PKG-3739,2.99,284.4,Estandar,Si,44.88
PKG-3740,12.59,248.4,Estandar,No,44.04
PKG-3741,20.06,37.4,Express,No,49.28
PKG-3742,17.1,319.9,Express,No,69.77
PKG-3743,24.77,17.0,Mismo_Dia,Si,92.68
PKG-3744,2.79,321.5,Express,No,49.16
PKG-3745,19.2,716.2,Express,No,105.05
PKG-3746,14.15,247.8,Express,Si,77.19
PKG-3747,26.09,640.1,Express,No,116.21
PKG-3748,25.54,546.3,Estandar,No,94.74
PKG-3749,21.2,619.6,Estandar,Si,99.75
PKG-3750,26.71,534.7,Mismo_Dia,No,126.76
PKG-3751,19.06,,Estandar,No,98.79
PKG-3752,10.24,329.3,Mismo_Dia,No,75.77
PKG-3753,2.42,,Estandar,No,12.32
PKG-3754,17.53,736.0,Express,No,112.6
PKG-3755,25.29,98.7,Estandar,No,58.55
PKG-3756,4.66,516.9,Estandar,No,60.74
PKG-3757,24.72,,Mismo_Dia,No,90.97
PKG-3758,3.15,,Estandar,No,28.13
PKG-3759,11.38,105.9,Express,No,49.74
PKG-3760,9.42,756.1,Estandar,No,84.32
PKG-3761,23.04,602.0,Estandar,No,93.43
PKG-3762,1.28,368.2,Express,No,50.53
PKG-3763,21.15,607.8,Express,No,110.16
PKG-3764,25.11,117.8,Express,No,68.66
PKG-3765,21.19,,Estandar,No,104.68
PKG-3766,2.99,741.3,Mismo_Dia,Si,118.99
PKG-3767,18.17,734.8,Estandar,No,97.11
PKG-3768,17.18,554.2,Estandar,No,76.65
PKG-3769,7.29,275.6,Estandar,No,38.72
PKG-3770,12.09,72.9,Estandar,No,30.69
PKG-3771,23.72,771.8,Estandar,No,106.44
PKG-3772,16.08,607.8,Estandar,No,84.7
PKG-3773,18.98,380.6,Express,No,82.6
PKG-3774,10.93,726.5,Estandar,No,83.35
PKG-3775,12.11,149.4,Estandar,No,38.72
PKG-3776,15.23,603.1,Mismo_Dia,No,115.67
PKG-3777,11.01,258.7,Estandar,No,36.84
PKG-3778,14.64,233.4,Mismo_Dia,Si,89.91
PKG-3779,25.8,788.7,Express,No,131.01
PKG-3780,21.48,117.7,Express,Si,76.8
PKG-3781,13.29,784.3,Express,Si,111.75
PKG-3782,5.68,148.0,Estandar,Si,41.51
PKG-3783,12.94,633.5,Mismo_Dia,No,110.99
PKG-3784,7.97,667.5,Mismo_Dia,Si,116.05
PKG-3785,11.81,111.7,Mismo_Dia,No,69.34
PKG-3786,24.27,712.6,Mismo_Dia,No,135.82
PKG-3787,2.04,771.2,Express,No,85.19
PKG-3788,27.31,756.0,Estandar,Si,124.27
PKG-3789,3.53,603.4,Mismo_Dia,No,88.97
PKG-3790,12.18,610.8,Estandar,No,73.55
PKG-3791,7.63,387.2,Express,No,62.37
PKG-3792,26.49,,Mismo_Dia,No,100.75
PKG-3793,3.22,294.6,Express,Si,60.88
PKG-3794,,287.6,Estandar,No,60.6
PKG-3795,5.03,601.5,Express,No,73.04
PKG-3796,4.18,384.8,Estandar,No,44.4
PKG-3797,8.74,320.0,Mismo_Dia,Si,87.83
PKG-3798,24.28,612.4,Estandar,No,94.64
PKG-3799,7.9,409.7,Express,No,58.89
PKG-3800,19.77,451.3,Express,Si,92.28
PKG-3801,13.6,611.6,Estandar,No,83.12
PKG-3802,24.76,241.5,Estandar,No,71.19
PKG-3803,24.85,508.5,Express,No,107.46
PKG-3804,4.53,340.7,Express,No,48.26
PKG-3805,17.83,145.9,Express,No,60.45
PKG-3806,3.59,280.9,Estandar,No,32.65
PKG-3807,24.6,178.4,Estandar,Si,70.94
PKG-3808,23.87,,Estandar,No,85.91
PKG-3809,1.86,737.3,Estandar,No,63.91
PKG-3810,14.6,340.0,Estandar,Si,72.11
PKG-3811,29.67,710.3,Mismo_Dia,No,146.12
PKG-3812,8.41,175.5,Estandar,No,32.11
PKG-3813,22.07,636.2,Express,No,108.11
PKG-3814,15.37,512.5,Express,No,88.98
PKG-3815,21.16,405.1,Express,Si,99.1
PKG-3816,9.33,518.2,Estandar,No,61.99
PKG-3817,8.17,455.1,Express,No,74.82
PKG-3818,10.28,144.8,Estandar,No,42.19
PKG-3819,15.54,739.0,Estandar,No,85.27
PKG-3820,3.29,409.2,Estandar,Si,54.83
PKG-3821,20.71,381.6,Estandar,No,67.3
PKG-3822,7.79,592.1,Mismo_Dia,No,97.34
PKG-3823,10.94,,Estandar,No,81.79
PKG-3824,25.92,,Estandar,Si,108.36
PKG-3825,,177.8,Express,No,73.6
PKG-3826,28.55,,Estandar,No,67.32
PKG-3827,4.65,59.0,Express,Si,37.07
PKG-3828,16.49,738.2,Mismo_Dia,No,116.28
PKG-3829,28.11,514.3,Express,Si,118.21
PKG-3830,19.48,165.7,Estandar,No,52.28
PKG-3831,8.09,792.5,Estandar,No,75.95
PKG-3832,26.58,214.4,Express,Si,94.67
PKG-3833,27.64,445.0,Express,Si,117.19
PKG-3834,6.07,499.5,Express,Si,79.91
PKG-3835,26.76,514.9,Estandar,No,94.08
PKG-3836,3.62,140.0,Estandar,No,22.56
PKG-3837,22.16,604.3,Express,No,110.89
PKG-3838,0.95,152.3,Express,Si,42.94
PKG-3839,,429.1,Estandar,Si,55.21
PKG-3840,18.9,96.7,Estandar,No,48.65
PKG-3841,1.53,694.2,Mismo_Dia,Si,109.77
PKG-3842,28.73,155.3,Estandar,Si,82.47
PKG-3843,,198.4,Estandar,No,33.64
PKG-3844,23.84,287.9,Estandar,No,79.12
PKG-3845,27.72,361.8,Express,No,97.81
PKG-3846,1.6,220.4,Express,No,38.27
PKG-3847,23.92,586.5,Mismo_Dia,No,121.63
PKG-3848,13.77,608.3,Estandar,No,77.65
PKG-3849,25.37,70.0,Express,No,68.39
PKG-3850,11.93,577.0,Express,No,83.1
PKG-3851,14.11,272.1,Estandar,No,52.49
PKG-3852,13.83,760.0,Express,No,103.08
PKG-3853,18.63,675.8,Express,No,104.26
PKG-3854,16.8,496.0,Estandar,No,74.84
PKG-3855,9.42,648.3,Express,No,81.71
PKG-3856,28.93,62.9,Estandar,No,67.65
PKG-3857,27.15,710.8,Estandar,No,111.54
PKG-3858,15.69,252.8,Express,No,63.13
PKG-3859,11.2,494.5,Estandar,No,63.34
PKG-3860,13.23,211.9,Express,No,58.84
PKG-3861,28.89,652.5,Mismo_Dia,No,138.8
PKG-3862,4.67,652.0,Estandar,Si,76.1
PKG-3863,23.3,446.4,Estandar,Si,91.58
PKG-3864,12.49,343.4,Mismo_Dia,No,84.1
PKG-3865,29.97,365.4,Estandar,No,86.34
PKG-3866,8.91,557.5,Mismo_Dia,No,92.51
PKG-3867,2.08,90.8,Estandar,Si,29.62
PKG-3868,9.89,91.1,Estandar,Si,40.5
PKG-3869,4.17,344.2,Express,Si,62.84
PKG-3870,5.23,335.1,Express,No,47.18
PKG-3871,6.67,505.2,Express,No,71.58
PKG-3872,7.84,314.1,Express,Si,63.35
PKG-3873,23.05,324.9,Mismo_Dia,No,98.12
PKG-3874,26.48,200.7,Express,No,82.22
PKG-3875,8.58,352.7,Mismo_Dia,No,70.62
PKG-3876,20.48,92.1,Express,No,63.44
PKG-3877,4.96,493.7,Estandar,No,46.16
PKG-3878,,98.5,Mismo_Dia,No,65.02
PKG-3879,22.34,68.0,Express,No,65.4
PKG-3880,20.48,107.4,Express,No,66.36
PKG-3881,9.18,510.2,Estandar,No,61.54
PKG-3882,16.81,,Estandar,No,101.61
PKG-3883,19.92,366.8,Estandar,Si,93.83
PKG-3884,23.11,,Estandar,No,77.35
PKG-3885,29.72,28.2,Estandar,No,60.08
PKG-3886,20.86,618.6,Express,No,99.32
PKG-3887,16.5,273.7,Estandar,Si,65.74
PKG-3888,,728.3,Estandar,No,77.46
PKG-3889,29.23,110.6,Estandar,No,58.07
PKG-3890,15.84,260.7,Express,Si,81.97
PKG-3891,22.95,457.8,Express,No,100.45
PKG-3892,28.44,334.9,Estandar,No,82.4
PKG-3893,22.15,338.2,Mismo_Dia,No,103.09
PKG-3894,1.66,667.0,Mismo_Dia,No,87.21
PKG-3895,23.45,262.4,Express,No,81.67
PKG-3896,1.6,307.6,Estandar,No,32.51
PKG-3897,7.55,375.9,Estandar,No,50.31
PKG-3898,1.9,630.2,Estandar,No,65.62
PKG-3899,,298.4,Mismo_Dia,No,100.96
PKG-3900,,401.1,Express,No,94.31
PKG-3901,22.54,442.3,Express,No,90.55
PKG-3902,20.76,282.7,Express,No,76.9
PKG-3903,5.4,616.0,Estandar,Si,72.9
PKG-3904,27.59,55.1,Estandar,No,63.7
PKG-3905,0.96,257.4,Estandar,No,31.38
PKG-3906,20.01,281.7,Estandar,No,65.84
PKG-3907,27.89,105.5,Estandar,No,64.99
PKG-3908,27.96,223.9,Express,No,91.34
PKG-3909,,223.7,Estandar,Si,58.82
PKG-3910,24.93,449.3,Express,No,98.52
PKG-3911,0.89,94.6,Express,No,24.78
PKG-3912,24.5,493.2,Estandar,No,85.42
PKG-3913,0.74,,Mismo_Dia,No,58.61
PKG-3914,5.48,522.8,Express,No,73.09
PKG-3915,6.73,538.1,Express,No,71.34
PKG-3916,24.37,94.6,Estandar,No,53.59
PKG-3917,9.95,567.5,Express,Si,90.32
PKG-3918,9.89,637.3,Express,Si,95.91
PKG-3919,29.49,,Mismo_Dia,No,134.23
PKG-3920,19.65,130.7,Mismo_Dia,No,80.83
PKG-3921,26.77,649.1,Estandar,No,104.52
PKG-3922,7.9,626.3,Express,No,91.58
PKG-3923,27.12,588.7,Estandar,No,104.08
PKG-3924,22.95,110.0,Express,No,67.92
PKG-3925,8.36,580.6,Estandar,Si,79.73
PKG-3926,23.12,332.3,Estandar,No,74.79
PKG-3927,,270.8,Estandar,No,37.93
PKG-3928,7.54,473.6,Express,No,65.57
PKG-3929,23.94,108.4,Express,Si,80.79
PKG-3930,1.06,333.2,Express,Si,54.68
PKG-3931,8.69,451.7,Estandar,No,57.42
PKG-3932,26.66,573.8,Express,No,117.06
PKG-3933,11.17,477.4,Express,No,74.18
PKG-3934,19.79,395.8,Express,No,83.41
PKG-3935,12.0,459.4,Express,No,77.25
PKG-3936,,501.1,Mismo_Dia,No,114.37
PKG-3937,15.86,481.0,Estandar,No,76.71
PKG-3938,16.11,451.4,Mismo_Dia,Si,104.84
PKG-3939,20.76,,Express,Si,102.29
PKG-3940,29.02,300.1,Express,Si,102.3
PKG-3941,25.06,364.2,Mismo_Dia,No,111.78
PKG-3942,13.1,672.0,Express,No,94.58
PKG-3943,11.6,605.6,Express,No,88.74
PKG-3944,5.29,473.2,Express,No,65.12
PKG-3945,14.25,200.7,Express,No,55.95
PKG-3946,7.37,690.3,Estandar,No,79.32
PKG-3947,6.32,545.3,Express,No,68.82
PKG-3948,,462.4,Express,No,56.14
PKG-3949,7.02,759.8,Estandar,No,82.1
PKG-3950,1.74,141.7,Estandar,Si,30.55
PKG-3951,29.28,489.0,Express,No,113.0
PKG-3952,27.64,557.9,Express,No,113.1
PKG-3953,6.73,,Express,No,40.17
PKG-3954,17.19,650.7,Estandar,No,84.05
PKG-3955,24.8,259.5,Mismo_Dia,No,96.24
PKG-3956,5.26,785.1,Express,No,94.44
PKG-3957,26.93,447.7,Estandar,No,95.83
PKG-3958,24.21,380.3,Estandar,No,76.31
PKG-3959,17.67,442.5,Estandar,No,75.04
PKG-3960,4.63,531.7,Estandar,No,51.52
PKG-3961,1.89,707.1,Mismo_Dia,Si,106.38
PKG-3962,7.36,286.8,Express,No,55.47
PKG-3963,17.92,196.0,Express,No,69.77
PKG-3964,26.62,383.1,Mismo_Dia,No,113.26
PKG-3965,11.78,107.3,Express,Si,54.75
PKG-3966,19.48,493.6,Estandar,Si,89.3
PKG-3967,10.73,713.6,Estandar,Si,95.93
PKG-3968,4.39,324.3,Estandar,Si,53.8
PKG-3969,19.39,785.7,Estandar,No,101.25
PKG-3970,19.93,652.4,Express,No,102.15
PKG-3971,,522.3,Mismo_Dia,No,87.94
PKG-3972,,,Estandar,Si,65.85
PKG-3973,,339.0,Estandar,No,60.63
PKG-3974,12.64,552.5,Mismo_Dia,No,97.99
PKG-3975,11.84,109.6,Estandar,No,30.01
PKG-3976,7.79,758.4,Mismo_Dia,No,107.31
PKG-3977,4.14,364.3,Estandar,Si,57.93
PKG-3978,15.68,327.8,Estandar,No,61.06
PKG-3979,6.62,64.8,Estandar,Si,32.96
PKG-3980,26.89,228.0,Mismo_Dia,No,108.53
PKG-3981,29.47,424.4,Estandar,No,100.82
PKG-3982,24.63,655.5,Mismo_Dia,Si,142.56
PKG-3983,16.95,506.8,Estandar,No,77.26
PKG-3984,26.98,242.2,Estandar,Si,84.33
PKG-3985,15.14,715.0,Estandar,No,88.48
PKG-3986,16.42,56.2,Estandar,No,34.75
PKG-3987,12.27,663.7,Express,No,92.21
PKG-3988,13.46,464.1,Estandar,No,62.8
PKG-3989,7.93,503.0,Express,No,67.65
PKG-3990,0.58,629.1,Estandar,No,53.25
PKG-3991,12.64,460.1,Express,No,79.65
PKG-3992,24.25,622.9,Estandar,Si,114.07
PKG-3993,23.32,383.2,Estandar,Si,88.9
PKG-3994,28.04,313.4,Express,No,101.47
PKG-3995,16.79,689.1,Express,No,97.75
PKG-3996,16.21,584.2,Estandar,No,77.93
PKG-3997,15.26,263.1,Estandar,No,44.89
PKG-3998,28.39,489.9,Mismo_Dia,Si,138.9
PKG-3999,24.89,785.2,Mismo_Dia,No,143.53
PKG-4000,27.98,401.3,Estandar,No,92.93
PKG-4001,6.08,408.7,Estandar,Si,57.63
PKG-4002,16.03,82.5,Estandar,Si,52.83
PKG-4003,9.72,422.9,Estandar,No,62.29
PKG-4004,22.62,325.9,Estandar,No,71.94
PKG-4005,,374.5,Estandar,No,56.47
PKG-4006,12.71,746.7,Express,No,102.51
PKG-4007,17.51,214.7,Mismo_Dia,No,84.45
PKG-4008,28.2,254.6,Estandar,No,79.83
PKG-4009,10.85,619.0,Estandar,No,72.19
PKG-4010,23.54,770.1,Express,No,124.01
PKG-4011,17.39,607.5,Express,No,99.02
PKG-4012,27.05,587.5,Estandar,Si,114.57
PKG-4013,26.32,307.7,Estandar,No,81.1
PKG-4014,24.1,748.0,Estandar,Si,118.41
PKG-4015,25.79,40.1,Estandar,No,55.7
PKG-4016,15.94,472.6,Mismo_Dia,No,104.27
PKG-4017,7.3,223.6,Express,No,53.44
PKG-4018,21.65,345.9,Estandar,No,63.5
PKG-4019,24.5,310.1,Estandar,No,76.67
PKG-4020,,502.2,Estandar,No,85.83
PKG-4021,11.6,695.4,Estandar,No,84.22
PKG-4022,8.72,,Estandar,No,54.75
PKG-4023,9.03,519.1,Estandar,No,66.08
PKG-4024,14.36,657.8,Express,Si,109.38
PKG-4025,1.96,,Estandar,No,70.98
PKG-4026,14.66,72.9,Estandar,No,30.79
PKG-4027,24.79,797.4,Express,No,126.13
PKG-4028,20.47,366.6,Mismo_Dia,Si,113.17
PKG-4029,15.39,427.3,Express,No,84.24
PKG-4030,17.21,178.1,Estandar,No,50.31
PKG-4031,8.35,96.4,Express,No,37.89
PKG-4032,4.26,453.2,Estandar,No,43.05
PKG-4033,21.16,330.5,Express,Si,89.6
PKG-4034,19.09,313.6,Express,Si,93.89
PKG-4035,14.46,108.2,Mismo_Dia,No,70.87
PKG-4036,4.76,98.1,Estandar,Si,37.81
PKG-4037,28.18,307.3,Express,No,92.23
PKG-4038,7.97,22.4,Mismo_Dia,Si,62.77
PKG-4039,16.43,457.7,Express,Si,97.76
PKG-4040,3.0,638.2,Express,No,74.23
PKG-4041,18.03,750.3,Estandar,No,103.59
PKG-4042,,519.8,Mismo_Dia,No,89.49
PKG-4043,25.21,557.0,Mismo_Dia,No,119.07
PKG-4044,,86.7,Express,No,55.17
PKG-4045,20.26,556.0,Express,Si,116.47
PKG-4046,15.08,220.5,Estandar,Si,65.37
PKG-4047,13.49,635.5,Estandar,No,83.94
PKG-4048,13.39,395.7,Estandar,Si,66.22
PKG-4049,10.87,584.9,Mismo_Dia,Si,109.89
PKG-4050,8.11,550.4,Estandar,No,61.63
PKG-4051,13.47,640.0,Mismo_Dia,Si,122.89
PKG-4052,,576.3,Express,Si,128.97
PKG-4053,18.63,540.5,Estandar,No,83.3
PKG-4054,11.78,601.0,Estandar,No,72.55
PKG-4055,16.55,435.9,Express,No,76.7
PKG-4056,28.63,761.0,Estandar,No,115.46
PKG-4057,20.8,,Mismo_Dia,No,85.04
PKG-4058,23.37,549.0,Estandar,No,91.42
PKG-4059,7.11,187.0,Estandar,No,32.4
PKG-4060,16.21,497.2,Estandar,No,78.39
PKG-4061,6.55,616.8,Estandar,Si,78.81
PKG-4062,28.62,527.2,Estandar,No,94.64
PKG-4063,29.4,428.6,Estandar,Si,100.17
PKG-4064,28.46,,Estandar,Si,73.01
PKG-4065,,586.0,Estandar,No,60.01
PKG-4066,5.14,90.7,Express,Si,42.32
PKG-4067,25.97,297.2,Estandar,Si,85.03
PKG-4068,20.29,438.1,Express,Si,102.56
PKG-4069,25.19,431.8,Estandar,Si,99.58
PKG-4070,3.57,381.8,Estandar,Si,61.17
PKG-4071,2.67,650.7,Estandar,Si,77.25
PKG-4072,28.66,237.9,Estandar,Si,88.29
PKG-4073,6.81,786.3,Mismo_Dia,Si,116.63
PKG-4074,26.45,249.3,Estandar,Si,86.34
PKG-4075,12.15,482.7,Estandar,No,66.03
PKG-4076,2.78,765.7,Mismo_Dia,No,95.15
PKG-4077,11.19,381.4,Mismo_Dia,No,95.43
PKG-4078,5.17,631.3,Express,Si,91.06
PKG-4079,5.58,351.5,Estandar,No,47.37
PKG-4080,8.86,586.7,Estandar,No,62.91
PKG-4081,12.47,194.1,Express,Si,69.11
PKG-4082,27.21,422.7,Express,No,98.31
PKG-4083,2.11,701.1,Mismo_Dia,No,100.4
PKG-4084,29.34,198.3,Estandar,No,77.22
PKG-4085,3.85,546.9,Estandar,No,59.29
PKG-4086,12.73,653.5,Express,No,87.43
PKG-4087,27.4,479.6,Express,No,105.39
PKG-4088,8.57,645.6,Express,No,89.92
PKG-4089,,744.9,Estandar,No,103.11
PKG-4090,11.87,112.1,Mismo_Dia,Si,77.92
PKG-4091,13.0,694.0,Express,No,100.28
PKG-4092,23.82,537.4,Express,No,109.44
PKG-4093,28.06,770.2,Express,No,130.68
PKG-4094,9.09,205.8,Mismo_Dia,No,66.34
PKG-4095,8.16,385.3,Express,No,59.94
PKG-4096,21.43,646.8,Estandar,Si,106.5
PKG-4097,14.68,43.0,Estandar,No,38.41
PKG-4098,12.41,673.7,Estandar,No,78.11
PKG-4099,28.53,640.3,Express,No,118.47
PKG-4100,23.05,170.1,Estandar,No,67.24
PKG-4101,13.45,337.5,Estandar,No,52.96
PKG-4102,6.42,93.7,Estandar,Si,35.31
PKG-4103,17.17,788.0,Express,No,112.85
PKG-4104,,385.9,Estandar,Si,66.28
PKG-4105,23.55,,Express,No,77.7
PKG-4106,23.65,25.4,Estandar,Si,62.53
PKG-4107,27.34,650.8,Express,Si,129.99
PKG-4108,14.24,397.3,Estandar,No,58.43
PKG-4109,8.23,322.4,Express,No,51.66
PKG-4110,19.14,356.2,Mismo_Dia,No,98.83
PKG-4111,21.32,278.2,Estandar,Si,78.03
PKG-4112,4.72,226.9,Estandar,No,32.46
PKG-4113,9.46,775.6,Estandar,No,89.23
PKG-4114,12.29,346.9,Estandar,Si,63.12
PKG-4115,25.26,362.6,Estandar,No,82.01
PKG-4116,5.41,449.9,Estandar,No,45.45
PKG-4117,11.31,,Estandar,No,45.35
PKG-4118,20.65,,Express,No,64.44
PKG-4119,25.36,490.1,Mismo_Dia,No,124.98
PKG-4120,17.79,394.6,Estandar,No,64.24
PKG-4121,7.97,304.7,Estandar,No,43.88
PKG-4122,4.68,390.1,Estandar,No,41.42
PKG-4123,,294.2,Express,Si,69.37
PKG-4124,1.09,308.2,Estandar,No,27.41
PKG-4125,26.04,447.1,Estandar,Si,101.3
PKG-4126,3.4,237.7,Mismo_Dia,No,63.02
PKG-4127,13.26,519.4,Mismo_Dia,No,95.28
PKG-4128,13.09,322.0,Express,Si,81.2
PKG-4129,2.39,656.4,Estandar,No,60.91
PKG-4130,0.96,217.0,Estandar,Si,41.0
PKG-4131,16.23,770.5,Express,No,114.26
PKG-4132,26.26,663.7,Estandar,No,106.79
PKG-4133,29.91,506.2,Estandar,Si,115.15
PKG-4134,3.16,503.5,Estandar,No,53.75
PKG-4135,4.88,172.7,Express,Si,51.66
PKG-4136,15.24,237.6,Estandar,No,47.52
PKG-4137,27.66,475.5,Estandar,No,89.6
PKG-4138,26.57,,Express,No,84.41
PKG-4139,14.39,572.8,Estandar,No,72.52
PKG-4140,16.97,725.5,Express,Si,124.74
PKG-4141,17.21,757.0,Express,Si,119.92
PKG-4142,8.6,473.3,Estandar,Si,72.12
PKG-4143,12.74,451.4,Estandar,No,62.39
PKG-4144,25.82,783.3,Estandar,No,113.39
PKG-4145,27.28,764.3,Estandar,No,112.64
PKG-4146,17.5,,Express,No,110.1
PKG-4147,6.07,445.4,Mismo_Dia,No,76.94
PKG-4148,11.2,592.7,Express,No,94.05
PKG-4149,11.95,171.1,Estandar,Si,46.06
PKG-4150,5.74,392.1,Express,Si,68.83
PKG-4151,18.35,715.6,Express,No,112.19
PKG-4152,7.47,402.8,Express,Si,73.31
PKG-4153,2.99,431.5,Estandar,No,41.72
PKG-4154,25.46,246.6,Mismo_Dia,No,100.56
PKG-4155,2.15,75.7,Estandar,No,19.95
PKG-4156,8.72,503.6,Express,No,77.21
PKG-4157,28.2,628.5,Express,No,120.95
PKG-4158,7.82,510.7,Express,Si,88.19
PKG-4159,17.66,545.6,Mismo_Dia,Si,123.93
PKG-4160,29.77,135.0,Express,No,76.81
PKG-4161,27.45,296.7,Estandar,Si,90.66
PKG-4162,6.88,365.7,Estandar,No,47.44
PKG-4163,24.82,158.0,Estandar,No,59.58
PKG-4164,,389.7,Estandar,No,62.62
PKG-4165,29.4,746.1,Estandar,No,111.03
PKG-4166,15.16,787.1,Estandar,Si,110.44
PKG-4167,,153.5,Estandar,No,55.4
PKG-4168,12.56,251.8,Estandar,Si,55.12
PKG-4169,4.15,757.6,Mismo_Dia,No,101.96
PKG-4170,8.83,664.8,Express,No,93.11
PKG-4171,12.01,148.3,Estandar,No,38.93
PKG-4172,15.19,25.5,Express,No,48.78
PKG-4173,12.1,384.8,Estandar,No,58.76
PKG-4174,13.79,474.7,Express,No,79.37
PKG-4175,18.28,384.5,Express,No,84.79
PKG-4176,20.62,347.6,Express,Si,104.71
PKG-4177,29.41,399.5,Estandar,Si,101.75
PKG-4178,29.4,537.0,Estandar,No,101.99
PKG-4179,,796.6,Estandar,No,88.2
PKG-4180,13.4,728.6,Mismo_Dia,Si,131.47
PKG-4181,1.67,366.1,Express,No,51.1
PKG-4182,8.79,423.1,Estandar,No,52.21
PKG-4183,27.43,39.1,Express,No,73.37
PKG-4184,12.03,566.6,Express,No,91.73
PKG-4185,14.53,495.2,Estandar,Si,80.01
PKG-4186,3.54,342.5,Estandar,No,43.27
PKG-4187,,490.9,Estandar,No,80.5
PKG-4188,13.71,372.9,Estandar,Si,72.13
PKG-4189,25.76,312.8,Express,No,89.42
PKG-4190,23.48,646.4,Estandar,No,103.74
PKG-4191,5.54,69.7,Express,No,30.91
PKG-4192,20.91,354.0,Mismo_Dia,No,106.09
PKG-4193,14.71,346.2,Estandar,No,58.77
PKG-4194,28.91,535.6,Estandar,No,93.03
PKG-4195,,376.5,Mismo_Dia,No,104.52
PKG-4196,29.56,786.2,Estandar,No,118.39
PKG-4197,27.0,717.5,Express,No,124.89
PKG-4198,,597.9,Express,No,111.47
PKG-4199,21.42,431.9,Express,No,98.51
PKG-4200,3.56,232.1,Express,Si,59.36
PKG-4201,,460.1,Estandar,No,45.3
PKG-4202,7.87,785.0,Estandar,No,76.75
PKG-4203,,10.2,Estandar,Si,63.36
PKG-4204,,642.3,Estandar,Si,92.08
PKG-4205,6.99,282.8,Mismo_Dia,No,63.35
PKG-4206,29.12,38.7,Estandar,Si,72.34
PKG-4207,10.34,699.1,Estandar,No,81.53
PKG-4208,20.22,301.9,Estandar,No,65.19
PKG-4209,3.79,339.9,Estandar,Si,50.09
PKG-4210,22.03,524.0,Express,Si,116.05
PKG-4211,20.45,377.6,Express,No,76.86
PKG-4212,14.23,58.8,Express,No,45.99
PKG-4213,17.98,287.2,Estandar,No,59.71
PKG-4214,29.29,770.9,Mismo_Dia,No,141.67
PKG-4215,10.23,456.8,Estandar,No,56.07
PKG-4216,27.46,42.5,Estandar,Si,63.31
PKG-4217,4.01,521.7,Estandar,No,51.04
PKG-4218,28.04,333.7,Estandar,No,84.63
PKG-4219,28.66,452.5,Express,No,105.65
PKG-4220,27.51,700.9,Mismo_Dia,Si,156.4
PKG-4221,22.01,390.0,Express,No,89.74
PKG-4222,20.58,707.9,Estandar,No,100.65
PKG-4223,18.67,241.5,Mismo_Dia,No,80.24
PKG-4224,12.76,61.4,Express,No,42.76
PKG-4225,1.36,66.8,Express,No,28.08
PKG-4226,22.58,457.1,Estandar,No,86.91
PKG-4227,0.98,254.4,Mismo_Dia,No,60.99
PKG-4228,17.52,12.1,Express,No,56.5
PKG-4229,24.02,756.2,Estandar,No,106.64
PKG-4230,25.73,621.8,Estandar,No,99.46
PKG-4231,7.85,209.7,Express,Si,60.8
PKG-4232,7.45,763.1,Estandar,Si,92.22
PKG-4233,16.51,50.2,Mismo_Dia,Si,81.22
PKG-4234,13.68,755.1,Estandar,No,91.08
PKG-4235,16.85,487.3,Estandar,No,74.75
PKG-4236,13.38,107.0,Mismo_Dia,No,63.03
PKG-4237,24.63,366.1,Estandar,Si,98.18
PKG-4238,15.54,729.3,Express,No,101.63
PKG-4239,23.66,116.0,Estandar,No,52.38
PKG-4240,17.73,387.2,Express,No,78.31
PKG-4241,29.58,463.0,Estandar,No,93.67
PKG-4242,,620.1,Mismo_Dia,No,133.39
PKG-4243,8.44,166.5,Estandar,No,33.24
PKG-4244,,336.4,Estandar,Si,78.37
PKG-4245,20.12,255.7,Estandar,Si,73.79
PKG-4246,25.61,660.9,Express,No,116.65
PKG-4247,10.7,359.3,Express,No,66.31
PKG-4248,9.65,540.2,Estandar,No,60.0
PKG-4249,23.9,495.2,Express,No,95.94
PKG-4250,18.79,270.2,Mismo_Dia,No,94.26
PKG-4251,2.02,571.7,Estandar,No,48.87
PKG-4252,14.83,104.7,Express,No,49.8
PKG-4253,24.93,29.2,Mismo_Dia,Si,97.09
PKG-4254,14.51,,Estandar,No,91.21
PKG-4255,3.6,173.8,Express,No,46.22
PKG-4256,16.15,154.0,Estandar,No,44.88
PKG-4257,27.15,114.8,Express,No,78.36
PKG-4258,17.78,287.7,Estandar,No,62.6
PKG-4259,,576.6,Mismo_Dia,No,109.69
PKG-4260,21.04,140.2,Estandar,No,51.51
PKG-4261,7.39,533.3,Estandar,No,64.12
PKG-4262,12.64,282.4,Estandar,No,52.67
PKG-4263,14.95,764.5,Estandar,No,99.08
PKG-4264,11.32,116.5,Estandar,No,32.91
PKG-4265,15.58,770.6,Estandar,No,98.81
PKG-4266,,79.1,Express,No,74.73
PKG-4267,,416.5,Express,No,80.26
PKG-4268,4.31,685.5,Estandar,Si,79.83
PKG-4269,12.86,313.2,Estandar,No,51.1
PKG-4270,20.74,,Estandar,No,76.84
PKG-4271,,656.1,Estandar,No,89.74
PKG-4272,18.3,169.2,Express,Si,74.87
PKG-4273,12.39,28.9,Estandar,No,24.77
PKG-4274,27.77,72.4,Express,Si,83.92
PKG-4275,14.99,110.3,Estandar,No,42.67
PKG-4276,4.29,458.2,Estandar,No,52.29
PKG-4277,8.54,661.2,Express,No,87.99
PKG-4278,12.35,85.9,Estandar,No,35.76
PKG-4279,0.82,136.5,Estandar,Si,32.86
PKG-4280,9.92,542.2,Estandar,No,63.78
PKG-4281,24.41,417.2,Estandar,Si,93.15
PKG-4282,15.3,374.5,Express,No,67.99
PKG-4283,11.4,440.0,Estandar,Si,68.13
PKG-4284,4.56,206.7,Express,No,40.51
PKG-4285,11.79,550.0,Express,No,84.24
PKG-4286,14.97,502.4,Estandar,No,65.69
PKG-4287,29.22,752.8,Estandar,No,115.97
PKG-4288,26.97,21.3,Estandar,No,51.14
PKG-4289,13.82,376.6,Express,No,74.55
PKG-4290,8.72,647.8,Express,No,85.26
PKG-4291,22.37,92.5,Estandar,No,50.59
PKG-4292,7.11,568.4,Express,No,82.75
PKG-4293,3.09,51.4,Estandar,No,10.73
PKG-4294,11.41,561.2,Estandar,No,69.97
PKG-4295,,610.4,Estandar,No,82.11
PKG-4296,11.66,22.7,Express,Si,62.38
PKG-4297,11.06,654.3,Estandar,No,72.48
PKG-4298,18.2,135.2,Express,No,59.02
PKG-4299,29.74,221.9,Estandar,Si,84.27
PKG-4300,4.44,759.9,Express,No,88.75
PKG-4301,23.34,732.8,Express,No,117.34
PKG-4302,23.54,381.0,Express,Si,104.73
PKG-4303,29.76,225.0,Estandar,No,71.85
PKG-4304,1.81,454.1,Express,No,59.87
PKG-4305,2.81,571.1,Express,Si,76.07
PKG-4306,12.07,22.7,Estandar,Si,41.17
PKG-4307,12.69,541.2,Estandar,No,76.82
PKG-4308,1.06,219.4,Express,Si,45.48
PKG-4309,15.0,411.4,Estandar,No,63.14
PKG-4310,22.28,213.8,Estandar,No,60.78
PKG-4311,27.39,673.2,Mismo_Dia,No,140.34
PKG-4312,1.33,166.4,Estandar,No,11.18
PKG-4313,13.82,302.6,Estandar,No,54.06
PKG-4314,17.95,229.9,Estandar,No,61.34
PKG-4315,,273.8,Express,No,43.65
PKG-4316,6.04,386.9,Mismo_Dia,Si,89.02
PKG-4317,10.72,302.9,Estandar,No,46.22
PKG-4318,29.76,634.9,Estandar,Si,118.24
PKG-4319,17.26,,Express,No,52.99
PKG-4320,11.44,42.5,Express,No,34.73
PKG-4321,18.27,691.8,Estandar,No,90.2
PKG-4322,9.3,103.6,Estandar,No,30.51
PKG-4323,29.55,195.4,Express,No,84.21
PKG-4324,18.36,473.2,Estandar,No,81.45
PKG-4325,27.64,122.8,Express,No,80.62
PKG-4326,24.57,104.2,Express,No,73.32
PKG-4327,8.37,444.8,Express,No,64.7
PKG-4328,12.71,625.6,Estandar,No,74.37
PKG-4329,21.23,380.2,Estandar,No,83.55
PKG-4330,0.94,289.9,Estandar,No,27.58
PKG-4331,4.34,337.8,Express,Si,65.42
PKG-4332,11.01,505.6,Express,No,77.04
PKG-4333,10.53,762.0,Estandar,No,78.76
PKG-4334,21.35,560.8,Estandar,No,93.91
PKG-4335,1.51,53.0,Estandar,No,10.64
PKG-4336,28.22,171.3,Estandar,Si,78.03
PKG-4337,,429.2,Estandar,Si,56.28
PKG-4338,14.46,,Estandar,No,65.75
PKG-4339,19.51,403.4,Estandar,No,73.02
PKG-4340,7.69,473.6,Estandar,No,55.99
PKG-4341,19.41,64.0,Estandar,Si,50.93
PKG-4342,5.44,426.1,Estandar,Si,56.45
PKG-4343,25.9,480.0,Estandar,No,90.33
PKG-4344,15.68,210.9,Express,No,57.18
PKG-4345,15.44,664.1,Mismo_Dia,No,110.26
PKG-4346,14.31,600.7,Estandar,No,79.39
PKG-4347,22.8,622.3,Estandar,Si,102.73
PKG-4348,10.14,787.0,Estandar,Si,101.19
PKG-4349,15.07,696.0,Estandar,No,88.97
PKG-4350,16.62,701.2,Estandar,No,89.72
PKG-4351,,552.5,Estandar,Si,88.33
PKG-4352,2.72,540.2,Express,Si,74.33
PKG-4353,15.36,656.0,Estandar,Si,97.32
PKG-4354,25.44,91.4,Estandar,Si,66.06
PKG-4355,9.2,433.9,Estandar,No,55.87
PKG-4356,9.28,,Estandar,No,44.13
PKG-4357,5.8,698.8,Estandar,No,67.22
PKG-4358,22.17,22.1,Estandar,No,47.8
PKG-4359,13.41,12.0,Estandar,Si,41.92
PKG-4360,20.78,162.5,Estandar,No,53.26
PKG-4361,7.12,308.7,Express,No,53.43
PKG-4362,9.22,155.1,Mismo_Dia,No,67.76
PKG-4363,15.08,,Express,No,59.82
PKG-4364,2.16,686.7,Estandar,No,61.69
PKG-4365,15.04,363.6,Estandar,Si,73.58
PKG-4366,24.89,48.8,Mismo_Dia,No,82.59
PKG-4367,1.21,555.6,Express,No,65.64
PKG-4368,8.24,781.1,Estandar,Si,96.38
PKG-4369,23.64,211.7,Express,Si,88.02
PKG-4370,20.66,404.0,Estandar,No,79.22
PKG-4371,0.72,379.0,Estandar,Si,47.1
PKG-4372,29.28,247.9,Estandar,No,81.65
PKG-4373,4.77,381.8,Estandar,Si,54.33
PKG-4374,5.4,406.8,Express,No,63.73
PKG-4375,23.61,428.0,Estandar,Si,100.95
PKG-4376,0.96,497.6,Estandar,No,46.19
PKG-4377,16.93,114.8,Mismo_Dia,No,76.01
PKG-4378,24.21,187.3,Mismo_Dia,Si,107.03
PKG-4379,20.56,42.8,Estandar,No,49.23
PKG-4380,27.9,433.5,Express,Si,111.2
PKG-4381,22.39,,Estandar,No,61.26
PKG-4382,3.68,641.1,Estandar,Si,74.71
PKG-4383,11.11,,Mismo_Dia,No,85.2
PKG-4384,8.62,501.7,Estandar,No,57.97
PKG-4385,,367.7,Estandar,Si,51.94
PKG-4386,1.06,567.2,Estandar,Si,68.96
PKG-4387,26.2,407.4,Estandar,Si,98.0
PKG-4388,7.12,467.1,Estandar,No,47.82
PKG-4389,21.6,277.6,Express,No,84.67
PKG-4390,23.41,228.2,Express,No,80.98
PKG-4391,12.97,492.5,Estandar,No,67.97
PKG-4392,10.63,688.3,Express,Si,100.41
PKG-4393,6.19,72.8,Estandar,No,20.51
PKG-4394,21.94,763.3,Express,No,118.79
PKG-4395,18.17,68.7,Express,No,57.44
PKG-4396,11.04,168.1,Express,No,51.61
PKG-4397,29.81,349.9,Estandar,Si,90.9
PKG-4398,3.73,259.4,Express,No,45.47
PKG-4399,,495.5,Express,No,65.28
PKG-4400,7.55,26.2,Express,No,36.53
PKG-4401,,323.9,Express,Si,103.77
PKG-4402,6.73,70.4,Express,No,32.34
PKG-4403,21.17,738.9,Estandar,No,99.99
PKG-4404,19.56,250.9,Express,Si,82.07
PKG-4405,4.81,674.0,Mismo_Dia,No,93.08
PKG-4406,9.05,162.3,Express,Si,60.52
PKG-4407,22.87,34.2,Estandar,No,48.24
PKG-4408,15.86,475.6,Mismo_Dia,Si,113.35
PKG-4409,15.31,303.7,Express,Si,79.77
PKG-4410,7.77,444.5,Estandar,No,57.34
PKG-4411,23.32,52.4,Mismo_Dia,No,80.73
PKG-4412,29.09,736.6,Estandar,Si,125.07
PKG-4413,,315.6,Express,No,70.61
PKG-4414,20.3,154.4,Express,Si,76.13
PKG-4415,0.59,245.4,Express,No,42.97
PKG-4416,23.15,370.8,Express,Si,99.74
PKG-4417,23.3,86.0,Estandar,Si,64.9
PKG-4418,13.4,264.7,Express,Si,72.2
PKG-4419,20.75,533.1,Estandar,No,83.61
PKG-4420,3.89,69.3,Estandar,Si,25.9
PKG-4421,28.3,508.1,Express,No,112.2
PKG-4422,16.73,40.4,Estandar,No,36.37
PKG-4423,2.0,741.5,Estandar,No,61.56
PKG-4424,13.12,471.0,Estandar,No,64.37
PKG-4425,14.04,386.7,Estandar,No,60.71
PKG-4426,1.06,568.5,Express,No,67.77
PKG-4427,13.9,618.5,Mismo_Dia,No,104.85
PKG-4428,25.09,643.8,Estandar,No,101.92
PKG-4429,8.87,693.9,Estandar,Si,87.97
PKG-4430,29.47,262.2,Express,No,89.64
PKG-4431,16.0,34.8,Mismo_Dia,No,66.59
PKG-4432,15.01,76.0,Estandar,No,33.25
PKG-4433,16.1,515.4,Express,No,89.16
PKG-4434,,209.1,Express,Si,74.35
PKG-4435,29.92,348.7,Express,No,99.56
PKG-4436,18.55,567.7,Estandar,No,92.87
PKG-4437,21.96,768.2,Express,No,112.04
PKG-4438,16.17,432.5,Estandar,Si,77.66
PKG-4439,24.1,620.0,Estandar,No,90.76
PKG-4440,4.03,252.5,Express,No,45.42
PKG-4441,19.89,792.1,Express,No,118.99
PKG-4442,6.53,514.1,Express,No,67.6
PKG-4443,7.03,145.1,Estandar,No,24.37
PKG-4444,22.65,610.7,Express,No,107.89
PKG-4445,,62.6,Estandar,Si,73.1
PKG-4446,6.96,173.1,Estandar,No,35.79
PKG-4447,,77.7,Estandar,No,37.27
PKG-4448,22.35,496.7,Estandar,Si,98.26
PKG-4449,8.3,411.9,Express,Si,73.18
PKG-4450,8.75,24.3,Mismo_Dia,No,50.64
PKG-4451,16.61,391.2,Estandar,No,61.38
PKG-4452,7.87,560.7,Estandar,No,64.94
PKG-4453,8.52,733.8,Express,No,90.17
PKG-4454,8.04,725.9,Estandar,No,73.61
PKG-4455,19.42,380.9,Estandar,No,72.4
PKG-4456,14.62,316.9,Express,No,74.26
PKG-4457,26.02,754.7,Mismo_Dia,No,148.61
PKG-4458,28.48,146.8,Estandar,Si,74.18
PKG-4459,21.53,676.7,Mismo_Dia,No,128.94
PKG-4460,29.55,380.4,Estandar,No,89.4
PKG-4461,24.42,290.8,Mismo_Dia,No,104.49
PKG-4462,16.96,350.3,Estandar,No,62.21
PKG-4463,12.43,785.8,Mismo_Dia,No,126.76
PKG-4464,,329.6,Estandar,No,67.53
PKG-4465,24.23,238.1,Estandar,No,67.28
PKG-4466,18.53,38.9,Estandar,No,47.41
PKG-4467,10.45,445.0,Express,No,71.29
PKG-4468,10.63,639.2,Mismo_Dia,Si,121.22
PKG-4469,17.54,147.0,Mismo_Dia,No,79.12
PKG-4470,1.82,176.0,Estandar,No,16.43
PKG-4471,24.67,638.9,Mismo_Dia,No,127.11
PKG-4472,28.43,50.7,Estandar,Si,68.63
PKG-4473,17.1,745.0,Estandar,No,98.62
PKG-4474,,434.0,Mismo_Dia,Si,131.85
PKG-4475,27.45,589.3,Estandar,No,103.73
PKG-4476,24.93,235.6,Estandar,No,72.39
PKG-4477,15.83,422.6,Express,No,79.63
PKG-4478,11.23,560.5,Estandar,No,67.44
PKG-4479,23.41,720.3,Express,No,122.23
PKG-4480,9.81,,Estandar,Si,50.19
PKG-4481,14.03,737.7,Express,No,103.51
PKG-4482,,656.9,Estandar,No,104.08
PKG-4483,22.03,380.5,Estandar,No,76.63
PKG-4484,8.8,555.0,Mismo_Dia,No,98.77
PKG-4485,,150.3,Mismo_Dia,No,75.83
PKG-4486,3.37,263.4,Estandar,No,35.65
PKG-4487,9.43,355.4,Estandar,Si,64.39
PKG-4488,17.56,621.3,Estandar,No,83.29
PKG-4489,4.9,532.6,Express,No,61.52
PKG-4490,25.36,524.5,Express,Si,118.23
PKG-4491,5.18,47.7,Estandar,No,19.86
PKG-4492,4.44,241.3,Express,No,49.15
PKG-4493,8.87,116.0,Express,No,42.84
PKG-4494,12.44,687.2,Express,No,98.25
PKG-4495,23.02,98.2,Estandar,No,55.58
PKG-4496,5.91,257.1,Estandar,No,36.01
PKG-4497,26.27,663.4,Estandar,No,108.59
PKG-4498,6.57,563.3,Mismo_Dia,No,88.84
PKG-4499,24.17,131.9,Mismo_Dia,No,85.27
PKG-4500,13.71,65.8,Express,No,48.3
PKG-4501,0.76,779.3,Express,No,78.42
PKG-4502,3.92,306.8,Estandar,No,39.75
PKG-4503,20.43,245.4,Estandar,Si,76.21
PKG-4504,29.31,11.4,Estandar,Si,70.5
PKG-4505,28.28,24.5,Express,Si,79.2
PKG-4506,13.06,,Express,No,66.49
PKG-4507,8.16,152.5,Estandar,No,29.45
PKG-4508,10.62,411.9,Express,No,70.42
PKG-4509,14.2,,Estandar,No,85.77
PKG-4510,13.78,431.6,Estandar,No,65.8
PKG-4511,21.02,646.5,Estandar,No,95.43
PKG-4512,22.63,97.0,Express,No,67.56
PKG-4513,25.64,738.6,Estandar,Si,123.85
PKG-4514,1.04,43.7,Express,No,24.96
PKG-4515,22.71,,Express,Si,133.83
PKG-4516,12.42,182.6,Estandar,Si,55.0
PKG-4517,27.88,309.6,Estandar,No,79.35
PKG-4518,3.8,541.8,Express,Si,81.43
PKG-4519,14.99,392.6,Estandar,No,61.86
PKG-4520,29.69,537.2,Estandar,Si,109.84
PKG-4521,12.8,188.2,Express,No,54.47
PKG-4522,16.34,219.4,Mismo_Dia,No,77.0
PKG-4523,,238.2,Estandar,No,51.97
PKG-4524,13.06,202.4,Estandar,Si,55.71
PKG-4525,28.93,332.8,Express,No,95.48
PKG-4526,,314.1,Estandar,No,44.64
PKG-4527,23.35,129.6,Mismo_Dia,No,90.09
PKG-4528,28.04,764.5,Estandar,No,117.0
PKG-4529,,710.2,Mismo_Dia,No,118.18
PKG-4530,23.23,95.2,Estandar,No,53.69
PKG-4531,21.55,323.8,Express,No,76.11
PKG-4532,18.01,160.8,Express,No,58.43
PKG-4533,28.84,214.9,Express,No,86.55
PKG-4534,19.71,117.3,Mismo_Dia,No,76.75
PKG-4535,11.21,253.6,Express,No,53.67
PKG-4536,23.88,240.8,Estandar,No,71.74
PKG-4537,27.39,737.6,Estandar,Si,123.14
PKG-4538,5.72,455.9,Express,No,64.81
PKG-4539,,653.1,Estandar,No,61.41
PKG-4540,19.94,595.2,Estandar,Si,105.59
PKG-4541,,275.5,Estandar,No,51.1
PKG-4542,23.3,466.9,Express,No,93.21
PKG-4543,29.69,232.9,Express,No,83.05
PKG-4544,16.08,,Express,Si,79.46
PKG-4545,4.1,10.2,Mismo_Dia,No,38.93
PKG-4546,26.34,451.3,Express,Si,109.51
PKG-4547,14.62,57.1,Express,No,46.71
PKG-4548,13.44,171.3,Estandar,No,42.35
PKG-4549,,422.6,Mismo_Dia,No,68.56
PKG-4550,14.75,784.1,Mismo_Dia,No,129.54
PKG-4551,1.11,537.4,Estandar,No,49.04
PKG-4552,26.17,148.6,Estandar,Si,75.84
PKG-4553,22.32,145.0,Mismo_Dia,No,80.89
PKG-4554,11.85,521.0,Express,No,81.39
PKG-4555,17.16,435.4,Estandar,No,71.44
PKG-4556,27.65,481.9,Mismo_Dia,No,122.74
PKG-4557,11.04,270.2,Mismo_Dia,No,74.09
PKG-4558,7.83,103.7,Express,Si,52.43
PKG-4559,2.05,266.0,Express,No,36.32
PKG-4560,7.48,27.2,Express,No,33.31
PKG-4561,9.41,15.6,Express,Si,43.06
PKG-4562,17.78,,Estandar,No,91.83
PKG-4563,1.73,729.7,Express,No,75.84
PKG-4564,2.5,309.0,Estandar,No,35.73
PKG-4565,24.19,397.2,Estandar,No,81.3
PKG-4566,20.35,737.8,Express,Si,124.0
PKG-4567,11.19,101.1,Estandar,No,35.13
PKG-4568,12.85,367.3,Express,No,71.36
PKG-4569,13.07,453.7,Estandar,No,66.53
PKG-4570,26.75,104.1,Estandar,No,62.42
PKG-4571,16.98,300.6,Mismo_Dia,No,89.79
PKG-4572,25.01,431.2,Mismo_Dia,No,118.93
PKG-4573,14.23,426.6,Express,Si,90.92
PKG-4574,6.89,48.8,Estandar,Si,32.49
PKG-4575,29.62,499.7,Estandar,Si,109.63
PKG-4576,13.61,194.3,Estandar,Si,57.85
PKG-4577,25.94,11.7,Express,Si,80.97
PKG-4578,4.92,26.5,Express,Si,38.28
PKG-4579,22.38,314.0,Mismo_Dia,Si,112.6
PKG-4580,14.43,338.8,Estandar,No,54.67
PKG-4581,21.33,207.1,Estandar,No,61.65
PKG-4582,0.71,238.6,Express,No,36.3
PKG-4583,0.98,236.9,Estandar,No,20.54
PKG-4584,21.65,243.9,Estandar,No,64.64
PKG-4585,6.71,135.3,Mismo_Dia,No,53.44
PKG-4586,25.86,,Mismo_Dia,No,123.27
PKG-4587,9.05,27.6,Mismo_Dia,No,47.58
PKG-4588,23.67,500.6,Estandar,No,91.33
PKG-4589,21.52,264.8,Express,Si,89.03
PKG-4590,29.94,387.9,Express,No,101.92
PKG-4591,16.54,120.5,Express,No,55.38
PKG-4592,26.2,738.6,Express,No,128.83
PKG-4593,19.89,182.6,Mismo_Dia,No,92.06
PKG-4594,2.33,250.3,Estandar,No,32.53
PKG-4595,8.91,473.1,Estandar,No,53.36
PKG-4596,10.61,,Estandar,No,39.84
PKG-4597,29.12,543.3,Estandar,Si,111.37
PKG-4598,12.85,457.3,Mismo_Dia,No,88.93
PKG-4599,25.88,537.4,Estandar,No,93.83
PKG-4600,29.93,477.9,Estandar,Si,101.95
PKG-4601,12.95,,Mismo_Dia,Si,85.72
PKG-4602,27.43,671.4,Mismo_Dia,No,133.58
PKG-4603,22.13,682.8,Estandar,No,93.25
PKG-4604,15.87,401.6,Estandar,Si,83.14
PKG-4605,27.29,646.4,Estandar,No,111.95
PKG-4606,20.51,311.2,Express,Si,85.89
PKG-4607,18.37,720.3,Express,No,110.2
PKG-4608,3.71,,Estandar,No,54.97
PKG-4609,18.11,,Express,Si,73.45
PKG-4610,4.33,323.8,Mismo_Dia,No,67.16
PKG-4611,0.7,320.2,Estandar,Si,42.64
PKG-4612,22.79,142.6,Mismo_Dia,Si,105.59
PKG-4613,5.46,64.3,Estandar,Si,34.28
PKG-4614,3.91,581.1,Estandar,No,55.68
PKG-4615,16.06,10.1,Express,No,46.87
PKG-4616,14.85,654.3,Estandar,Si,98.66
PKG-4617,,217.7,Estandar,No,48.45
PKG-4618,,450.8,Express,No,86.08
PKG-4619,7.7,67.5,Mismo_Dia,No,61.05
PKG-4620,,270.4,Mismo_Dia,No,91.98
PKG-4621,22.52,85.0,Estandar,No,39.72
PKG-4622,,42.5,Express,No,54.06
PKG-4623,4.9,244.1,Estandar,No,31.5
PKG-4624,26.23,512.6,Express,No,105.7
PKG-4625,20.44,,Estandar,No,47.59
PKG-4626,20.95,309.9,Express,No,79.99
PKG-4627,,491.4,Express,Si,111.44
PKG-4628,,252.9,Express,No,82.61
PKG-4629,,260.4,Express,No,86.59
PKG-4630,19.65,164.0,Estandar,No,49.66
PKG-4631,9.4,,Estandar,Si,70.01
PKG-4632,19.95,657.8,Mismo_Dia,No,119.72
PKG-4633,25.46,110.4,Express,No,73.73
PKG-4634,9.37,296.0,Estandar,No,45.37
PKG-4635,25.72,659.6,Mismo_Dia,No,138.69
PKG-4636,12.01,441.1,Estandar,No,63.3
PKG-4637,29.34,13.0,Express,No,77.39
PKG-4638,17.15,549.9,Express,No,90.58
PKG-4639,2.07,718.6,Mismo_Dia,No,92.27
PKG-4640,9.95,502.1,Estandar,Si,75.88
PKG-4641,15.48,107.2,Estandar,No,38.33
PKG-4642,19.13,411.6,Estandar,No,73.43
PKG-4643,13.4,598.1,Express,No,89.11
PKG-4644,19.73,743.6,Estandar,No,99.06
PKG-4645,24.25,761.5,Estandar,No,107.7
PKG-4646,26.47,390.7,Express,No,99.67
PKG-4647,12.47,779.2,Mismo_Dia,No,121.83
PKG-4648,25.88,259.0,Mismo_Dia,No,94.21
PKG-4649,5.5,368.0,Express,No,50.33
PKG-4650,5.57,125.0,Estandar,No,18.79
PKG-4651,3.67,152.1,Estandar,No,32.35
PKG-4652,1.45,596.1,Mismo_Dia,No,88.33
PKG-4653,6.48,221.9,Mismo_Dia,No,64.94
PKG-4654,2.19,222.3,Estandar,No,33.69
PKG-4655,14.78,649.4,Mismo_Dia,No,114.18
PKG-4656,22.92,233.7,Estandar,No,70.5
PKG-4657,,439.6,Express,Si,120.41
PKG-4658,12.16,55.2,Express,No,48.46
PKG-4659,23.58,737.9,Estandar,Si,114.61
PKG-4660,,559.2,Express,No,65.68
PKG-4661,9.39,231.8,Estandar,No,40.58
PKG-4662,12.91,520.7,Estandar,No,63.85
PKG-4663,12.53,549.8,Express,No,85.69
PKG-4664,20.16,312.5,Estandar,No,72.3
PKG-4665,23.84,650.5,Mismo_Dia,No,123.43
PKG-4666,3.18,669.5,Express,No,75.73
PKG-4667,26.22,133.1,Estandar,No,64.63
PKG-4668,10.67,205.7,Mismo_Dia,Si,88.77
PKG-4669,5.68,338.8,Estandar,Si,51.88
PKG-4670,19.21,762.5,Estandar,Si,108.77
PKG-4671,6.62,725.5,Express,Si,96.98
PKG-4672,13.09,464.7,Estandar,Si,72.39
PKG-4673,2.0,678.8,Express,No,72.61
PKG-4674,5.92,593.9,Mismo_Dia,Si,103.15
PKG-4675,5.79,324.0,Estandar,Si,56.96
PKG-4676,13.57,373.1,Mismo_Dia,No,88.24
PKG-4677,10.45,126.5,Express,No,45.11
PKG-4678,18.51,593.7,Estandar,No,82.77
PKG-4679,25.78,407.8,Express,No,97.7
PKG-4680,17.92,582.0,Estandar,No,83.97
PKG-4681,,87.8,Express,No,71.07
PKG-4682,10.69,606.3,Express,Si,101.99
PKG-4683,26.84,493.8,Mismo_Dia,Si,135.09
PKG-4684,25.79,728.9,Mismo_Dia,No,147.56
PKG-4685,23.08,,Express,No,68.63
PKG-4686,17.86,603.3,Mismo_Dia,No,115.91
PKG-4687,24.84,384.6,Express,Si,109.09
PKG-4688,11.73,392.1,Estandar,Si,68.35
PKG-4689,1.55,604.0,Estandar,No,56.81
PKG-4690,20.03,700.9,Estandar,No,93.33
PKG-4691,28.64,42.2,Estandar,Si,68.68
PKG-4692,15.4,746.6,Express,No,100.27
PKG-4693,19.32,163.1,Express,Si,69.83
PKG-4694,11.87,528.8,Mismo_Dia,No,95.46
PKG-4695,17.34,77.5,Estandar,Si,52.51
PKG-4696,4.21,498.5,Express,No,64.8
PKG-4697,,783.0,Estandar,No,97.64
PKG-4698,6.47,258.7,Express,No,50.03
PKG-4699,28.99,248.9,Mismo_Dia,No,113.03
PKG-4700,9.62,,Estandar,No,80.03
PKG-4701,11.14,285.2,Mismo_Dia,No,83.7
PKG-4702,16.29,449.9,Estandar,Si,79.61
PKG-4703,16.89,393.2,Estandar,No,63.92
PKG-4704,6.27,438.0,Express,No,72.45
PKG-4705,14.06,325.9,Estandar,No,53.99
PKG-4706,21.56,506.1,Estandar,Si,99.97
PKG-4707,26.74,105.3,Estandar,No,59.63
PKG-4708,,577.8,Mismo_Dia,No,82.84
PKG-4709,29.81,697.6,Estandar,Si,125.42
PKG-4710,27.09,30.8,Estandar,No,50.57
PKG-4711,3.06,567.3,Express,Si,76.07
PKG-4712,28.02,451.0,Estandar,No,89.7
PKG-4713,18.32,666.7,Express,No,103.65
PKG-4714,9.07,149.0,Estandar,No,39.11
PKG-4715,10.63,615.0,Estandar,No,72.84
PKG-4716,2.28,420.3,Estandar,No,45.41
PKG-4717,6.69,477.3,Estandar,No,58.18
PKG-4718,,,Estandar,No,79.12
PKG-4719,4.01,485.1,Express,No,67.29
PKG-4720,7.99,591.1,Estandar,No,65.01
PKG-4721,26.84,300.0,Estandar,No,75.26
PKG-4722,14.52,142.6,Express,No,56.94
PKG-4723,27.04,720.3,Express,No,121.24
PKG-4724,23.17,797.9,Express,No,130.1
PKG-4725,11.61,662.0,Estandar,No,77.45
PKG-4726,2.47,67.5,Express,No,34.4
PKG-4727,17.38,522.0,Express,No,99.21
PKG-4728,16.66,707.3,Estandar,No,82.74
PKG-4729,7.53,741.7,Estandar,No,79.6
PKG-4730,20.98,388.1,Mismo_Dia,No,111.81
PKG-4731,7.12,390.6,Estandar,No,43.44
PKG-4732,20.82,45.4,Express,No,64.2
PKG-4733,18.86,259.1,Estandar,No,60.15
PKG-4734,,483.0,Estandar,No,99.56
PKG-4735,21.89,560.3,Mismo_Dia,No,121.23
PKG-4736,12.9,201.7,Estandar,No,43.9
PKG-4737,29.78,696.4,Estandar,Si,130.99
PKG-4738,15.38,748.6,Mismo_Dia,Si,137.53
PKG-4739,9.43,143.8,Estandar,No,33.8
PKG-4740,15.36,237.1,Express,No,59.15
PKG-4741,9.37,147.5,Estandar,No,29.32
PKG-4742,14.51,148.5,Estandar,No,42.87
PKG-4743,1.85,714.8,Mismo_Dia,No,97.48
PKG-4744,21.69,517.9,Express,No,102.76
PKG-4745,10.58,380.5,Estandar,No,51.44
PKG-4746,5.43,161.7,Express,No,44.18
PKG-4747,10.48,792.0,Estandar,No,88.82
PKG-4748,17.88,,Express,Si,93.91
PKG-4749,23.93,660.7,Express,No,115.44
PKG-4750,3.42,594.2,Mismo_Dia,Si,91.91
PKG-4751,24.6,82.5,Estandar,No,53.66
PKG-4752,26.61,125.8,Estandar,Si,67.75
PKG-4753,,346.6,Estandar,Si,43.65
PKG-4754,18.82,705.8,Express,No,115.12
PKG-4755,20.49,741.3,Estandar,No,97.51
PKG-4756,26.0,266.1,Estandar,No,67.48
PKG-4757,28.22,264.7,Express,No,99.89
PKG-4758,21.94,468.0,Estandar,No,78.63
PKG-4759,16.76,20.2,Express,Si,59.12
PKG-4760,5.97,374.6,Mismo_Dia,No,71.45
PKG-4761,9.81,675.2,Mismo_Dia,No,112.17
PKG-4762,23.81,666.1,Mismo_Dia,No,125.83
PKG-4763,27.01,669.7,Express,Si,137.23
PKG-4764,8.25,482.0,Estandar,No,65.27
PKG-4765,22.59,414.5,Estandar,No,80.11
PKG-4766,17.61,504.3,Express,No,84.62
PKG-4767,29.73,528.7,Express,No,117.74
PKG-4768,18.46,576.6,Estandar,No,84.98
PKG-4769,20.32,618.2,Mismo_Dia,No,120.66
PKG-4770,6.95,598.5,Express,No,81.94
PKG-4771,29.87,330.6,Express,No,100.74
PKG-4772,26.58,308.0,Mismo_Dia,No,110.81
PKG-4773,26.89,,Express,No,105.86
PKG-4774,11.44,507.9,Express,Si,91.15
PKG-4775,,644.2,Express,No,84.44
PKG-4776,3.77,241.5,Mismo_Dia,No,63.36
PKG-4777,20.31,169.5,Estandar,No,52.85
PKG-4778,29.5,472.8,Mismo_Dia,No,124.53
PKG-4779,11.49,756.7,Express,No,108.92
PKG-4780,3.12,77.6,Estandar,No,18.51
PKG-4781,15.7,694.6,Express,No,101.93
PKG-4782,17.35,449.0,Estandar,No,73.04
PKG-4783,21.43,119.6,Mismo_Dia,Si,88.43
PKG-4784,5.14,546.4,Express,No,67.29
PKG-4785,,165.3,Estandar,No,49.33
PKG-4786,11.36,422.9,Estandar,Si,72.83
PKG-4787,3.0,523.1,Mismo_Dia,No,83.49
PKG-4788,17.28,559.1,Express,No,88.44
PKG-4789,25.81,137.6,Express,No,74.53
PKG-4790,,,Estandar,No,93.47
PKG-4791,22.22,597.3,Mismo_Dia,No,118.11
PKG-4792,3.42,609.8,Express,No,69.06
PKG-4793,26.56,239.0,Express,No,84.99
PKG-4794,11.13,92.8,Express,Si,57.28
PKG-4795,6.91,792.9,Express,No,94.78
PKG-4796,5.93,657.0,Express,Si,92.86
PKG-4797,22.38,627.1,Express,Si,119.34
PKG-4798,29.68,480.6,Express,No,100.87
PKG-4799,26.88,196.0,Estandar,Si,88.87
PKG-4800,22.07,279.1,Estandar,No,68.28
PKG-4801,9.64,716.2,Estandar,Si,92.29
PKG-4802,11.46,607.1,Estandar,Si,89.98
PKG-4803,15.13,615.2,Estandar,No,73.78
PKG-4804,,615.1,Estandar,No,94.43
PKG-4805,18.84,416.9,Express,No,83.91
PKG-4806,12.51,463.7,Estandar,No,63.73
PKG-4807,11.67,303.1,Mismo_Dia,Si,92.25
PKG-4808,6.36,76.8,Express,No,26.88
PKG-4809,19.0,569.2,Express,No,95.4
PKG-4810,9.09,65.8,Estandar,Si,41.28
PKG-4811,8.19,528.1,Estandar,No,61.1
PKG-4812,13.83,361.3,Express,No,66.61
PKG-4813,23.73,395.1,Estandar,No,84.23
PKG-4814,,91.9,Estandar,No,42.86
PKG-4815,9.39,628.1,Express,No,82.12
PKG-4816,9.41,741.6,Express,Si,105.71
PKG-4817,29.76,449.8,Express,Si,119.53
PKG-4818,0.74,276.4,Mismo_Dia,No,60.64
PKG-4819,28.83,555.8,Estandar,No,106.73
PKG-4820,23.62,486.5,Estandar,No,93.56
PKG-4821,,113.5,Express,No,60.41
PKG-4822,22.5,788.9,Estandar,No,111.24
PKG-4823,16.02,505.3,Mismo_Dia,No,105.67
PKG-4824,16.45,268.5,Express,No,68.85
PKG-4825,3.06,474.7,Estandar,No,47.54
PKG-4826,22.64,175.0,Mismo_Dia,No,92.08
PKG-4827,,381.1,Mismo_Dia,No,72.82
PKG-4828,20.97,765.8,Express,Si,127.02
PKG-4829,11.73,214.7,Estandar,No,52.87
PKG-4830,27.59,399.3,Express,No,98.77
PKG-4831,11.46,624.0,Estandar,Si,86.72
PKG-4832,16.61,570.0,Express,No,92.9
PKG-4833,28.32,777.2,Estandar,No,115.4
PKG-4834,17.05,690.2,Express,No,107.23
PKG-4835,13.84,15.7,Estandar,No,30.06
PKG-4836,12.87,301.0,Estandar,No,51.47
PKG-4837,18.49,523.1,Express,Si,108.39
PKG-4838,8.92,329.8,Express,Si,70.95
PKG-4839,26.84,18.5,Express,No,68.12
PKG-4840,14.08,660.9,Express,No,92.35
PKG-4841,3.74,507.1,Express,No,70.44
PKG-4842,16.72,261.7,Express,No,69.95
PKG-4843,,594.6,Estandar,No,89.26
PKG-4844,28.12,594.4,Express,No,113.38
PKG-4845,23.08,279.2,Mismo_Dia,No,97.58
PKG-4846,12.93,51.1,Express,No,48.91
PKG-4847,27.11,349.9,Estandar,No,84.79
PKG-4848,2.02,230.5,Estandar,Si,36.1
PKG-4849,29.44,25.7,Express,No,74.34
PKG-4850,1.89,220.3,Express,No,41.69
PKG-4851,4.66,449.9,Estandar,No,48.55
PKG-4852,1.11,239.7,Estandar,No,25.01
PKG-4853,26.3,151.5,Estandar,No,65.46
PKG-4854,13.11,210.4,Express,Si,72.42
PKG-4855,22.52,568.4,Express,No,103.7
PKG-4856,25.87,642.9,Express,No,115.54
PKG-4857,4.86,564.2,Express,No,71.43
PKG-4858,9.37,460.0,Express,No,74.2
PKG-4859,,728.5,Estandar,No,102.38
PKG-4860,22.43,411.4,Express,No,83.05
PKG-4861,26.45,295.0,Express,No,87.16
PKG-4862,8.78,299.5,Estandar,No,41.43
PKG-4863,1.22,252.3,Estandar,No,21.15
PKG-4864,21.43,132.6,Express,No,66.61
PKG-4865,29.31,108.0,Express,No,73.97
PKG-4866,7.37,320.8,Estandar,No,42.71
PKG-4867,15.32,48.3,Estandar,No,41.81
PKG-4868,17.2,448.1,Express,Si,97.01
PKG-4869,9.57,351.2,Express,No,63.91
PKG-4870,28.64,448.3,Estandar,No,91.33
PKG-4871,12.95,91.1,Estandar,Si,44.29
PKG-4872,22.25,218.4,Express,Si,91.48
PKG-4873,,68.4,Mismo_Dia,No,52.78
PKG-4874,4.97,458.4,Estandar,No,53.51
PKG-4875,7.53,302.1,Estandar,No,45.4
PKG-4876,24.08,324.2,Estandar,No,77.81
PKG-4877,13.78,41.4,Estandar,No,29.92
PKG-4878,12.13,756.1,Mismo_Dia,No,121.01
PKG-4879,28.45,514.3,Estandar,No,93.75
PKG-4880,8.99,141.2,Estandar,No,29.55
PKG-4881,27.4,345.1,Estandar,Si,96.78
PKG-4882,9.79,,Estandar,No,37.96
PKG-4883,3.85,690.6,Estandar,No,67.51
PKG-4884,22.85,380.8,Express,Si,101.89
PKG-4885,,599.1,Express,No,121.92
PKG-4886,,306.6,Express,No,88.58
PKG-4887,18.01,284.1,Estandar,No,64.15
PKG-4888,,446.8,Express,No,70.14
PKG-4889,18.16,273.8,Estandar,No,67.16
PKG-4890,4.61,332.7,Estandar,No,32.25
PKG-4891,14.87,263.1,Express,No,57.71
PKG-4892,8.09,254.7,Estandar,No,45.72
PKG-4893,,732.5,Express,Si,127.29
PKG-4894,5.33,503.8,Express,No,63.6
PKG-4895,2.92,253.7,Mismo_Dia,No,57.68
PKG-4896,8.2,598.4,Estandar,No,66.98
PKG-4897,17.82,405.6,Estandar,No,67.46
PKG-4898,26.08,27.9,Estandar,No,52.93
PKG-4899,5.2,788.5,Estandar,No,76.07
PKG-4900,20.16,574.8,Estandar,No,85.4
PKG-4901,9.69,493.2,Estandar,Si,77.41
PKG-4902,24.74,775.6,Estandar,No,113.4
PKG-4903,3.28,586.4,Estandar,No,58.22
PKG-4904,17.66,597.1,Estandar,No,76.84
PKG-4905,,43.9,Express,No,54.07
PKG-4906,0.83,453.0,Estandar,Si,52.39
PKG-4907,13.78,250.7,Express,Si,72.82
PKG-4908,8.65,563.4,Mismo_Dia,Si,112.28
PKG-4909,28.42,324.4,Estandar,No,74.11
PKG-4910,14.57,708.3,Estandar,No,90.24
PKG-4911,4.45,65.3,Express,Si,41.3
PKG-4912,3.15,264.8,Express,No,40.53
PKG-4913,27.94,741.5,Estandar,No,117.05
PKG-4914,28.01,507.8,Estandar,Si,103.1
PKG-4915,4.51,365.3,Express,No,52.83
PKG-4916,5.96,312.3,Estandar,Si,52.61
PKG-4917,2.07,682.2,Mismo_Dia,No,91.26
PKG-4918,15.29,69.6,Mismo_Dia,No,71.04
PKG-4919,22.76,564.7,Estandar,No,88.68
PKG-4920,6.52,653.0,Express,Si,88.19
PKG-4921,23.58,97.2,Express,No,69.65
PKG-4922,29.73,178.2,Estandar,Si,82.48
PKG-4923,28.85,750.8,Mismo_Dia,No,148.62
PKG-4924,18.39,160.7,Estandar,Si,64.74
PKG-4925,24.74,177.8,Estandar,No,66.39
PKG-4926,11.47,210.5,Express,No,55.24
PKG-4927,28.52,760.3,Mismo_Dia,Si,158.98
PKG-4928,16.76,744.7,Mismo_Dia,No,125.34
PKG-4929,14.5,395.5,Express,No,77.95
PKG-4930,16.74,223.1,Mismo_Dia,Si,94.15
PKG-4931,25.61,618.3,Express,No,113.91
PKG-4932,2.46,110.8,Express,No,29.53
PKG-4933,22.95,202.4,Mismo_Dia,No,83.5
PKG-4934,12.06,673.0,Estandar,No,83.34
PKG-4935,4.34,752.3,Estandar,No,70.98
PKG-4936,9.17,515.2,Express,No,72.54
PKG-4937,14.73,752.4,Estandar,No,88.8
PKG-4938,3.29,384.6,Estandar,No,41.07
PKG-4939,25.09,554.4,Mismo_Dia,No,127.24
PKG-4940,25.98,440.7,Estandar,No,87.04
PKG-4941,0.52,393.2,Mismo_Dia,No,64.35
PKG-4942,19.29,285.2,Estandar,Si,75.44
PKG-4943,12.36,340.0,Express,No,68.31
PKG-4944,17.22,697.4,Mismo_Dia,No,117.02
PKG-4945,25.14,790.8,Mismo_Dia,Si,158.1
PKG-4946,20.82,667.2,Express,Si,122.72
PKG-4947,28.98,67.3,Express,No,74.31
PKG-4948,3.71,579.4,Estandar,No,63.53
PKG-4949,20.1,566.8,Mismo_Dia,No,112.84
PKG-4950,18.46,700.7,Express,No,109.8
PKG-4951,11.07,19.8,Mismo_Dia,No,53.11
PKG-4952,27.41,254.3,Estandar,No,70.46
PKG-4953,7.81,89.3,Express,No,38.91
PKG-4954,,703.4,Estandar,Si,110.35
PKG-4955,29.3,462.2,Mismo_Dia,No,129.84
PKG-4956,18.72,97.6,Express,No,63.65
PKG-4957,27.01,639.8,Express,No,119.07
PKG-4958,0.99,782.1,Express,No,74.05
PKG-4959,25.69,,Estandar,No,83.68
PKG-4960,28.63,769.0,Estandar,Si,134.91
PKG-4961,23.93,64.0,Express,No,68.4
PKG-4962,10.28,799.1,Estandar,No,86.6
PKG-4963,11.71,166.7,Estandar,No,40.64
PKG-4964,9.09,167.6,Estandar,No,39.51
PKG-4965,29.6,721.0,Estandar,No,112.71
PKG-4966,23.04,91.4,Estandar,No,50.89
PKG-4967,,17.0,Estandar,No,37.99
PKG-4968,25.47,18.2,Estandar,No,56.95
PKG-4969,7.52,191.3,Estandar,No,28.76
PKG-4970,28.64,352.0,Express,No,101.95
PKG-4971,10.49,125.1,Estandar,No,37.12
PKG-4972,22.19,619.0,Express,No,104.68
PKG-4973,11.42,592.3,Express,No,80.28
PKG-4974,7.98,457.1,Express,No,73.7
PKG-4975,,110.7,Estandar,No,20.8
PKG-4976,14.98,594.1,Express,No,93.61
PKG-4977,16.13,568.5,Express,No,85.09
PKG-4978,16.23,770.3,Estandar,No,97.15
PKG-4979,24.24,672.5,Express,Si,126.11
PKG-4980,4.47,412.7,Mismo_Dia,No,73.43
PKG-4981,20.99,578.4,Mismo_Dia,No,119.3
PKG-4982,13.07,183.9,Estandar,Si,53.79
PKG-4983,27.82,100.6,Estandar,No,65.62
PKG-4984,17.3,170.8,Express,Si,69.14
PKG-4985,23.0,388.2,Estandar,No,78.62
PKG-4986,5.92,137.3,Estandar,No,28.94
PKG-4987,3.89,622.7,Estandar,Si,72.25
PKG-4988,28.57,738.4,Estandar,Si,134.6
PKG-4989,19.7,148.7,Estandar,No,52.83
PKG-4990,10.93,23.5,Express,No,39.68
PKG-4991,15.05,101.1,Estandar,No,42.52
PKG-4992,29.29,,Express,No,124.53
PKG-4993,21.85,741.0,Estandar,No,97.46
PKG-4994,18.11,137.8,Express,No,60.33
PKG-4995,24.59,531.7,Express,No,103.79
PKG-4996,3.75,376.6,Express,No,57.04
PKG-4997,13.41,179.9,Estandar,No,48.66
PKG-4998,26.74,466.4,Estandar,No,93.95
PKG-4999,28.69,747.6,Estandar,No,119.16
PKG-5000,26.11,623.4,Mismo_Dia,Si,144.38
PKG-5001,7.21,575.6,Express,No,78.53
PKG-5002,18.72,74.0,Express,No,57.11
PKG-5003,25.4,365.1,Express,No,85.62
PKG-5004,29.09,641.1,Estandar,No,108.87
PKG-5005,27.48,475.8,Estandar,No,88.39
PKG-5006,14.72,461.1,Estandar,No,66.42
PKG-5007,,551.2,Estandar,Si,98.46
PKG-5008,,479.0,Mismo_Dia,No,82.07
PKG-5009,11.54,478.8,Estandar,Si,77.4
PKG-5010,12.07,55.0,Estandar,No,28.35
PKG-5011,21.25,302.1,Express,No,81.64
PKG-5012,4.78,647.6,Express,Si,93.77
PKG-5013,3.32,398.3,Estandar,Si,57.76
PKG-5014,25.11,564.1,Express,No,111.56
PKG-5015,29.03,503.8,Estandar,Si,111.08
PKG-5016,7.75,627.0,Estandar,No,73.72
PKG-5017,5.11,464.5,Mismo_Dia,Si,90.16
PKG-5018,19.66,116.2,Estandar,Si,62.2
PKG-5019,19.87,92.4,Express,Si,71.52
PKG-5020,8.72,334.8,Estandar,No,50.27
PKG-5021,29.48,305.7,Estandar,No,80.26
PKG-5022,21.7,651.9,Express,No,105.23
PKG-5023,15.64,163.5,Estandar,No,40.65
PKG-5024,28.48,245.6,Express,No,88.02
PKG-5025,21.12,285.4,Express,No,77.56
PKG-5026,18.37,160.1,Estandar,Si,56.87
PKG-5027,2.94,43.7,Estandar,No,9.03
PKG-5028,19.92,452.2,Estandar,Si,88.49
PKG-5029,23.13,93.3,Estandar,Si,70.08
PKG-5030,20.3,789.7,Estandar,No,107.22
PKG-5031,14.68,224.3,Estandar,Si,59.46
PKG-5032,25.17,173.0,Mismo_Dia,No,91.8
PKG-5033,19.88,445.8,Express,Si,102.46
PKG-5034,22.36,340.8,Express,No,83.03
PKG-5035,29.88,687.5,Estandar,No,112.68
PKG-5036,26.31,86.6,Estandar,No,61.75
PKG-5037,27.98,101.7,Express,No,75.76
PKG-5038,4.7,267.8,Estandar,No,39.79
PKG-5039,25.22,727.5,Estandar,No,110.06
PKG-5040,18.03,428.0,Estandar,Si,78.87
PKG-5041,28.67,746.9,Express,Si,140.92
PKG-5042,9.66,203.5,Mismo_Dia,Si,77.57
PKG-5043,28.18,236.0,Express,No,87.0
PKG-5044,15.82,118.4,Express,No,59.84
PKG-5045,14.47,200.2,Estandar,No,41.24
PKG-5046,11.91,217.2,Express,No,56.28
PKG-5047,26.03,664.5,Estandar,No,103.75
PKG-5048,18.67,35.1,Express,No,48.64
PKG-5049,3.79,733.3,Express,Si,104.39
PKG-5050,20.33,321.8,Express,No,86.43
PKG-5051,14.82,609.1,Estandar,No,81.36
PKG-5052,15.04,427.4,Express,No,82.53
PKG-5053,3.02,796.2,Estandar,No,80.84
PKG-5054,13.36,594.1,Mismo_Dia,No,108.56
PKG-5055,18.61,155.3,Estandar,Si,61.51
PKG-5056,29.96,304.6,Express,No,96.94
PKG-5057,19.5,477.0,Express,No,88.01
PKG-5058,20.95,606.9,Express,Si,117.41
PKG-5059,11.66,268.5,Estandar,No,42.93
PKG-5060,14.47,63.5,Estandar,No,36.69
PKG-5061,13.88,706.5,Express,No,99.08
PKG-5062,12.36,79.3,Estandar,Si,42.32
PKG-5063,8.01,741.3,Express,No,86.17
PKG-5064,29.24,507.9,Estandar,Si,111.15
PKG-5065,12.12,225.1,Express,No,60.27
PKG-5066,9.26,621.6,Express,No,84.34
PKG-5067,29.69,251.7,Estandar,No,76.32
PKG-5068,6.7,470.8,Mismo_Dia,No,87.49
PKG-5069,16.46,306.4,Estandar,Si,69.34
PKG-5070,16.6,229.3,Express,No,63.53
PKG-5071,10.61,34.8,Estandar,No,27.04
PKG-5072,19.91,138.2,Estandar,No,52.42
PKG-5073,7.28,159.5,Express,No,49.95
PKG-5074,6.39,594.7,Express,No,72.35
PKG-5075,15.12,665.5,Estandar,No,87.14
PKG-5076,28.71,223.0,Estandar,No,78.16
PKG-5077,6.05,697.4,Estandar,Si,78.74
PKG-5078,21.74,171.6,Estandar,No,62.1
PKG-5079,10.68,129.8,Express,No,49.51
PKG-5080,22.05,115.2,Estandar,No,57.08
PKG-5081,20.98,485.2,Express,No,97.56
PKG-5082,28.37,65.9,Estandar,No,58.75
PKG-5083,18.21,511.7,Estandar,No,78.6
PKG-5084,7.64,574.6,Express,No,73.93
PKG-5085,19.56,46.5,Estandar,No,39.04
PKG-5086,19.04,402.7,Mismo_Dia,No,93.07
PKG-5087,27.12,412.0,Express,No,100.54
PKG-5088,28.2,25.5,Express,Si,82.94
PKG-5089,14.27,305.6,Estandar,No,57.1
PKG-5090,11.05,538.1,Express,No,72.37
PKG-5091,1.74,155.5,Mismo_Dia,Si,67.44
PKG-5092,12.71,424.2,Estandar,No,56.36
PKG-5093,12.31,87.1,Estandar,No,34.65
PKG-5094,3.96,777.6,Estandar,No,73.07
PKG-5095,10.41,308.3,Express,No,62.52
PKG-5096,21.89,715.4,Estandar,Si,115.27
PKG-5097,2.6,724.2,Estandar,No,64.4
PKG-5098,1.57,529.4,Estandar,Si,57.24
PKG-5099,9.28,412.8,Express,No,61.63
PKG-5100,11.55,476.2,Estandar,No,69.54
PKG-5101,19.05,337.2,Express,Si,90.79
PKG-5102,14.0,229.9,Estandar,No,49.16
PKG-5103,10.26,35.6,Express,No,33.21
PKG-5104,5.12,559.4,Estandar,No,60.33
PKG-5105,10.41,298.0,Express,No,57.92
PKG-5106,14.36,567.7,Mismo_Dia,No,104.61
PKG-5107,5.45,574.4,Estandar,No,62.55
PKG-5108,26.76,785.1,Estandar,Si,127.92
PKG-5109,29.69,129.9,Estandar,No,70.34
PKG-5110,29.53,771.9,Estandar,No,114.78
PKG-5111,2.92,498.5,Mismo_Dia,No,73.92
PKG-5112,,,Express,Si,90.1
PKG-5113,21.28,368.1,Mismo_Dia,Si,118.35
PKG-5114,9.29,205.6,Express,No,53.72
PKG-5115,13.36,755.1,Mismo_Dia,No,126.86
PKG-5116,27.29,497.1,Express,No,107.68
PKG-5117,11.8,469.4,Express,No,80.61
PKG-5118,2.71,228.5,Estandar,Si,37.02
PKG-5119,11.32,637.2,Express,No,86.78
PKG-5120,11.16,234.2,Estandar,No,48.17
PKG-5121,18.3,319.7,Estandar,No,62.47
PKG-5122,13.86,162.7,Estandar,No,38.59
PKG-5123,13.48,129.1,Express,No,57.48
PKG-5124,29.17,19.8,Estandar,No,58.63
PKG-5125,1.83,69.2,Estandar,Si,23.85
PKG-5126,2.61,669.5,Estandar,No,58.87
PKG-5127,28.51,72.5,Estandar,No,65.92
PKG-5128,8.01,,Estandar,Si,33.9
PKG-5129,6.0,625.0,Mismo_Dia,No,94.23
PKG-5130,11.26,221.6,Estandar,No,39.81
PKG-5131,1.55,497.6,Express,No,62.7
PKG-5132,29.06,711.3,Estandar,No,111.38
PKG-5133,3.08,394.4,Estandar,Si,52.23
PKG-5134,22.7,605.5,Estandar,Si,104.34
PKG-5135,7.81,358.9,Mismo_Dia,No,78.47
PKG-5136,,112.4,Express,No,59.77
PKG-5137,25.04,739.7,Express,No,122.88
PKG-5138,6.89,547.0,Express,No,78.92
PKG-5139,12.11,592.6,Express,No,86.21
PKG-5140,6.49,130.9,Mismo_Dia,No,61.7
PKG-5141,7.59,330.2,Estandar,No,43.22
PKG-5142,11.08,575.4,Express,No,92.31
PKG-5143,27.56,355.7,Mismo_Dia,No,110.77
PKG-5144,26.21,321.2,Estandar,No,73.56
PKG-5145,8.17,599.3,Mismo_Dia,Si,109.05
PKG-5146,22.82,192.9,Estandar,No,66.43
PKG-5147,,148.7,Estandar,No,42.19
PKG-5148,29.42,46.6,Estandar,No,59.73
PKG-5149,13.01,458.3,Estandar,Si,78.99
PKG-5150,1.96,591.5,Estandar,No,52.03
PKG-5151,4.43,409.8,Express,No,52.49
PKG-5152,25.55,702.7,Estandar,No,108.07
PKG-5153,4.35,738.4,Estandar,No,75.44
PKG-5154,25.55,24.2,Mismo_Dia,No,84.05
PKG-5155,9.79,,Express,No,76.68
PKG-5156,12.66,165.7,Estandar,No,43.96
PKG-5157,8.03,344.1,Express,No,61.39
PKG-5158,16.77,652.8,Mismo_Dia,No,114.23
PKG-5159,4.8,277.7,Express,Si,59.01
PKG-5160,15.93,47.1,Estandar,No,28.67
PKG-5161,15.94,692.9,Express,Si,109.34
PKG-5162,18.47,674.3,Express,No,106.15
PKG-5163,5.61,84.4,Estandar,No,26.29
PKG-5164,22.6,479.2,Mismo_Dia,No,122.52
PKG-5165,1.09,,Express,No,52.06
PKG-5166,,42.8,Mismo_Dia,No,70.87
PKG-5167,2.26,609.6,Estandar,No,51.85
PKG-5168,13.13,488.5,Estandar,No,66.99
PKG-5169,22.31,167.9,Estandar,No,57.43
PKG-5170,25.11,628.4,Express,Si,116.95
PKG-5171,16.92,587.1,Express,Si,105.2
PKG-5172,7.4,476.7,Mismo_Dia,Si,101.62
PKG-5173,24.51,293.4,Express,No,93.47
PKG-5174,19.33,98.7,Express,No,66.62
PKG-5175,1.33,455.3,Express,No,59.14
PKG-5176,1.78,579.1,Estandar,No,52.74
PKG-5177,3.7,52.2,Express,Si,39.71
PKG-5178,27.81,745.8,Estandar,No,110.49
PKG-5179,24.27,679.6,Estandar,No,104.51
PKG-5180,21.6,393.2,Estandar,No,73.51
PKG-5181,12.29,353.4,Estandar,Si,70.2
PKG-5182,13.58,211.5,Estandar,No,49.94
PKG-5183,29.13,405.7,Estandar,Si,99.5
PKG-5184,7.35,375.4,Estandar,No,41.93
PKG-5185,6.51,71.5,Estandar,No,21.87
PKG-5186,10.07,241.8,Estandar,Si,57.29
PKG-5187,9.26,361.2,Estandar,Si,60.95
PKG-5188,2.91,793.3,Mismo_Dia,No,106.52
PKG-5189,18.92,61.7,Estandar,No,37.0
PKG-5190,8.49,738.6,Estandar,Si,91.9
PKG-5191,27.72,106.0,Express,No,75.05
PKG-5192,15.73,13.2,Mismo_Dia,No,61.08
PKG-5193,29.56,762.3,Estandar,No,113.94
PKG-5194,6.69,728.2,Mismo_Dia,No,103.76
PKG-5195,24.88,790.2,Express,No,128.49
PKG-5196,20.47,295.4,Estandar,Si,76.8
PKG-5197,11.18,165.9,Estandar,No,39.6
PKG-5198,2.75,488.6,Express,No,59.27
PKG-5199,8.01,11.7,Express,Si,44.28
PKG-5200,26.52,151.1,Estandar,Si,76.05
PKG-5201,16.42,56.2,Estandar,No,42.42
PKG-5202,27.69,246.6,Estandar,No,74.94
PKG-5203,19.73,412.1,Estandar,Si,92.85
PKG-5204,18.09,391.5,Express,No,78.47
PKG-5205,14.51,481.9,Express,No,88.88
PKG-5206,28.15,47.0,Express,No,72.01
PKG-5207,26.25,214.9,Express,Si,90.46
PKG-5208,10.26,487.8,Estandar,Si,70.88
PKG-5209,28.37,288.5,Estandar,No,81.16
PKG-5210,8.03,112.3,Express,No,34.35
PKG-5211,5.62,515.9,Estandar,Si,69.69
PKG-5212,1.64,387.8,Mismo_Dia,No,71.85
PKG-5213,14.47,288.4,Estandar,No,49.76
PKG-5214,19.75,577.3,Estandar,No,82.03
PKG-5215,6.02,122.0,Express,No,39.62
PKG-5216,24.93,630.0,Estandar,No,98.83
PKG-5217,11.01,330.1,Estandar,No,51.23
PKG-5218,4.94,443.7,Express,No,62.1
PKG-5219,1.5,234.1,Express,Si,51.23
PKG-5220,23.49,39.6,Mismo_Dia,No,77.8
PKG-5221,20.22,343.8,Express,No,84.03
PKG-5222,12.02,158.6,Estandar,No,39.37
PKG-5223,22.87,,Estandar,No,64.97
PKG-5224,16.22,455.6,Express,No,85.19
PKG-5225,,165.2,Estandar,Si,30.23
PKG-5226,22.9,71.7,Estandar,No,51.99
PKG-5227,17.88,568.9,Estandar,No,84.47
PKG-5228,24.34,636.0,Estandar,No,96.43
PKG-5229,27.28,534.4,Mismo_Dia,No,122.03
PKG-5230,,468.0,Express,No,96.97
PKG-5231,6.31,11.6,Estandar,No,16.2
PKG-5232,24.58,777.7,Estandar,No,106.63
PKG-5233,26.68,150.5,Express,No,76.05
PKG-5234,9.02,,Mismo_Dia,Si,96.8
PKG-5235,13.04,559.8,Estandar,Si,81.09
PKG-5236,16.87,22.5,Estandar,No,40.73
PKG-5237,22.91,730.7,Estandar,No,107.3
PKG-5238,3.29,66.2,Express,No,28.26
PKG-5239,21.02,573.9,Express,No,103.53
PKG-5240,13.81,470.3,Estandar,No,69.63
PKG-5241,18.17,322.9,Estandar,Si,72.01
PKG-5242,2.58,,Express,Si,69.72
PKG-5243,7.13,557.9,Express,No,74.48
PKG-5244,0.75,487.1,Express,No,59.96
PKG-5245,21.78,793.0,Estandar,No,106.52
PKG-5246,25.34,47.3,Express,No,61.49
PKG-5247,1.07,690.7,Mismo_Dia,No,95.53
PKG-5248,16.6,391.0,Express,No,81.21
PKG-5249,26.65,92.6,Estandar,Si,76.16
PKG-5250,17.49,550.7,Estandar,No,82.26
PKG-5251,22.71,383.3,Estandar,No,79.33
PKG-5252,2.82,281.3,Estandar,No,28.38
PKG-5253,2.73,186.3,Estandar,No,22.73
PKG-5254,15.04,618.1,Estandar,No,79.99
PKG-5255,12.92,98.1,Estandar,No,37.32
PKG-5256,11.14,93.7,Estandar,Si,47.0
PKG-5257,27.85,778.1,Estandar,No,117.6
PKG-5258,21.1,768.0,Express,No,115.8
PKG-5259,,231.6,Estandar,No,73.24
PKG-5260,26.52,175.3,Estandar,No,67.78
PKG-5261,13.52,145.5,Estandar,No,43.34
PKG-5262,20.59,605.3,Express,No,99.61
PKG-5263,10.68,325.3,Estandar,No,53.19
PKG-5264,1.63,752.3,Estandar,No,69.78
PKG-5265,0.64,600.8,Express,No,67.4
PKG-5266,5.4,385.0,Estandar,Si,66.13
PKG-5267,11.41,14.4,Express,No,36.04
PKG-5268,6.27,,Express,No,63.74
PKG-5269,19.8,52.9,Estandar,No,47.08
PKG-5270,,777.4,Mismo_Dia,No,142.33
PKG-5271,28.57,616.5,Estandar,No,106.64
PKG-5272,28.21,15.9,Estandar,Si,66.3
PKG-5273,26.12,72.8,Express,No,69.84
PKG-5274,23.44,185.3,Mismo_Dia,No,98.54
PKG-5275,3.06,508.0,Estandar,No,50.58
PKG-5276,1.22,245.1,Estandar,No,22.97
PKG-5277,23.77,291.9,Estandar,Si,79.66
PKG-5278,3.45,790.2,Estandar,No,76.02
PKG-5279,14.6,719.3,Estandar,No,89.28
PKG-5280,9.04,253.1,Express,No,51.65
PKG-5281,23.29,24.3,Estandar,No,52.84
PKG-5282,16.49,661.8,Mismo_Dia,Si,132.19
PKG-5283,1.63,460.8,Estandar,No,44.23
PKG-5284,7.39,,Estandar,No,26.72
PKG-5285,1.8,312.3,Estandar,No,29.55
PKG-5286,20.93,275.7,Mismo_Dia,No,93.52
PKG-5287,4.52,,Express,Si,47.16
PKG-5288,16.68,177.0,Estandar,Si,64.44
PKG-5289,7.84,322.8,Express,No,57.78
PKG-5290,29.38,672.2,Mismo_Dia,No,145.85
PKG-5291,18.91,525.8,Estandar,No,78.06
PKG-5292,17.53,237.4,Express,Si,78.66
PKG-5293,25.52,578.0,Estandar,No,93.39
PKG-5294,18.52,790.1,Estandar,No,101.73
PKG-5295,6.11,,Estandar,No,51.15
PKG-5296,17.79,412.2,Express,No,81.55
PKG-5297,9.82,506.3,Estandar,No,67.57
PKG-5298,12.24,620.0,Estandar,No,70.89
PKG-5299,5.58,796.4,Estandar,Si,93.65
PKG-5300,20.8,192.1,Estandar,No,60.02
PKG-5301,,540.2,Mismo_Dia,No,83.0
PKG-5302,21.25,571.7,Mismo_Dia,No,119.11
PKG-5303,0.77,651.2,Express,No,73.96
PKG-5304,9.3,399.7,Estandar,Si,67.29
PKG-5305,16.57,544.1,Mismo_Dia,No,101.76
PKG-5306,16.7,559.1,Express,No,92.52
PKG-5307,14.36,704.0,Mismo_Dia,No,111.3
PKG-5308,22.45,62.1,Estandar,No,52.48
PKG-5309,2.42,442.5,Express,No,60.04
PKG-5310,26.36,724.4,Express,No,122.18
PKG-5311,11.54,38.1,Express,Si,52.8
PKG-5312,,90.6,Express,No,32.27
PKG-5313,29.21,346.9,Estandar,Si,98.0
PKG-5314,2.21,,Estandar,No,67.81
PKG-5315,14.43,587.9,Express,No,88.86
PKG-5316,11.41,240.2,Express,No,51.56
PKG-5317,10.93,298.7,Mismo_Dia,No,75.23
PKG-5318,,182.8,Estandar,Si,84.35
PKG-5319,15.89,383.6,Express,No,72.78
PKG-5320,,615.1,Estandar,No,84.0
PKG-5321,2.82,,Express,Si,70.62
PKG-5322,12.29,199.7,Express,No,57.9
PKG-5323,2.45,26.0,Estandar,No,13.89
PKG-5324,9.07,668.0,Mismo_Dia,Si,117.75
PKG-5325,20.39,336.3,Mismo_Dia,No,98.97
PKG-5326,21.34,525.3,Express,No,102.22
PKG-5327,20.64,393.2,Estandar,No,78.94
PKG-5328,13.24,359.5,Estandar,Si,68.2
PKG-5329,14.38,470.2,Express,Si,85.31
PKG-5330,27.01,417.2,Estandar,No,87.62
PKG-5331,9.79,622.5,Estandar,No,71.2
PKG-5332,28.97,572.1,Estandar,No,103.3
PKG-5333,2.87,171.9,Mismo_Dia,No,58.97
PKG-5334,19.51,157.8,Mismo_Dia,No,80.65
PKG-5335,24.11,,Estandar,No,85.96
PKG-5336,9.75,,Express,Si,79.02
PKG-5337,,447.2,Estandar,No,92.65
PKG-5338,19.33,157.9,Express,No,63.96
PKG-5339,13.35,783.4,Estandar,No,88.01
PKG-5340,9.23,100.2,Estandar,No,38.17
PKG-5341,8.94,729.4,Mismo_Dia,No,115.61
PKG-5342,12.74,647.7,Estandar,Si,93.78
PKG-5343,7.41,748.0,Estandar,Si,89.87
PKG-5344,19.04,28.5,Express,No,58.82
PKG-5345,14.57,310.8,Express,No,67.29
PKG-5346,19.1,606.1,Estandar,No,88.62
PKG-5347,26.23,606.2,Estandar,Si,116.92
PKG-5348,11.21,167.2,Estandar,No,39.73
PKG-5349,7.26,745.7,Estandar,Si,84.63
PKG-5350,12.7,542.2,Estandar,No,71.29
PKG-5351,20.32,156.4,Express,No,70.15
PKG-5352,23.07,157.3,Estandar,No,60.48
PKG-5353,2.65,765.0,Express,Si,90.28
PKG-5354,15.94,28.8,Express,No,47.6
PKG-5355,15.97,648.3,Express,No,100.14
PKG-5356,23.83,270.5,Express,No,81.5
PKG-5357,10.6,297.8,Mismo_Dia,No,84.78
PKG-5358,15.61,435.9,Express,No,75.41
PKG-5359,13.1,421.5,Estandar,No,62.14
PKG-5360,27.04,447.0,Express,Si,109.33
PKG-5361,27.56,242.5,Mismo_Dia,No,109.65
PKG-5362,20.5,157.3,Estandar,No,57.68
PKG-5363,20.96,,Mismo_Dia,No,127.87
PKG-5364,12.19,174.7,Express,No,50.01
PKG-5365,27.45,92.4,Express,Si,86.33
PKG-5366,7.92,64.9,Express,No,31.53
PKG-5367,5.71,537.4,Estandar,No,59.44
PKG-5368,20.0,187.9,Estandar,No,58.17
PKG-5369,18.44,152.7,Estandar,Si,54.11
PKG-5370,27.53,21.9,Estandar,Si,72.94
PKG-5371,10.52,510.8,Express,No,81.1
PKG-5372,24.33,425.2,Express,No,97.67
PKG-5373,29.48,385.3,Mismo_Dia,Si,127.72
PKG-5374,24.39,619.1,Mismo_Dia,No,124.93
PKG-5375,22.01,140.5,Estandar,Si,67.45
PKG-5376,26.06,165.7,Mismo_Dia,Si,100.6
PKG-5377,20.05,,Estandar,No,43.52
PKG-5378,23.0,390.0,Express,Si,101.97
PKG-5379,2.44,440.9,Mismo_Dia,No,69.57
PKG-5380,13.49,,Estandar,No,62.59
PKG-5381,17.94,258.8,Estandar,No,65.96
PKG-5382,3.39,610.9,Express,No,70.75
PKG-5383,29.14,,Estandar,No,71.68
PKG-5384,13.51,574.7,Estandar,Si,85.98
PKG-5385,,572.8,Express,Si,81.63
PKG-5386,27.32,280.4,Express,No,91.88
PKG-5387,9.22,403.9,Mismo_Dia,No,84.02
PKG-5388,1.22,589.0,Express,No,67.47
PKG-5389,26.18,74.7,Estandar,No,60.16
PKG-5390,1.14,145.5,Estandar,No,21.03
PKG-5391,15.48,12.4,Estandar,No,40.34
PKG-5392,0.59,,Express,No,71.37
PKG-5393,7.47,509.7,Estandar,No,54.04
PKG-5394,17.67,125.3,Express,No,60.31
PKG-5395,23.72,570.9,Mismo_Dia,No,120.01
PKG-5396,22.28,270.5,Estandar,No,64.73
PKG-5397,29.93,735.5,Estandar,No,114.2
PKG-5398,19.26,566.5,Mismo_Dia,No,113.17
PKG-5399,21.44,787.4,Estandar,Si,121.3
PKG-5400,18.81,547.0,Express,No,103.2
PKG-5401,20.14,776.1,Estandar,No,102.37
PKG-5402,15.68,,Estandar,No,45.01
PKG-5403,11.87,241.2,Estandar,No,46.57
PKG-5404,6.27,367.1,Express,Si,66.79
PKG-5405,0.6,100.6,Estandar,No,11.63
PKG-5406,,244.8,Express,No,51.86
PKG-5407,19.14,596.0,Express,No,96.54
PKG-5408,15.29,680.0,Estandar,No,88.8
PKG-5409,25.34,,Express,No,89.32
PKG-5410,,763.0,Estandar,Si,77.23
PKG-5411,13.49,523.4,Estandar,No,77.47
PKG-5412,22.37,205.6,Express,No,75.15
PKG-5413,5.94,525.2,Estandar,No,60.42
PKG-5414,29.16,506.0,Express,No,111.51
PKG-5415,18.7,261.6,Mismo_Dia,No,87.62
PKG-5416,26.69,182.3,Express,No,85.4
PKG-5417,9.44,158.6,Estandar,No,36.51
PKG-5418,16.89,431.0,Estandar,Si,85.48
PKG-5419,18.68,283.4,Estandar,No,60.03
PKG-5420,14.33,530.7,Mismo_Dia,Si,117.38
PKG-5421,22.78,316.1,Estandar,Si,83.12
PKG-5422,6.97,135.5,Express,Si,51.22
PKG-5423,12.78,382.9,Express,Si,78.19
PKG-5424,6.63,,Mismo_Dia,No,73.07
PKG-5425,27.62,636.7,Mismo_Dia,Si,143.18
PKG-5426,4.32,204.7,Estandar,No,24.08
PKG-5427,22.58,635.6,Express,Si,117.46
PKG-5428,6.8,259.3,Estandar,No,30.37
PKG-5429,25.35,377.6,Express,No,99.52
PKG-5430,14.54,11.3,Mismo_Dia,No,63.35
PKG-5431,22.12,314.1,Express,No,78.14
PKG-5432,10.23,740.1,Express,No,96.69
PKG-5433,27.38,768.4,Estandar,No,116.47
PKG-5434,24.57,,Estandar,No,65.28
PKG-5435,27.07,462.4,Estandar,No,86.6
PKG-5436,17.58,797.8,Mismo_Dia,Si,141.71
PKG-5437,10.27,356.8,Express,No,65.69
PKG-5438,14.84,537.5,Estandar,No,72.47
PKG-5439,17.05,51.5,Estandar,Si,52.09
PKG-5440,,444.9,Estandar,Si,72.14
PKG-5441,,778.1,Mismo_Dia,No,134.11
PKG-5442,28.27,462.3,Estandar,No,92.14
PKG-5443,3.45,46.4,Estandar,No,8.95
PKG-5444,22.07,549.9,Express,No,102.43
PKG-5445,4.91,587.7,Express,Si,85.01
PKG-5446,8.89,228.2,Express,No,55.14
PKG-5447,14.89,,Mismo_Dia,No,82.25
PKG-5448,20.1,795.8,Estandar,No,106.45
PKG-5449,13.53,131.4,Mismo_Dia,Si,82.07
PKG-5450,20.8,686.7,Express,Si,120.9
PKG-5451,,703.5,Express,No,103.23
PKG-5452,14.63,375.8,Estandar,Si,71.49
PKG-5453,,156.5,Estandar,No,34.98
PKG-5454,17.27,123.0,Express,No,50.56
PKG-5455,9.92,574.3,Mismo_Dia,Si,113.97
PKG-5456,24.38,586.5,Estandar,No,96.63
PKG-5457,16.55,490.5,Express,No,82.9
PKG-5458,8.85,34.9,Estandar,No,25.75
PKG-5459,28.45,786.6,Mismo_Dia,No,148.93
PKG-5460,2.13,,Express,Si,54.53
PKG-5461,2.36,55.0,Mismo_Dia,Si,60.56
PKG-5462,0.61,190.0,Estandar,No,19.56
PKG-5463,6.72,157.3,Mismo_Dia,No,63.59
PKG-5464,5.95,675.9,Express,No,78.95
PKG-5465,29.82,20.0,Express,No,71.02
PKG-5466,15.8,157.3,Mismo_Dia,No,78.17
PKG-5467,18.68,648.2,Express,No,101.88
PKG-5468,,518.9,Express,No,79.86
PKG-5469,17.71,625.1,Estandar,Si,103.61
PKG-5470,24.4,439.4,Estandar,No,80.86
PKG-5471,14.03,249.4,Mismo_Dia,No,85.69
PKG-5472,0.53,322.5,Express,No,41.01
PKG-5473,25.24,464.9,Estandar,No,90.21
PKG-5474,23.05,237.5,Express,No,78.64
PKG-5475,15.07,485.6,Estandar,Si,81.56
PKG-5476,22.66,273.2,Express,No,79.98
PKG-5477,3.33,153.0,Express,No,35.95
PKG-5478,28.24,729.6,Estandar,No,111.08
PKG-5479,28.32,403.3,Express,Si,111.92
PKG-5480,18.72,161.6,Mismo_Dia,No,82.14
PKG-5481,19.07,799.0,Estandar,No,105.27
PKG-5482,6.95,213.1,Estandar,No,38.25
PKG-5483,16.28,341.1,Estandar,No,64.69
PKG-5484,27.63,698.0,Express,Si,136.68
PKG-5485,27.03,487.3,Express,No,107.84
PKG-5486,29.08,508.6,Estandar,No,97.6
PKG-5487,26.73,775.9,Express,No,126.55
PKG-5488,26.05,,Estandar,No,60.65
PKG-5489,14.87,737.5,Estandar,No,83.31
PKG-5490,19.52,599.6,Estandar,No,87.78
PKG-5491,29.88,514.2,Estandar,Si,114.4
PKG-5492,1.48,58.0,Estandar,No,11.54
PKG-5493,,436.7,Estandar,No,56.33
PKG-5494,,207.1,Mismo_Dia,Si,102.4
PKG-5495,12.01,115.5,Estandar,No,36.19
PKG-5496,9.74,540.6,Estandar,No,65.39
PKG-5497,9.18,460.4,Express,No,69.24
PKG-5498,9.24,683.1,Express,No,94.13
PKG-5499,12.24,583.7,Estandar,No,76.72
PKG-5500,28.53,65.8,Express,Si,89.37
PKG-5501,26.19,779.6,Express,No,136.77
PKG-5502,5.18,334.1,Estandar,No,39.69
PKG-5503,8.6,179.2,Estandar,No,42.17
PKG-5504,,304.4,Estandar,Si,74.62
PKG-5505,18.94,298.9,Express,No,79.55
PKG-5506,8.42,623.2,Estandar,No,69.19
PKG-5507,1.31,336.2,Estandar,No,36.76
PKG-5508,22.37,717.1,Estandar,No,101.57
PKG-5509,24.44,768.9,Estandar,Si,121.71
PKG-5510,24.79,381.2,Estandar,No,80.95
PKG-5511,22.39,175.7,Estandar,No,57.05
PKG-5512,24.49,67.3,Estandar,No,53.7
PKG-5513,23.4,11.6,Estandar,No,45.29
PKG-5514,27.27,159.9,Estandar,No,66.5
PKG-5515,4.17,680.9,Express,Si,90.95
PKG-5516,21.26,56.2,Express,No,59.84
PKG-5517,1.9,155.3,Estandar,No,19.31
PKG-5518,2.71,392.6,Estandar,No,46.97
PKG-5519,,727.2,Estandar,Si,91.93
PKG-5520,22.9,739.3,Mismo_Dia,No,136.35
PKG-5521,29.2,766.8,Express,Si,141.67
PKG-5522,14.52,20.9,Estandar,No,32.12
PKG-5523,,15.1,Express,No,33.45
PKG-5524,27.28,543.1,Estandar,Si,107.51
PKG-5525,18.9,72.4,Estandar,Si,60.45
PKG-5526,6.8,602.1,Estandar,No,62.77
PKG-5527,29.01,269.3,Estandar,Si,89.18
PKG-5528,27.42,134.7,Estandar,No,66.07
PKG-5529,,86.3,Estandar,Si,39.11
PKG-5530,27.61,682.1,Mismo_Dia,No,146.49
PKG-5531,20.21,394.1,Express,No,82.76
PKG-5532,25.79,462.0,Estandar,No,87.3
PKG-5533,,252.9,Estandar,Si,61.48
PKG-5534,28.1,739.6,Estandar,No,112.4
PKG-5535,,200.8,Mismo_Dia,No,83.84
PKG-5536,5.98,721.4,Express,No,88.66
PKG-5537,3.07,570.1,Express,Si,80.92
PKG-5538,23.72,351.0,Estandar,No,79.71
PKG-5539,3.21,325.1,Express,No,49.76
PKG-5540,24.64,242.7,Mismo_Dia,No,97.51
PKG-5541,16.08,683.3,Express,No,99.05
PKG-5542,24.64,335.6,Estandar,No,73.05
PKG-5543,14.03,436.5,Mismo_Dia,No,96.93
PKG-5544,15.59,407.4,Express,No,82.27
PKG-5545,26.87,246.7,Mismo_Dia,No,104.29
PKG-5546,4.31,429.1,Mismo_Dia,Si,87.83
PKG-5547,19.54,527.4,Estandar,No,89.03
PKG-5548,9.64,505.0,Estandar,Si,76.2
PKG-5549,14.94,375.4,Estandar,Si,76.23
PKG-5550,15.62,734.9,Mismo_Dia,Si,135.69
PKG-5551,10.07,678.8,Estandar,No,78.33
PKG-5552,20.93,426.4,Estandar,No,75.93
PKG-5553,5.19,332.6,Estandar,Si,49.98
PKG-5554,23.68,136.8,Mismo_Dia,No,86.45
PKG-5555,9.07,286.2,Express,No,61.09
PKG-5556,15.37,,Estandar,No,73.6
PKG-5557,,646.9,Estandar,No,91.93
PKG-5558,11.17,712.1,Estandar,No,81.56
PKG-5559,13.15,734.9,Express,Si,113.3
PKG-5560,6.42,318.4,Express,No,55.65
PKG-5561,3.57,630.1,Express,No,71.16
PKG-5562,20.65,30.2,Express,No,54.49
PKG-5563,25.85,80.1,Estandar,No,64.05
PKG-5564,5.5,286.8,Express,Si,62.53
PKG-5565,13.46,,Estandar,No,89.89
PKG-5566,27.85,209.0,Express,No,86.27
PKG-5567,18.04,798.8,Estandar,Si,115.61
PKG-5568,10.53,756.5,Estandar,Si,90.29
PKG-5569,27.4,436.7,Express,Si,109.25
PKG-5570,27.08,397.0,Express,No,96.89
PKG-5571,27.37,309.8,Estandar,Si,88.3
PKG-5572,20.95,29.7,Estandar,Si,58.92
PKG-5573,27.28,114.2,Estandar,No,60.38
PKG-5574,13.56,756.0,Mismo_Dia,No,119.81
PKG-5575,16.25,,Express,Si,77.12
PKG-5576,25.29,659.1,Express,Si,128.83
PKG-5577,21.43,205.7,Estandar,Si,82.37
PKG-5578,7.22,536.2,Estandar,Si,73.46
PKG-5579,4.12,183.5,Estandar,No,22.78
PKG-5580,25.35,34.3,Estandar,No,50.77
PKG-5581,1.31,655.4,Estandar,Si,72.54
PKG-5582,6.92,,Estandar,No,67.71
PKG-5583,17.59,24.3,Estandar,No,38.11
PKG-5584,,415.2,Express,Si,81.22
PKG-5585,17.72,511.9,Estandar,No,76.24
PKG-5586,20.68,569.3,Estandar,No,87.44
PKG-5587,22.9,796.5,Estandar,Si,121.38
PKG-5588,12.85,490.3,Express,No,85.59
PKG-5589,23.15,515.1,Express,No,99.12
PKG-5590,18.72,107.5,Express,No,64.41
PKG-5591,27.63,574.7,Mismo_Dia,No,128.99
PKG-5592,5.2,416.1,Express,No,59.66
PKG-5593,26.4,232.0,Mismo_Dia,No,103.97
PKG-5594,13.54,694.3,Estandar,No,83.84
PKG-5595,27.38,627.7,Estandar,Si,116.38
PKG-5596,5.58,213.6,Estandar,No,37.75
PKG-5597,15.43,222.1,Express,No,64.69
PKG-5598,6.66,606.6,Estandar,Si,80.09
PKG-5599,2.38,379.4,Mismo_Dia,No,72.71
PKG-5600,29.67,312.2,Express,No,102.86
PKG-5601,2.09,727.9,Estandar,Si,85.39
PKG-5602,,783.6,Estandar,No,118.49
PKG-5603,1.24,491.4,Express,No,64.57
PKG-5604,12.58,445.8,Estandar,No,63.65
PKG-5605,6.81,378.2,Express,No,56.07
PKG-5606,,715.0,Estandar,No,99.21
PKG-5607,22.15,781.8,Express,Si,128.7
PKG-5608,5.5,92.8,Express,No,44.31
PKG-5609,14.39,484.4,Express,No,83.46
PKG-5610,4.74,349.4,Estandar,No,47.01
PKG-5611,14.55,505.4,Express,No,90.12
PKG-5612,27.45,220.1,Express,No,82.63
PKG-5613,28.93,375.3,Estandar,No,84.81
PKG-5614,22.43,,Estandar,Si,69.53
PKG-5615,22.51,549.2,Express,Si,108.19
PKG-5616,14.52,21.6,Express,Si,55.76
PKG-5617,3.7,217.7,Express,Si,58.74
PKG-5618,9.96,80.9,Express,No,43.95
PKG-5619,25.15,374.6,Estandar,Si,95.34
PKG-5620,20.81,606.7,Mismo_Dia,No,113.49
PKG-5621,3.25,48.0,Estandar,No,14.21
PKG-5622,16.11,29.2,Estandar,No,30.95
PKG-5623,29.32,71.1,Express,No,88.39
PKG-5624,1.62,,Express,No,49.1
PKG-5625,27.59,768.7,Estandar,Si,127.58
PKG-5626,5.01,314.4,Estandar,Si,52.48
PKG-5627,15.76,270.6,Express,Si,79.28
PKG-5628,17.36,603.7,Estandar,Si,100.05
PKG-5629,26.87,,Mismo_Dia,No,140.17
PKG-5630,13.48,85.5,Express,Si,58.4
PKG-5631,6.1,364.7,Estandar,No,47.4
PKG-5632,26.63,636.4,Express,No,115.56
PKG-5633,,576.0,Mismo_Dia,Si,108.1
PKG-5634,3.35,396.2,Mismo_Dia,No,69.24
PKG-5635,2.09,413.9,Express,No,52.13
PKG-5636,1.75,207.8,Express,No,37.52
PKG-5637,14.32,608.5,Estandar,No,79.35
PKG-5638,26.59,126.6,Estandar,No,66.53
PKG-5639,28.94,34.7,Estandar,No,56.69
PKG-5640,,180.0,Estandar,No,50.59
PKG-5641,3.58,94.0,Express,No,33.45
PKG-5642,22.03,483.6,Mismo_Dia,No,112.88
PKG-5643,16.0,628.2,Estandar,No,90.8
PKG-5644,8.74,207.6,Express,Si,63.29
PKG-5645,7.15,384.0,Express,No,61.01
PKG-5646,9.94,37.9,Estandar,No,22.89
PKG-5647,18.05,384.5,Estandar,No,67.3
PKG-5648,28.36,679.2,Mismo_Dia,No,139.93
PKG-5649,17.56,640.9,Mismo_Dia,No,117.02
PKG-5650,,188.9,Estandar,No,27.36
PKG-5651,4.98,,Mismo_Dia,No,42.91
PKG-5652,9.21,786.8,Express,No,93.63
PKG-5653,15.82,568.1,Estandar,Si,89.73
PKG-5654,9.76,390.2,Estandar,Si,56.84
PKG-5655,25.7,477.0,Express,Si,116.27
PKG-5656,2.94,217.5,Estandar,No,27.45
PKG-5657,4.93,31.5,Express,No,33.8
PKG-5658,5.21,,Estandar,No,36.39
PKG-5659,7.64,246.7,Mismo_Dia,No,69.94
PKG-5660,21.65,644.1,Estandar,No,92.66
PKG-5661,15.85,501.5,Express,No,83.35
PKG-5662,10.03,533.0,Estandar,No,68.71
PKG-5663,11.65,477.1,Express,No,75.78
PKG-5664,16.62,537.7,Estandar,No,74.06
PKG-5665,21.15,535.0,Estandar,No,88.08
PKG-5666,26.83,,Estandar,No,113.6
PKG-5667,17.95,282.0,Express,Si,85.23
PKG-5668,27.22,46.5,Estandar,No,58.98
PKG-5669,24.05,411.4,Estandar,Si,100.86
PKG-5670,6.24,510.9,Estandar,Si,73.06
PKG-5671,,495.1,Estandar,No,69.52
PKG-5672,0.82,599.5,Express,No,69.79
PKG-5673,13.98,124.8,Estandar,No,39.25
PKG-5674,21.22,230.7,Mismo_Dia,No,90.47
PKG-5675,12.92,43.4,Express,No,45.91
PKG-5676,0.64,323.7,Mismo_Dia,No,62.0
PKG-5677,3.08,692.6,Estandar,No,67.44
PKG-5678,20.53,537.7,Express,No,94.41
PKG-5679,3.36,362.7,Estandar,No,38.73
PKG-5680,4.14,562.5,Estandar,Si,65.76
PKG-5681,23.52,442.8,Estandar,No,80.55
PKG-5682,1.72,529.4,Express,No,61.4
PKG-5683,22.66,479.2,Express,No,94.88
PKG-5684,18.94,453.7,Estandar,No,74.12
PKG-5685,6.01,536.0,Estandar,No,61.79
PKG-5686,22.33,19.0,Express,No,61.07
PKG-5687,13.58,428.4,Estandar,No,59.08
PKG-5688,25.2,571.1,Estandar,Si,106.22
PKG-5689,26.64,557.8,Estandar,No,95.02
PKG-5690,18.59,725.7,Estandar,No,94.25
PKG-5691,1.27,484.8,Estandar,No,45.99
PKG-5692,26.27,257.8,Express,No,82.16
PKG-5693,11.65,260.4,Express,No,59.03
PKG-5694,26.49,599.4,Express,No,116.43
PKG-5695,1.39,694.8,Mismo_Dia,No,88.16
PKG-5696,3.72,105.5,Estandar,No,23.14
PKG-5697,21.47,688.4,Estandar,No,102.75
PKG-5698,26.33,791.5,Express,No,124.87
PKG-5699,,219.5,Mismo_Dia,No,84.0
PKG-5700,5.1,361.8,Express,No,58.87
PKG-5701,8.59,35.9,Express,Si,50.56
PKG-5702,25.14,345.7,Estandar,No,76.05
PKG-5703,12.14,735.2,Express,No,99.19
PKG-5704,23.27,769.2,Estandar,No,105.04
PKG-5705,25.69,33.7,Express,No,62.87
PKG-5706,1.54,,Estandar,No,33.22
PKG-5707,10.96,251.2,Estandar,No,42.08
PKG-5708,29.87,260.9,Estandar,Si,90.36
PKG-5709,16.69,495.0,Mismo_Dia,Si,121.39
PKG-5710,17.29,,Express,No,61.92
PKG-5711,27.75,211.2,Mismo_Dia,No,102.86
PKG-5712,17.59,113.4,Estandar,No,46.23
PKG-5713,23.24,561.2,Estandar,Si,108.22
PKG-5714,21.12,164.3,Estandar,No,57.96
PKG-5715,24.25,474.6,Estandar,No,83.86
PKG-5716,5.17,743.7,Express,No,96.14
PKG-5717,3.88,231.8,Estandar,Si,45.78
PKG-5718,,126.8,Estandar,No,34.41
PKG-5719,27.77,679.9,Estandar,No,103.14
PKG-5720,7.42,685.6,Express,No,84.41
PKG-5721,6.15,672.7,Estandar,No,69.89
PKG-5722,9.53,575.3,Estandar,No,73.55
PKG-5723,12.29,749.1,Estandar,Si,104.41
PKG-5724,21.37,540.0,Mismo_Dia,No,121.33
PKG-5725,12.58,,Express,No,61.48
PKG-5726,8.73,240.0,Estandar,No,36.93
PKG-5727,23.31,79.9,Estandar,No,58.37
PKG-5728,6.03,554.5,Express,Si,76.51
PKG-5729,15.31,210.6,Express,No,59.31
PKG-5730,,617.7,Estandar,No,83.38
PKG-5731,27.12,590.9,Express,No,115.23
PKG-5732,5.65,671.8,Mismo_Dia,No,102.78
PKG-5733,22.03,357.6,Express,Si,93.22
PKG-5734,13.05,668.2,Express,Si,100.49
PKG-5735,,215.5,Express,No,75.23
PKG-5736,9.17,775.1,Estandar,Si,96.69
PKG-5737,5.7,314.4,Estandar,No,44.48
PKG-5738,11.32,36.1,Estandar,No,25.65
PKG-5739,22.21,351.0,Estandar,Si,88.87
PKG-5740,1.97,105.9,Mismo_Dia,No,42.52
PKG-5741,19.92,121.9,Express,Si,80.98
PKG-5742,6.3,,Express,No,58.11
PKG-5743,8.7,195.5,Estandar,Si,50.41
PKG-5744,25.13,77.9,Estandar,No,55.67
PKG-5745,11.91,663.4,Express,Si,107.99
PKG-5746,23.19,304.3,Express,No,81.42
PKG-5747,23.85,351.6,Express,Si,100.82
PKG-5748,15.24,143.6,Estandar,No,43.07
PKG-5749,26.13,605.3,Express,Si,122.9
PKG-5750,15.97,,Estandar,No,50.76
PKG-5751,19.86,,Express,No,53.76
PKG-5752,3.28,71.3,Express,No,21.23
PKG-5753,20.05,293.3,Express,No,79.03
PKG-5754,19.29,106.7,Estandar,No,48.94
PKG-5755,6.88,240.6,Estandar,No,44.05
PKG-5756,25.0,627.1,Express,No,109.16
PKG-5757,14.9,363.6,Estandar,No,60.12
PKG-5758,0.72,126.0,Express,Si,34.59
PKG-5759,17.51,496.3,Estandar,No,75.59
PKG-5760,21.75,26.9,Estandar,Si,58.4
PKG-5761,11.93,290.1,Express,No,65.72
PKG-5762,9.21,208.5,Estandar,No,36.04
PKG-5763,12.5,462.0,Estandar,No,64.15
PKG-5764,2.62,221.5,Mismo_Dia,Si,72.68
PKG-5765,26.3,,Estandar,No,73.71
PKG-5766,12.01,85.1,Estandar,Si,47.51
PKG-5767,25.68,461.4,Estandar,No,85.15
PKG-5768,16.39,560.4,Estandar,No,79.22
PKG-5769,28.52,576.5,Mismo_Dia,No,136.51
PKG-5770,22.79,16.1,Estandar,No,49.49
PKG-5771,8.61,123.4,Express,No,50.1
PKG-5772,19.26,250.2,Estandar,Si,72.55
PKG-5773,12.91,60.5,Estandar,No,32.74
PKG-5774,15.49,156.8,Estandar,Si,56.79
PKG-5775,28.48,203.7,Express,Si,95.38
PKG-5776,,759.0,Mismo_Dia,No,151.37
PKG-5777,3.94,26.1,Estandar,No,13.34
PKG-5778,3.08,434.9,Estandar,No,36.57
PKG-5779,,486.6,Estandar,No,90.91
PKG-5780,19.01,75.6,Express,No,57.08
PKG-5781,1.76,465.2,Express,Si,70.5
PKG-5782,1.83,716.7,Express,No,80.56
PKG-5783,9.48,488.6,Estandar,No,61.63
PKG-5784,25.29,136.2,Estandar,No,61.3
PKG-5785,24.06,,Estandar,No,61.3
PKG-5786,13.58,322.4,Mismo_Dia,No,80.97
PKG-5787,0.54,626.5,Mismo_Dia,No,85.11
PKG-5788,8.87,,Express,Si,82.88
PKG-5789,26.41,520.1,Express,No,106.51
PKG-5790,21.4,36.3,Estandar,No,47.01
PKG-5791,11.08,762.2,Estandar,Si,96.02
PKG-5792,26.48,72.9,Estandar,No,57.34
PKG-5793,26.3,108.5,Express,Si,85.87
PKG-5794,2.31,115.5,Estandar,No,19.58
PKG-5795,20.83,740.2,Estandar,No,99.43
PKG-5796,28.93,595.0,Express,Si,125.64
PKG-5797,23.89,733.8,Mismo_Dia,No,140.95
PKG-5798,,473.3,Express,No,96.49
PKG-5799,12.83,,Mismo_Dia,Si,116.21
PKG-5800,12.17,623.0,Express,No,92.37
PKG-5801,20.69,305.3,Express,No,83.48
PKG-5802,1.91,551.0,Express,Si,83.94
PKG-5803,29.44,123.5,Express,Si,98.84
PKG-5804,15.03,520.9,Express,No,88.89
PKG-5805,27.58,734.9,Mismo_Dia,No,141.93
PKG-5806,15.75,271.6,Express,No,68.0
PKG-5807,29.08,306.5,Estandar,No,77.67
PKG-5808,17.36,632.4,Express,No,106.33
PKG-5809,4.19,254.8,Mismo_Dia,No,62.25
PKG-5810,9.03,699.3,Estandar,Si,85.23
PKG-5811,10.99,31.1,Express,Si,51.84
PKG-5812,8.75,75.3,Estandar,No,33.86
PKG-5813,24.34,183.6,Estandar,No,60.79
PKG-5814,26.02,143.2,Estandar,Si,81.9
PKG-5815,14.17,521.8,Mismo_Dia,Si,114.1
PKG-5816,15.22,528.0,Estandar,No,70.16
PKG-5817,4.09,782.7,Estandar,Si,81.69
PKG-5818,24.06,305.0,Express,No,87.95
PKG-5819,15.38,553.4,Estandar,No,75.45
PKG-5820,20.45,177.6,Estandar,No,60.02
PKG-5821,22.44,527.9,Estandar,Si,99.42
PKG-5822,28.77,475.5,Estandar,No,98.38
PKG-5823,17.94,700.4,Mismo_Dia,Si,138.68
PKG-5824,7.8,718.9,Express,No,83.69
PKG-5825,5.19,787.8,Estandar,No,78.35
PKG-5826,9.5,486.5,Express,No,76.72
PKG-5827,6.06,372.7,Mismo_Dia,No,77.4
PKG-5828,25.26,,Express,No,121.0
PKG-5829,19.06,769.1,Mismo_Dia,No,136.83
PKG-5830,18.75,251.2,Mismo_Dia,No,93.07
PKG-5831,4.72,378.5,Estandar,No,43.97
PKG-5832,24.7,499.4,Estandar,Si,107.82
PKG-5833,26.38,266.6,Estandar,No,72.56
PKG-5834,26.26,,Express,No,129.77
PKG-5835,26.73,260.2,Estandar,No,75.35
PKG-5836,17.21,738.2,Estandar,No,91.59
PKG-5837,,273.4,Estandar,No,40.53
PKG-5838,7.84,192.9,Express,No,47.41
PKG-5839,1.26,496.5,Mismo_Dia,No,76.24
PKG-5840,,209.8,Express,No,79.35
PKG-5841,4.9,797.0,Express,Si,96.57
PKG-5842,23.32,730.0,Estandar,No,102.85
PKG-5843,5.01,,Estandar,No,29.1
PKG-5844,18.62,577.0,Express,No,99.66
PKG-5845,16.16,535.0,Express,No,83.79
PKG-5846,28.76,307.2,Estandar,No,75.58
PKG-5847,9.32,242.5,Express,No,57.79
PKG-5848,23.09,170.1,Estandar,No,59.03
PKG-5849,16.89,385.1,Estandar,No,70.32
PKG-5850,5.06,514.5,Estandar,No,55.82
PKG-5851,1.44,184.5,Estandar,Si,30.56
PKG-5852,23.87,607.6,Estandar,No,99.23
PKG-5853,11.2,645.2,Express,No,84.73
PKG-5854,3.07,118.4,Estandar,No,22.04
PKG-5855,24.39,613.1,Estandar,No,103.88
PKG-5856,22.46,155.4,Estandar,Si,73.19
PKG-5857,15.65,505.0,Estandar,No,71.09
PKG-5858,21.31,168.6,Mismo_Dia,No,87.97
PKG-5859,29.19,60.7,Mismo_Dia,No,89.82
PKG-5860,10.03,30.0,Express,No,34.13
PKG-5861,6.6,221.3,Mismo_Dia,Si,76.43
PKG-5862,29.85,,Estandar,No,91.0
PKG-5863,3.23,399.0,Estandar,Si,51.43
PKG-5864,,346.7,Express,No,50.3
PKG-5865,1.18,572.0,Mismo_Dia,No,77.23
PKG-5866,6.06,629.9,Express,No,76.16
PKG-5867,16.44,16.8,Express,No,52.19
PKG-5868,13.47,633.0,Express,Si,104.84
PKG-5869,5.37,524.0,Express,No,68.34
PKG-5870,4.66,526.6,Estandar,No,61.52
PKG-5871,17.54,208.6,Mismo_Dia,No,81.04
PKG-5872,12.42,610.1,Estandar,No,80.31
PKG-5873,25.52,350.2,Estandar,No,79.78
PKG-5874,1.92,175.3,Express,No,34.33
PKG-5875,16.34,401.1,Estandar,No,60.82
PKG-5876,19.51,68.6,Express,No,53.53
PKG-5877,,618.1,Estandar,No,62.01
PKG-5878,25.09,734.8,Estandar,No,108.32
PKG-5879,24.95,745.9,Estandar,No,115.88
PKG-5880,9.95,51.3,Express,No,41.79
PKG-5881,25.66,598.7,Estandar,Si,112.63
PKG-5882,17.74,499.6,Estandar,Si,87.8
PKG-5883,5.06,165.5,Estandar,No,30.14
PKG-5884,2.88,201.6,Express,Si,55.84
PKG-5885,4.0,411.0,Mismo_Dia,Si,90.61
PKG-5886,19.9,292.1,Estandar,No,63.22
PKG-5887,13.63,448.4,Estandar,No,61.24
PKG-5888,19.54,,Express,No,101.46
PKG-5889,21.68,424.3,Express,No,91.92
PKG-5890,1.63,450.6,Mismo_Dia,No,70.23
PKG-5891,19.65,302.6,Mismo_Dia,No,100.58
PKG-5892,24.29,394.4,Estandar,No,81.08
PKG-5893,9.91,700.5,Estandar,No,84.5
PKG-5894,14.4,67.3,Estandar,No,27.96
PKG-5895,28.78,146.9,Estandar,No,66.02
PKG-5896,15.74,673.5,Express,Si,114.85
PKG-5897,24.57,96.7,Estandar,No,55.1
PKG-5898,12.41,745.4,Express,No,98.23
PKG-5899,9.95,491.1,Express,Si,91.01
PKG-5900,7.72,443.5,Estandar,No,63.35
PKG-5901,25.94,24.5,Express,No,70.68
PKG-5902,0.69,711.4,Express,No,78.13
PKG-5903,27.41,455.3,Mismo_Dia,Si,132.31
PKG-5904,19.93,464.5,Express,Si,97.86
PKG-5905,3.48,106.6,Estandar,No,16.98
PKG-5906,29.22,57.8,Express,Si,84.47
PKG-5907,27.57,362.8,Estandar,No,90.06
PKG-5908,11.19,216.8,Estandar,Si,56.54
PKG-5909,11.7,509.4,Estandar,No,72.08
PKG-5910,10.61,40.5,Estandar,No,30.52
PKG-5911,7.5,518.5,Mismo_Dia,No,97.03
PKG-5912,7.58,172.0,Express,No,40.25
PKG-5913,18.76,693.4,Estandar,No,94.5
PKG-5914,4.22,622.2,Express,No,73.11
PKG-5915,9.64,708.7,Express,No,92.08
PKG-5916,24.34,612.8,Express,Si,124.28
PKG-5917,6.0,452.6,Estandar,No,43.21
PKG-5918,1.05,141.3,Estandar,No,21.29
PKG-5919,17.53,596.3,Estandar,No,88.05
PKG-5920,24.31,208.2,Express,No,82.86
PKG-5921,18.41,388.6,Estandar,No,67.43
PKG-5922,26.72,594.3,Express,Si,124.43
PKG-5923,29.84,424.5,Estandar,No,90.89
PKG-5924,8.26,557.6,Express,No,77.62
PKG-5925,24.31,797.9,Express,No,128.21
PKG-5926,3.17,383.7,Estandar,No,40.24
PKG-5927,11.32,489.6,Estandar,Si,78.99
PKG-5928,27.3,670.4,Estandar,No,101.94
PKG-5929,6.0,74.2,Express,No,38.54
PKG-5930,11.4,308.3,Express,No,66.88
PKG-5931,,751.9,Express,No,114.88
PKG-5932,6.44,87.7,Mismo_Dia,No,52.42
PKG-5933,12.82,615.7,Estandar,No,81.94
PKG-5934,29.9,220.5,Express,No,86.55
PKG-5935,21.5,218.5,Estandar,No,64.59
PKG-5936,4.81,747.5,Express,No,92.91
PKG-5937,15.91,44.2,Express,No,51.69
PKG-5938,23.38,623.1,Express,No,112.88
PKG-5939,20.91,97.3,Mismo_Dia,Si,89.99
PKG-5940,18.39,480.9,Estandar,No,74.89
PKG-5941,29.95,428.4,Mismo_Dia,Si,137.56
PKG-5942,16.69,680.3,Mismo_Dia,No,120.58
PKG-5943,4.94,373.3,Mismo_Dia,No,76.51
PKG-5944,27.37,172.0,Express,No,78.83
PKG-5945,17.25,651.1,Mismo_Dia,No,123.34
PKG-5946,15.43,54.3,Express,No,50.03
PKG-5947,9.56,42.7,Estandar,No,22.18
PKG-5948,29.27,641.3,Mismo_Dia,No,135.45
PKG-5949,27.58,387.4,Estandar,No,88.64
PKG-5950,22.6,167.8,Express,No,66.45
PKG-5951,,730.6,Estandar,No,89.46
PKG-5952,17.72,659.7,Estandar,No,93.83
PKG-5953,22.42,547.0,Estandar,No,86.25
PKG-5954,11.54,508.9,Estandar,No,63.59
PKG-5955,5.53,435.8,Express,Si,81.58
PKG-5956,13.19,235.7,Estandar,No,51.04
PKG-5957,8.91,647.0,Express,No,88.53
PKG-5958,24.56,517.3,Express,Si,121.74
PKG-5959,11.58,693.5,Mismo_Dia,No,106.02
PKG-5960,19.77,237.8,Express,Si,85.74
PKG-5961,17.31,381.9,Estandar,Si,78.32
PKG-5962,9.38,582.0,Express,No,81.47
PKG-5963,11.04,413.3,Estandar,No,53.43
PKG-5964,3.06,147.8,Estandar,No,21.5
PKG-5965,29.13,513.5,Estandar,No,100.37
PKG-5966,15.96,348.6,Express,No,72.9
PKG-5967,20.18,130.5,Estandar,Si,63.62
PKG-5968,12.25,799.4,Express,Si,118.62
PKG-5969,18.45,760.1,Express,No,120.86
PKG-5970,15.89,586.6,Express,No,92.84
PKG-5971,5.78,618.8,Express,Si,87.91
PKG-5972,10.41,417.5,Estandar,Si,70.29
PKG-5973,22.2,291.7,Estandar,No,64.05
PKG-5974,16.61,73.1,Estandar,No,38.0
PKG-5975,17.08,212.2,Mismo_Dia,No,82.02
PKG-5976,5.63,78.9,Express,No,38.99
PKG-5977,9.87,285.6,Estandar,No,47.59
PKG-5978,25.93,745.3,Mismo_Dia,No,139.71
PKG-5979,0.92,29.3,Estandar,No,5.0
PKG-5980,11.02,143.2,Estandar,No,37.93
PKG-5981,24.56,622.7,Estandar,No,98.41
PKG-5982,28.76,584.6,Express,No,111.79
PKG-5983,27.95,561.6,Mismo_Dia,No,126.49
PKG-5984,5.65,266.1,Express,No,55.32
PKG-5985,2.88,573.3,Estandar,No,58.85
PKG-5986,24.42,721.0,Express,No,117.81
PKG-5987,13.07,229.6,Estandar,Si,62.18
PKG-5988,13.61,282.8,Estandar,No,50.74
PKG-5989,12.6,413.4,Estandar,No,55.92
PKG-5990,15.48,592.3,Estandar,No,80.63
PKG-5991,25.58,665.0,Estandar,No,102.24
PKG-5992,20.84,162.7,Express,No,70.72
PKG-5993,29.49,556.4,Express,No,116.49
PKG-5994,20.36,184.8,Express,Si,82.51
PKG-5995,6.86,393.1,Mismo_Dia,Si,87.82
PKG-5996,18.92,394.6,Express,No,87.04
PKG-5997,21.08,53.0,Estandar,No,51.88
PKG-5998,,558.0,Express,No,105.31
PKG-5999,,70.9,Estandar,Si,55.78
PKG-6000,14.15,,Express,Si,60.58
PKG-6001,0.81,,Mismo_Dia,No,90.75
PKG-6002,,236.6,Express,Si,57.22
PKG-6003,27.35,644.0,Estandar,No,99.63
PKG-6004,20.61,351.8,Mismo_Dia,Si,113.6
PKG-6005,19.52,213.4,Mismo_Dia,No,93.21
PKG-6006,21.76,199.0,Estandar,No,57.69
PKG-6007,22.75,751.3,Express,No,120.4
PKG-6008,8.27,109.0,Express,No,42.02
PKG-6009,11.16,372.5,Estandar,No,51.15
PKG-6010,14.62,660.3,Estandar,No,82.95
PKG-6011,11.25,458.3,Mismo_Dia,No,96.93
PKG-6012,18.34,224.2,Estandar,No,60.39
PKG-6013,16.64,378.0,Estandar,No,68.95
PKG-6014,16.64,193.8,Mismo_Dia,No,79.68
PKG-6015,1.56,157.0,Estandar,No,18.76
PKG-6016,1.65,23.4,Mismo_Dia,No,44.21
PKG-6017,3.01,169.5,Mismo_Dia,No,59.17
PKG-6018,,525.3,Mismo_Dia,No,83.47
PKG-6019,27.65,271.3,Estandar,No,75.69
PKG-6020,6.29,662.1,Express,Si,89.62
PKG-6021,11.65,107.1,Express,No,45.15
PKG-6022,20.09,714.2,Mismo_Dia,No,129.41
PKG-6023,22.11,658.1,Estandar,No,95.93
PKG-6024,7.96,718.4,Estandar,No,74.51
PKG-6025,24.12,597.7,Mismo_Dia,No,129.99
PKG-6026,4.61,598.7,Estandar,No,64.26
PKG-6027,2.05,182.3,Estandar,No,24.68
PKG-6028,6.84,652.2,Estandar,No,69.66
PKG-6029,18.44,,Express,No,84.36
PKG-6030,18.17,798.6,Express,No,116.5
PKG-6031,17.26,244.5,Estandar,No,51.71
PKG-6032,10.87,180.2,Mismo_Dia,Si,78.73
PKG-6033,29.2,219.4,Express,No,94.15
PKG-6034,22.33,19.4,Estandar,Si,57.34
PKG-6035,4.91,572.7,Mismo_Dia,Si,106.57
PKG-6036,26.73,764.1,Express,No,125.99
PKG-6037,2.43,574.6,Express,No,67.38
PKG-6038,7.4,696.7,Express,No,86.89
PKG-6039,8.77,280.3,Express,Si,67.43
PKG-6040,27.95,266.2,Estandar,Si,93.71
PKG-6041,11.87,152.1,Estandar,No,35.08
PKG-6042,9.29,655.9,Express,No,86.82
PKG-6043,5.85,39.9,Estandar,No,21.56
PKG-6044,8.15,277.8,Estandar,No,43.86
PKG-6045,9.41,330.1,Estandar,No,49.44
PKG-6046,1.73,399.1,Estandar,Si,53.02
PKG-6047,15.18,412.0,Mismo_Dia,Si,115.04
PKG-6048,4.5,44.3,Express,No,29.75
PKG-6049,16.07,657.8,Mismo_Dia,Si,129.4
PKG-6050,,366.5,Express,No,86.21
PKG-6051,13.05,767.6,Estandar,No,94.91
PKG-6052,27.66,22.8,Estandar,No,56.97
PKG-6053,25.96,98.8,Express,Si,78.78
PKG-6054,28.29,451.4,Express,No,106.89
PKG-6055,21.34,537.2,Express,Si,118.18
PKG-6056,22.25,525.0,Express,No,108.0
PKG-6057,8.48,,Mismo_Dia,Si,61.08
PKG-6058,13.88,679.2,Estandar,No,79.17
PKG-6059,17.89,743.0,Mismo_Dia,Si,137.42
PKG-6060,15.94,17.9,Mismo_Dia,No,64.63
PKG-6061,7.06,246.5,Express,No,52.68
PKG-6062,2.48,766.3,Express,No,86.25
PKG-6063,15.97,200.1,Mismo_Dia,No,79.53
PKG-6064,25.67,419.4,Mismo_Dia,No,112.53
PKG-6065,,557.3,Estandar,No,51.0
PKG-6066,11.01,89.8,Express,No,39.81
PKG-6067,9.76,615.2,Estandar,Si,82.45
PKG-6068,,260.3,Estandar,No,75.57
PKG-6069,25.16,554.1,Express,No,111.47
PKG-6070,20.28,634.6,Estandar,No,86.39
PKG-6071,19.83,335.5,Estandar,Si,80.36
PKG-6072,17.06,692.5,Estandar,No,85.54
PKG-6073,17.68,563.3,Estandar,No,82.11
PKG-6074,2.96,460.4,Express,Si,65.36
PKG-6075,6.87,635.8,Estandar,No,72.85
PKG-6076,4.8,158.5,Express,No,41.37
PKG-6077,13.28,723.7,Estandar,No,90.88
PKG-6078,0.94,123.9,Express,Si,38.04
PKG-6079,21.26,199.1,Estandar,No,60.78
PKG-6080,20.36,,Express,No,82.89
PKG-6081,2.05,402.3,Estandar,No,46.03
PKG-6082,1.71,425.2,Estandar,No,45.19
PKG-6083,2.07,725.0,Express,No,88.21
PKG-6084,18.87,475.2,Express,No,89.17
PKG-6085,23.24,728.3,Mismo_Dia,No,131.68
PKG-6086,21.26,650.8,Estandar,Si,114.54
PKG-6087,10.07,522.9,Estandar,No,65.1
PKG-6088,24.68,601.1,Estandar,No,102.76
PKG-6089,,496.7,Estandar,No,57.99
PKG-6090,10.64,760.5,Estandar,No,77.27
PKG-6091,9.43,735.7,Estandar,No,77.53
PKG-6092,10.35,618.1,Estandar,Si,86.83
PKG-6093,25.84,754.6,Estandar,No,113.33
PKG-6094,4.23,529.4,Mismo_Dia,Si,92.76
PKG-6095,10.8,433.5,Estandar,Si,72.21
PKG-6096,15.55,137.7,Estandar,No,42.74
PKG-6097,5.73,157.3,Estandar,Si,40.35
PKG-6098,8.25,202.9,Express,No,50.51
PKG-6099,20.17,78.9,Estandar,No,44.45
PKG-6100,8.52,476.2,Estandar,No,64.33
PKG-6101,11.68,409.8,Estandar,No,60.95
PKG-6102,15.94,251.9,Express,No,67.27
PKG-6103,24.52,210.6,Estandar,No,63.66
PKG-6104,,590.7,Express,Si,75.53
PKG-6105,23.19,312.6,Estandar,Si,88.26
PKG-6106,9.82,636.9,Estandar,Si,87.48
PKG-6107,21.41,686.0,Estandar,No,94.87
PKG-6108,25.2,715.0,Estandar,Si,121.69
PKG-6109,5.48,652.0,Estandar,No,63.43
PKG-6110,13.41,285.5,Express,No,63.03
PKG-6111,5.02,93.1,Express,No,35.75
PKG-6112,2.5,688.7,Estandar,No,65.0
PKG-6113,24.59,585.7,Estandar,Si,106.16
PKG-6114,,156.4,Express,No,55.79
PKG-6115,27.41,52.7,Estandar,No,63.55
PKG-6116,18.59,772.6,Estandar,No,101.24
PKG-6117,26.95,412.9,Estandar,No,87.3
PKG-6118,26.74,88.8,Express,No,74.25
PKG-6119,15.81,574.6,Mismo_Dia,No,109.57
PKG-6120,6.28,650.4,Estandar,No,66.44
PKG-6121,3.88,564.6,Estandar,No,52.75
PKG-6122,2.22,532.4,Estandar,No,59.6
PKG-6123,19.71,611.7,Mismo_Dia,Si,126.01
PKG-6124,16.97,604.0,Mismo_Dia,Si,129.98
PKG-6125,25.29,275.1,Express,No,88.81
PKG-6126,14.73,26.3,Mismo_Dia,No,61.25
PKG-6127,8.14,,Express,No,72.93
PKG-6128,9.69,221.0,Express,No,46.67
PKG-6129,9.33,793.7,Estandar,Si,103.47
PKG-6130,28.32,,Mismo_Dia,No,96.23
PKG-6131,20.94,149.8,Mismo_Dia,No,82.83
PKG-6132,14.09,725.0,Express,No,101.39
PKG-6133,17.2,63.6,Express,No,52.19
PKG-6134,22.73,,Express,Si,126.97
PKG-6135,0.66,789.8,Estandar,Si,81.0
PKG-6136,28.12,160.4,Estandar,Si,79.0
PKG-6137,9.28,433.5,Estandar,Si,67.09
PKG-6138,1.24,335.0,Estandar,Si,43.06
PKG-6139,17.71,,Estandar,No,54.22
PKG-6140,1.77,282.9,Estandar,No,31.71
PKG-6141,17.75,723.6,Express,No,108.83
PKG-6142,7.13,488.0,Estandar,No,55.47
PKG-6143,12.55,278.9,Express,No,65.16
PKG-6144,12.02,212.3,Estandar,No,48.12
PKG-6145,,483.8,Estandar,No,97.83
PKG-6146,22.06,620.7,Express,No,108.78
PKG-6147,20.91,216.1,Estandar,No,62.71
PKG-6148,26.8,136.7,Estandar,No,64.88
PKG-6149,8.62,326.9,Estandar,No,40.95
PKG-6150,13.03,31.7,Mismo_Dia,No,60.8
PKG-6151,23.05,740.4,Express,Si,135.3
PKG-6152,28.39,578.3,Estandar,No,107.64
PKG-6153,20.01,574.5,Estandar,No,92.87
PKG-6154,20.51,213.7,Estandar,No,57.38
PKG-6155,8.6,789.5,Express,No,100.06
PKG-6156,12.25,573.6,Express,No,86.15
PKG-6157,18.18,763.3,Express,Si,124.09
PKG-6158,27.66,310.3,Estandar,No,75.12
PKG-6159,27.0,635.9,Mismo_Dia,Si,144.21
PKG-6160,19.02,108.4,Estandar,Si,56.91
PKG-6161,10.02,706.4,Express,Si,105.14
PKG-6162,18.9,382.9,Estandar,Si,89.78
PKG-6163,16.17,,Estandar,No,75.22
PKG-6164,19.81,234.0,Estandar,Si,72.12
PKG-6165,25.54,578.6,Estandar,No,92.25
PKG-6166,,582.6,Estandar,No,99.07
PKG-6167,16.0,720.2,Estandar,No,91.63
PKG-6168,24.88,140.0,Mismo_Dia,No,91.86
PKG-6169,18.68,430.8,Estandar,No,73.65
PKG-6170,24.36,692.6,Estandar,No,102.35
PKG-6171,,339.8,Estandar,No,75.23
PKG-6172,8.74,584.8,Mismo_Dia,No,92.35
PKG-6173,15.88,332.5,Express,Si,81.56
PKG-6174,29.55,434.7,Express,Si,119.19
PKG-6175,1.65,213.4,Express,No,37.03
PKG-6176,13.2,,Estandar,Si,78.46
PKG-6177,26.64,77.0,Mismo_Dia,No,85.36
PKG-6178,17.32,332.5,Estandar,No,64.52
PKG-6179,12.47,,Estandar,No,31.95
PKG-6180,16.8,364.1,Express,No,71.54
PKG-6181,15.65,104.3,Estandar,No,45.78
PKG-6182,18.31,570.7,Estandar,No,80.83
PKG-6183,27.95,742.8,Express,No,127.76
PKG-6184,,394.3,Express,No,66.41
PKG-6185,17.84,619.5,Estandar,Si,94.31
PKG-6186,11.58,575.7,Estandar,Si,81.36
PKG-6187,19.08,592.8,Estandar,No,88.21
PKG-6188,4.96,165.1,Estandar,No,28.66
PKG-6189,,522.8,Express,Si,120.99
PKG-6190,22.11,,Mismo_Dia,Si,112.35
PKG-6191,6.32,775.0,Estandar,Si,88.49
PKG-6192,9.5,538.0,Express,No,78.43
PKG-6193,26.73,313.0,Estandar,No,80.76
PKG-6194,25.22,420.4,Express,Si,103.39
PKG-6195,,444.1,Estandar,No,54.93
PKG-6196,2.35,590.5,Express,Si,80.16
PKG-6197,29.49,103.1,Estandar,Si,83.94
PKG-6198,17.16,519.8,Express,Si,108.15
PKG-6199,27.57,126.6,Express,No,78.03
PKG-6200,14.19,85.8,Express,No,44.54
PKG-6201,28.0,321.3,Estandar,No,79.83
PKG-6202,21.75,599.1,Estandar,No,95.17
PKG-6203,10.96,276.5,Estandar,No,45.7
PKG-6204,,691.8,Mismo_Dia,No,91.26
PKG-6205,9.49,216.8,Estandar,No,35.91
PKG-6206,16.31,243.2,Express,No,58.46
PKG-6207,20.65,460.1,Express,No,94.27
PKG-6208,,736.1,Estandar,No,119.45
PKG-6209,3.22,739.5,Express,No,82.65
PKG-6210,,135.6,Express,No,79.89
PKG-6211,25.98,568.4,Estandar,No,99.65
PKG-6212,4.7,679.4,Estandar,No,64.26
PKG-6213,1.14,231.1,Mismo_Dia,No,51.85
PKG-6214,9.35,568.1,Mismo_Dia,No,97.69
PKG-6215,19.75,669.6,Estandar,No,97.0
PKG-6216,13.0,775.9,Estandar,Si,96.35
PKG-6217,,479.7,Estandar,No,80.42
PKG-6218,22.29,188.4,Estandar,No,57.12
PKG-6219,23.3,378.0,Express,Si,100.1
PKG-6220,,399.6,Estandar,Si,58.87
PKG-6221,7.12,566.6,Express,No,75.95
PKG-6222,4.81,282.9,Estandar,No,30.41
PKG-6223,18.42,105.7,Estandar,No,46.26
PKG-6224,28.32,48.5,Estandar,No,63.02
PKG-6225,14.34,744.7,Mismo_Dia,No,121.85
PKG-6226,13.17,349.6,Mismo_Dia,No,86.0
PKG-6227,3.02,,Mismo_Dia,Si,82.81
PKG-6228,14.65,104.4,Estandar,No,37.08
PKG-6229,21.6,686.5,Estandar,No,103.47
PKG-6230,6.16,545.8,Express,No,72.11
PKG-6231,21.62,457.4,Mismo_Dia,Si,124.14
PKG-6232,24.2,722.9,Mismo_Dia,No,137.68
PKG-6233,24.55,666.0,Mismo_Dia,No,126.93
PKG-6234,26.89,182.2,Estandar,Si,75.68
PKG-6235,2.48,,Express,No,58.15
PKG-6236,1.35,123.0,Express,No,33.61
PKG-6237,23.61,373.8,Express,Si,106.57
PKG-6238,9.98,775.2,Express,No,101.66
PKG-6239,27.74,665.9,Express,No,120.33
PKG-6240,2.07,421.3,Estandar,No,43.89
PKG-6241,5.38,,Express,No,73.71
PKG-6242,16.05,628.1,Express,No,91.68
PKG-6243,20.35,757.5,Estandar,No,102.46
PKG-6244,2.98,144.2,Estandar,No,18.2
PKG-6245,26.03,424.3,Estandar,No,91.0
PKG-6246,19.92,794.6,Mismo_Dia,No,129.31
PKG-6247,1.2,259.6,Mismo_Dia,No,64.22
PKG-6248,19.59,691.0,Mismo_Dia,No,130.73
PKG-6249,16.19,391.7,Estandar,No,69.43
PKG-6250,17.84,300.7,Estandar,No,58.95
PKG-6251,21.47,513.4,Express,No,101.13
PKG-6252,8.67,381.5,Express,No,64.27
PKG-6253,11.36,239.1,Estandar,No,45.89
PKG-6254,25.57,550.3,Estandar,No,92.46
PKG-6255,25.23,503.5,Estandar,Si,102.76
PKG-6256,4.17,673.1,Estandar,No,68.68
PKG-6257,9.41,51.9,Estandar,Si,36.32
PKG-6258,9.13,462.1,Express,No,70.18
PKG-6259,6.09,706.4,Mismo_Dia,Si,117.15
PKG-6260,9.44,728.0,Estandar,Si,94.67
PKG-6261,28.53,454.2,Estandar,No,93.19
PKG-6262,23.24,563.0,Express,No,106.35
PKG-6263,23.85,47.8,Estandar,No,46.37
PKG-6264,13.04,119.4,Mismo_Dia,Si,84.01
PKG-6265,0.79,293.5,Estandar,Si,44.13
PKG-6266,10.43,777.3,Estandar,No,86.31
PKG-6267,15.8,450.1,Estandar,No,62.17
PKG-6268,27.44,342.4,Mismo_Dia,No,107.15
PKG-6269,29.11,333.7,Express,No,91.76
PKG-6270,18.88,671.4,Estandar,Si,105.05
PKG-6271,14.75,,Mismo_Dia,No,85.27
PKG-6272,21.67,244.6,Mismo_Dia,Si,103.87
PKG-6273,0.62,114.8,Express,No,32.99
PKG-6274,29.75,233.7,Express,No,92.48
PKG-6275,1.41,393.8,Estandar,No,39.53
PKG-6276,18.57,767.9,Estandar,Si,113.61
PKG-6277,15.85,80.4,Mismo_Dia,No,71.05
PKG-6278,,444.4,Express,No,72.43
PKG-6279,8.18,240.3,Express,No,50.74
PKG-6280,,206.0,Estandar,No,31.39
PKG-6281,23.04,544.7,Estandar,No,88.41
PKG-6282,6.79,796.9,Estandar,Si,93.56
PKG-6283,24.21,,Express,No,127.83
PKG-6284,10.31,41.6,Estandar,No,26.63
PKG-6285,25.39,231.0,Estandar,No,73.31
PKG-6286,1.0,584.0,Express,No,69.66
PKG-6287,0.75,46.6,Mismo_Dia,No,37.12
PKG-6288,8.95,126.4,Estandar,No,26.49
PKG-6289,27.92,64.4,Express,Si,88.87
PKG-6290,5.35,265.4,Express,No,52.43
PKG-6291,17.56,529.9,Express,No,95.26
PKG-6292,20.94,572.6,Estandar,No,87.75
PKG-6293,4.5,148.0,Estandar,No,24.09
PKG-6294,8.11,233.7,Estandar,No,38.38
PKG-6295,22.97,227.9,Express,No,72.64
PKG-6296,15.52,336.8,Estandar,Si,64.89
PKG-6297,28.73,405.6,Estandar,No,88.78
PKG-6298,5.87,455.5,Estandar,No,51.29
PKG-6299,10.34,134.9,Estandar,Si,42.13
PKG-6300,29.73,215.8,Estandar,No,77.0
PKG-6301,29.49,380.1,Estandar,No,87.87
PKG-6302,20.56,,Estandar,No,66.86
PKG-6303,28.63,142.5,Estandar,Si,79.19
PKG-6304,0.83,752.0,Estandar,Si,77.66
PKG-6305,,145.1,Estandar,No,52.52
PKG-6306,5.05,676.0,Express,No,77.66
PKG-6307,8.76,305.0,Express,No,60.35
PKG-6308,5.84,15.4,Express,Si,36.91
PKG-6309,16.89,629.4,Express,No,89.67
PKG-6310,24.66,343.9,Express,No,92.05
PKG-6311,23.59,31.8,Estandar,No,51.44
PKG-6312,20.96,,Mismo_Dia,No,94.72
PKG-6313,21.23,,Express,No,74.75
PKG-6314,18.89,91.9,Estandar,No,39.02
PKG-6315,11.97,431.0,Express,No,69.19
PKG-6316,1.73,,Express,Si,64.37
PKG-6317,11.65,183.0,Mismo_Dia,No,67.24
PKG-6318,24.21,468.2,Express,No,96.06
PKG-6319,2.74,368.8,Estandar,Si,43.56
PKG-6320,23.68,214.9,Mismo_Dia,No,95.6
PKG-6321,10.65,60.6,Estandar,No,20.94
PKG-6322,8.94,458.0,Estandar,Si,72.52
PKG-6323,15.16,226.3,Estandar,No,55.97
PKG-6324,6.65,,Express,No,89.09
PKG-6325,24.13,517.0,Mismo_Dia,Si,133.87
PKG-6326,18.0,99.1,Estandar,Si,54.86
PKG-6327,15.01,277.8,Estandar,No,50.48
PKG-6328,24.23,705.5,Estandar,Si,114.87
PKG-6329,3.78,506.3,Estandar,No,55.28
PKG-6330,7.6,106.7,Estandar,No,24.1
PKG-6331,4.19,39.0,Estandar,No,16.19
PKG-6332,2.15,415.7,Estandar,No,38.39
PKG-6333,8.3,656.6,Estandar,No,69.61
PKG-6334,13.64,118.1,Express,No,56.5
PKG-6335,16.26,170.6,Estandar,No,48.65
PKG-6336,13.23,539.6,Estandar,No,75.03
PKG-6337,,69.5,Estandar,No,49.54
PKG-6338,15.24,410.5,Mismo_Dia,No,100.38
PKG-6339,21.0,267.0,Estandar,Si,75.25
PKG-6340,22.35,546.2,Estandar,Si,103.31
PKG-6341,18.51,640.1,Estandar,No,91.23
PKG-6342,9.72,211.0,Estandar,No,36.34
PKG-6343,9.83,335.3,Express,Si,80.33
PKG-6344,6.48,549.5,Express,No,73.43
PKG-6345,14.59,466.0,Mismo_Dia,No,105.37
PKG-6346,23.34,520.8,Express,No,102.71
PKG-6347,5.18,63.4,Estandar,No,15.56
PKG-6348,14.31,193.4,Mismo_Dia,No,74.56
PKG-6349,6.17,674.1,Estandar,No,69.38
PKG-6350,10.05,548.2,Express,Si,93.04
PKG-6351,7.23,92.0,Estandar,No,28.64
PKG-6352,2.33,711.7,Estandar,No,63.8
PKG-6353,,,Mismo_Dia,No,62.38
PKG-6354,13.76,568.1,Estandar,Si,79.92
PKG-6355,,624.5,Estandar,No,102.98
PKG-6356,1.5,373.3,Estandar,Si,54.4
PKG-6357,12.67,494.6,Estandar,No,65.37
PKG-6358,4.63,769.9,Estandar,No,67.53
PKG-6359,,718.2,Estandar,No,105.08
PKG-6360,1.2,583.8,Express,Si,79.05
PKG-6361,5.85,127.3,Estandar,Si,34.62
PKG-6362,11.53,415.7,Express,No,71.87
PKG-6363,19.83,268.3,Express,No,73.4
PKG-6364,21.76,743.8,Mismo_Dia,No,132.76
PKG-6365,,608.9,Estandar,Si,120.64
PKG-6366,19.8,594.3,Mismo_Dia,Si,128.04
PKG-6367,29.34,530.9,Express,Si,124.24
PKG-6368,3.9,702.7,Express,No,81.02
PKG-6369,27.83,66.7,Estandar,No,56.97
PKG-6370,,58.8,Estandar,No,57.98
PKG-6371,23.92,450.6,Mismo_Dia,No,119.58
PKG-6372,,712.0,Estandar,No,109.13
PKG-6373,4.4,170.1,Express,No,40.4
PKG-6374,12.47,603.7,Estandar,No,71.75
PKG-6375,6.56,637.7,Mismo_Dia,No,95.36
PKG-6376,29.92,715.0,Estandar,Si,131.71
PKG-6377,10.0,558.2,Express,No,80.63
PKG-6378,25.17,780.3,Estandar,Si,127.02
PKG-6379,1.5,49.9,Mismo_Dia,No,43.61
PKG-6380,28.24,62.7,Estandar,No,63.29
PKG-6381,28.37,353.5,Estandar,Si,92.71
PKG-6382,28.66,453.0,Express,No,102.25
PKG-6383,8.31,663.1,Mismo_Dia,Si,109.78
PKG-6384,7.16,466.6,Estandar,No,58.16
PKG-6385,0.86,338.8,Estandar,No,32.04
PKG-6386,29.42,590.1,Estandar,No,101.44
PKG-6387,4.6,344.5,Express,Si,62.65
PKG-6388,1.53,115.1,Estandar,No,13.41
PKG-6389,15.94,300.4,Estandar,No,58.54
PKG-6390,18.65,686.1,Express,No,100.36
PKG-6391,9.18,565.4,Estandar,No,64.81
PKG-6392,7.26,293.8,Estandar,No,39.74
PKG-6393,13.88,663.8,Express,No,92.99
PKG-6394,8.96,538.5,Estandar,No,62.33
PKG-6395,12.19,364.0,Express,No,68.52
PKG-6396,3.54,,Estandar,Si,75.83
PKG-6397,12.45,40.2,Estandar,No,32.69
PKG-6398,27.82,,Express,No,105.33
PKG-6399,17.04,421.7,Estandar,No,68.28
PKG-6400,19.38,,Express,Si,114.61
PKG-6401,21.33,743.5,Estandar,Si,115.0
PKG-6402,11.6,509.3,Estandar,No,69.68
PKG-6403,10.92,10.9,Estandar,No,22.38
PKG-6404,18.9,62.8,Estandar,No,41.94
PKG-6405,4.24,635.3,Express,Si,91.33
PKG-6406,1.12,167.9,Estandar,No,24.81
PKG-6407,,692.2,Express,No,75.26
PKG-6408,13.42,,Express,Si,105.62
PKG-6409,29.86,148.3,Express,No,85.6
PKG-6410,6.05,398.3,Express,No,56.79
PKG-6411,14.84,131.4,Express,No,55.68
PKG-6412,26.37,514.9,Express,No,109.91
PKG-6413,22.12,326.8,Mismo_Dia,No,102.25
PKG-6414,4.35,72.1,Estandar,No,20.22
PKG-6415,7.68,,Estandar,No,73.71
PKG-6416,20.99,545.3,Express,No,96.17
PKG-6417,4.84,289.0,Estandar,No,35.35
PKG-6418,28.41,511.0,Express,No,104.69
PKG-6419,23.08,56.0,Express,Si,82.17
PKG-6420,9.29,741.6,Express,No,91.09
PKG-6421,10.14,21.0,Mismo_Dia,No,51.9
PKG-6422,29.62,,Mismo_Dia,Si,108.46
PKG-6423,18.94,741.2,Express,No,107.99
PKG-6424,22.67,689.0,Estandar,No,101.93
PKG-6425,21.68,416.3,Express,No,94.16
PKG-6426,28.47,548.6,Estandar,No,102.86
PKG-6427,10.54,188.0,Estandar,No,37.07
PKG-6428,6.18,195.6,Mismo_Dia,Si,71.35
PKG-6429,24.02,511.3,Mismo_Dia,No,119.67
PKG-6430,28.55,711.7,Mismo_Dia,Si,154.99
PKG-6431,1.34,46.2,Estandar,No,7.26
PKG-6432,6.72,464.9,Express,Si,81.66
PKG-6433,14.54,317.0,Estandar,No,54.51
PKG-6434,21.44,741.9,Express,No,116.06
PKG-6435,26.18,,Express,Si,76.84
PKG-6436,26.1,505.5,Estandar,No,87.74
PKG-6437,15.68,435.9,Estandar,No,72.35
PKG-6438,13.34,749.0,Express,No,106.25
PKG-6439,8.01,576.7,Express,No,81.04
PKG-6440,26.99,292.6,Estandar,No,83.35
PKG-6441,5.9,513.7,Mismo_Dia,No,87.0
PKG-6442,22.32,745.8,Express,No,115.88
PKG-6443,20.93,432.7,Express,No,95.42
PKG-6444,20.37,534.3,Mismo_Dia,No,117.22
PKG-6445,9.9,300.6,Mismo_Dia,No,78.44
PKG-6446,4.42,749.2,Estandar,No,74.64
PKG-6447,16.05,208.5,Estandar,Si,62.62
PKG-6448,0.63,51.1,Estandar,Si,25.2
PKG-6449,1.96,505.4,Express,No,58.07
PKG-6450,,304.2,Express,No,50.18
PKG-6451,16.05,335.2,Estandar,Si,71.34
PKG-6452,20.69,57.8,Express,No,63.7
PKG-6453,,795.0,Express,Si,129.48
PKG-6454,3.86,321.7,Estandar,No,39.39
PKG-6455,,10.1,Express,No,53.87
PKG-6456,26.79,750.1,Estandar,No,114.15
PKG-6457,17.0,425.7,Estandar,Si,87.37
PKG-6458,28.44,61.2,Mismo_Dia,Si,101.19
PKG-6459,5.37,607.4,Express,Si,91.44
PKG-6460,23.79,237.7,Estandar,No,67.6
PKG-6461,6.26,91.5,Express,No,39.13
PKG-6462,,157.4,Estandar,No,53.04
PKG-6463,5.51,584.0,Estandar,No,61.35
PKG-6464,17.06,606.3,Estandar,Si,94.39
PKG-6465,17.18,797.2,Express,No,115.57
PKG-6466,16.18,83.9,Mismo_Dia,Si,81.22
PKG-6467,23.01,630.7,Express,No,99.86
PKG-6468,28.62,197.2,Mismo_Dia,No,104.59
PKG-6469,28.69,248.7,Estandar,No,78.58
PKG-6470,2.71,605.0,Mismo_Dia,No,85.84
PKG-6471,1.53,666.9,Estandar,Si,77.14
PKG-6472,4.96,781.7,Estandar,Si,87.79
PKG-6473,1.24,279.9,Estandar,No,29.66
PKG-6474,12.67,789.6,Mismo_Dia,No,121.7
PKG-6475,27.05,253.2,Mismo_Dia,Si,113.56
PKG-6476,6.63,64.1,Express,No,33.74
PKG-6477,29.13,651.6,Estandar,No,111.88
PKG-6478,17.78,199.4,Estandar,No,59.97
PKG-6479,29.75,471.9,Express,Si,116.13
PKG-6480,25.8,775.1,Estandar,No,114.8
PKG-6481,12.7,348.3,Estandar,No,55.12
PKG-6482,8.09,54.4,Express,Si,48.6
PKG-6483,28.63,667.0,Estandar,No,111.49
PKG-6484,15.49,728.2,Express,No,99.79
PKG-6485,19.73,545.9,Express,No,106.77
PKG-6486,12.87,262.1,Estandar,No,46.74
PKG-6487,26.09,549.9,Mismo_Dia,Si,138.28
PKG-6488,22.12,133.7,Estandar,Si,66.38
PKG-6489,12.4,423.0,Estandar,No,61.69
PKG-6490,21.67,322.6,Estandar,No,72.71
PKG-6491,22.97,501.6,Estandar,Si,100.42
PKG-6492,,769.7,Estandar,No,75.08
PKG-6493,1.57,513.9,Estandar,No,51.34
PKG-6494,21.06,140.7,Estandar,No,54.53
PKG-6495,23.8,791.9,Express,No,123.18
PKG-6496,1.21,44.1,Estandar,No,10.11
PKG-6497,8.81,727.7,Express,No,87.15
PKG-6498,6.89,702.6,Express,No,89.27
PKG-6499,26.53,558.0,Estandar,No,95.52
PKG-6500,22.69,713.5,Estandar,No,102.23
PKG-6501,19.49,74.0,Estandar,No,44.38
PKG-6502,25.83,622.2,Express,Si,133.21
PKG-6503,8.68,642.0,Express,Si,91.45
PKG-6504,28.65,409.3,Express,No,105.26
PKG-6505,25.7,593.8,Express,No,110.33
PKG-6506,11.6,718.9,Express,No,101.43
PKG-6507,13.91,597.5,Estandar,No,81.19
PKG-6508,20.63,47.5,Express,Si,74.09
PKG-6509,29.74,434.2,Express,No,104.82
PKG-6510,3.01,207.1,Estandar,Si,35.03
PKG-6511,8.62,235.0,Estandar,No,33.9
PKG-6512,26.25,373.7,Estandar,No,84.34
PKG-6513,19.67,636.5,Express,No,99.51
PKG-6514,23.83,359.1,Mismo_Dia,No,99.45
PKG-6515,19.43,714.1,Estandar,No,91.37
PKG-6516,2.54,513.1,Estandar,No,47.95
PKG-6517,17.05,176.0,Express,No,68.85
PKG-6518,16.59,222.8,Express,No,67.09
PKG-6519,3.06,741.1,Estandar,No,61.93
PKG-6520,16.62,615.6,Estandar,No,87.19
PKG-6521,14.94,792.8,Estandar,No,95.23
PKG-6522,23.23,634.9,Express,No,115.37
PKG-6523,0.67,540.2,Express,No,66.01
PKG-6524,10.09,302.5,Estandar,No,38.42
PKG-6525,10.9,485.8,Express,No,81.28
PKG-6526,16.16,366.2,Estandar,No,57.97
PKG-6527,10.94,634.9,Estandar,No,73.18
PKG-6528,5.93,107.8,Express,No,38.45
PKG-6529,24.27,,Estandar,No,73.39
PKG-6530,9.27,132.8,Express,No,46.44
PKG-6531,28.01,227.0,Express,No,89.43
PKG-6532,0.81,366.6,Estandar,No,30.82
PKG-6533,24.83,284.0,Express,No,81.94
PKG-6534,25.12,585.3,Estandar,No,100.56
PKG-6535,19.68,56.3,Express,No,58.05
PKG-6536,,595.2,Estandar,Si,102.81
PKG-6537,14.03,607.3,Express,No,90.72
PKG-6538,5.36,106.4,Estandar,No,24.93
PKG-6539,6.52,483.1,Estandar,No,58.89
PKG-6540,14.16,326.8,Express,No,73.84
PKG-6541,,525.8,Estandar,Si,83.25
PKG-6542,4.53,794.0,Estandar,Si,83.27
PKG-6543,21.1,291.4,Estandar,Si,77.67
PKG-6544,2.3,95.4,Estandar,No,16.03
PKG-6545,7.93,691.1,Estandar,Si,84.63
PKG-6546,23.09,252.9,Express,No,84.54
PKG-6547,17.36,236.1,Express,No,68.87
PKG-6548,26.88,121.7,Estandar,No,63.01
PKG-6549,1.68,222.1,Express,No,35.25
PKG-6550,28.68,561.9,Express,No,113.92
PKG-6551,29.17,784.5,Express,Si,149.91
PKG-6552,13.49,497.9,Express,No,83.82
PKG-6553,7.05,521.7,Mismo_Dia,No,84.89
PKG-6554,5.42,553.7,Express,No,70.66
PKG-6555,4.94,429.4,Mismo_Dia,Si,91.96
PKG-6556,19.61,276.1,Express,No,75.96
PKG-6557,15.65,761.1,Express,No,110.2
PKG-6558,0.96,270.3,Mismo_Dia,No,60.89
PKG-6559,11.07,208.0,Estandar,No,46.02
PKG-6560,5.62,714.6,Express,No,83.45
PKG-6561,17.97,499.9,Express,Si,106.53
PKG-6562,26.42,80.0,Estandar,No,59.13
PKG-6563,8.3,,Express,Si,65.32
PKG-6564,29.84,197.3,Express,No,86.73
PKG-6565,6.0,301.5,Express,No,55.66
PKG-6566,20.83,529.2,Estandar,No,86.07
PKG-6567,11.25,335.6,Express,Si,81.93
PKG-6568,4.09,348.5,Express,No,54.51
PKG-6569,10.87,394.5,Estandar,Si,67.29
PKG-6570,19.38,294.7,Mismo_Dia,No,92.32
PKG-6571,29.31,740.6,Express,No,131.98
PKG-6572,26.01,419.6,Mismo_Dia,Si,126.09
PKG-6573,27.52,505.3,Express,No,107.13
PKG-6574,14.36,243.1,Express,No,63.22
PKG-6575,16.78,622.0,Express,No,90.01
PKG-6576,24.31,426.7,Mismo_Dia,No,112.23
PKG-6577,12.49,278.5,Express,No,67.6
PKG-6578,11.65,799.9,Express,No,104.45
PKG-6579,20.44,711.8,Estandar,No,102.12
PKG-6580,28.51,756.8,Express,No,130.02
PKG-6581,5.0,380.0,Estandar,No,43.02
PKG-6582,21.93,305.3,Estandar,No,71.21
PKG-6583,9.58,700.2,Express,No,86.83
PKG-6584,8.78,601.3,Estandar,No,69.43
PKG-6585,16.94,673.9,Express,No,102.78
PKG-6586,18.82,43.5,Express,No,58.26
PKG-6587,2.66,766.6,Estandar,No,72.37
PKG-6588,16.51,140.6,Express,No,61.18
PKG-6589,5.98,64.9,Express,No,34.94
PKG-6590,26.28,523.2,Express,No,101.52
PKG-6591,15.78,795.7,Estandar,No,100.82
PKG-6592,2.5,696.6,Estandar,No,67.23
PKG-6593,16.09,,Estandar,No,50.89
PKG-6594,22.93,128.3,Express,No,71.86
PKG-6595,23.4,568.5,Estandar,No,97.29
PKG-6596,10.93,554.5,Estandar,No,73.4
PKG-6597,25.52,579.5,Estandar,No,96.78
PKG-6598,23.02,770.1,Express,No,126.68
PKG-6599,25.45,776.9,Estandar,No,107.97
PKG-6600,5.88,138.5,Express,Si,53.65
PKG-6601,29.32,616.3,Estandar,No,108.54
PKG-6602,10.15,112.5,Estandar,No,28.35
PKG-6603,14.45,776.8,Estandar,No,95.98
PKG-6604,2.19,723.8,Estandar,No,70.59
PKG-6605,16.47,231.4,Estandar,No,50.5
PKG-6606,7.99,278.5,Express,No,51.99
PKG-6607,10.78,616.7,Estandar,No,67.56
PKG-6608,27.71,291.4,Express,No,96.41
PKG-6609,12.17,616.7,Mismo_Dia,Si,110.99
PKG-6610,17.45,765.3,Express,No,110.26
PKG-6611,5.16,657.7,Estandar,Si,78.42
PKG-6612,8.82,509.4,Mismo_Dia,No,96.83
PKG-6613,18.24,575.7,Estandar,No,79.79
PKG-6614,13.29,455.0,Estandar,No,60.27
PKG-6615,8.72,624.8,Express,No,86.88
PKG-6616,8.21,114.5,Estandar,No,31.81
PKG-6617,20.51,203.3,Express,No,74.85
PKG-6618,3.0,686.8,Estandar,No,64.9
PKG-6619,23.71,207.8,Estandar,No,67.42
PKG-6620,22.39,684.4,Mismo_Dia,No,127.08
PKG-6621,3.47,424.4,Express,No,61.95
PKG-6622,6.77,734.9,Express,Si,100.8
PKG-6623,9.69,359.6,Estandar,No,54.48
PKG-6624,25.51,630.1,Express,No,114.29
PKG-6625,22.08,591.1,Estandar,Si,104.16
PKG-6626,1.95,147.2,Estandar,No,21.44
PKG-6627,3.28,614.8,Express,No,75.99
PKG-6628,12.58,476.9,Estandar,No,63.18
PKG-6629,19.8,591.5,Estandar,Si,97.97
PKG-6630,21.3,195.2,Estandar,No,63.5
PKG-6631,11.92,78.5,Estandar,No,36.59
PKG-6632,11.72,617.4,Mismo_Dia,No,109.07
PKG-6633,13.55,691.8,Estandar,Si,94.23
PKG-6634,25.41,646.3,Express,No,113.29
PKG-6635,15.17,195.1,Estandar,No,40.58
PKG-6636,9.44,,Estandar,No,67.73
PKG-6637,16.41,468.6,Express,No,82.94
PKG-6638,23.46,184.6,Mismo_Dia,No,89.71
PKG-6639,27.15,223.1,Express,No,82.95
PKG-6640,12.11,459.7,Estandar,No,63.47
PKG-6641,,421.3,Mismo_Dia,No,105.21
PKG-6642,24.35,263.0,Estandar,No,71.35
PKG-6643,11.01,173.3,Estandar,No,40.16
PKG-6644,3.01,102.7,Estandar,No,15.51
PKG-6645,12.61,709.8,Estandar,No,82.81
PKG-6646,7.25,404.4,Express,No,63.81
PKG-6647,29.06,375.9,Mismo_Dia,No,113.09
PKG-6648,1.3,176.4,Express,No,33.98
PKG-6649,15.69,573.4,Estandar,No,78.34
PKG-6650,25.65,597.6,Estandar,No,103.32
PKG-6651,16.69,703.5,Express,No,103.37
PKG-6652,21.98,755.0,Estandar,No,102.32
PKG-6653,20.83,,Mismo_Dia,No,127.38
PKG-6654,27.37,653.4,Express,Si,128.92
PKG-6655,13.14,696.2,Estandar,No,86.94
PKG-6656,20.47,706.9,Estandar,No,97.29
PKG-6657,7.65,158.2,Estandar,Si,44.83
PKG-6658,17.26,477.8,Estandar,No,78.59
PKG-6659,6.11,717.0,Express,No,80.74
PKG-6660,27.01,446.2,Express,No,105.54
PKG-6661,16.98,84.9,Express,No,52.24
PKG-6662,4.24,591.4,Express,No,69.64
PKG-6663,29.75,486.2,Express,No,115.06
PKG-6664,9.57,605.2,Mismo_Dia,No,103.39
PKG-6665,26.94,322.1,Express,Si,108.57
PKG-6666,4.69,792.5,Express,No,93.24
PKG-6667,27.62,327.0,Estandar,Si,92.32
PKG-6668,21.38,231.1,Estandar,No,63.8
PKG-6669,,596.3,Express,No,70.06
PKG-6670,27.6,123.6,Express,No,73.49
PKG-6671,24.49,780.1,Mismo_Dia,Si,152.89
PKG-6672,28.4,686.0,Express,No,119.55
PKG-6673,5.88,236.7,Express,Si,62.64
PKG-6674,6.7,695.0,Estandar,No,71.21
PKG-6675,19.14,21.6,Estandar,No,38.07
PKG-6676,29.92,675.5,Express,Si,141.53
PKG-6677,1.46,355.2,Mismo_Dia,No,66.52
PKG-6678,18.09,69.8,Express,Si,65.22
PKG-6679,4.15,454.4,Estandar,Si,60.65
PKG-6680,29.84,144.0,Express,Si,88.11
PKG-6681,6.68,639.4,Estandar,No,70.67
PKG-6682,24.95,55.7,Mismo_Dia,No,77.91
PKG-6683,2.47,351.7,Estandar,Si,51.77
PKG-6684,8.34,781.7,Mismo_Dia,No,114.94
PKG-6685,1.92,,Estandar,No,24.76
PKG-6686,4.13,37.0,Express,Si,34.23
PKG-6687,13.67,163.4,Estandar,No,38.86
PKG-6688,28.58,417.1,Estandar,Si,99.73
PKG-6689,3.09,275.8,Estandar,No,28.7
PKG-6690,,589.2,Express,No,89.98
PKG-6691,10.37,615.6,Express,Si,103.06
PKG-6692,0.52,600.2,Express,No,66.47
PKG-6693,10.2,618.2,Express,No,85.01
PKG-6694,17.75,115.4,Express,No,59.64
PKG-6695,26.16,165.3,Estandar,No,68.58
PKG-6696,19.55,369.3,Estandar,No,69.29
PKG-6697,10.54,581.7,Express,No,83.77
PKG-6698,0.55,76.3,Estandar,No,15.36
PKG-6699,28.13,368.6,Estandar,Si,100.99
PKG-6700,2.18,425.1,Estandar,No,40.05
PKG-6701,2.98,216.6,Estandar,No,26.73
PKG-6702,22.85,419.8,Estandar,Si,91.11
PKG-6703,6.96,429.6,Express,No,67.17
PKG-6704,,673.2,Estandar,No,94.13
PKG-6705,26.13,695.3,Express,No,118.61
PKG-6706,24.68,404.3,Express,Si,106.2
PKG-6707,11.23,423.3,Mismo_Dia,No,94.37
PKG-6708,14.13,187.0,Estandar,Si,62.24
PKG-6709,27.34,27.7,Express,No,73.5
PKG-6710,,555.4,Mismo_Dia,No,126.46
PKG-6711,6.01,132.3,Estandar,No,28.9
PKG-6712,27.95,479.6,Estandar,No,91.24
PKG-6713,29.05,716.4,Express,No,132.34
PKG-6714,12.93,594.9,Estandar,Si,85.15
PKG-6715,,36.1,Estandar,No,36.54
PKG-6716,7.28,614.6,Mismo_Dia,Si,111.28
PKG-6717,23.86,246.2,Mismo_Dia,No,98.31
PKG-6718,19.57,651.1,Estandar,No,94.67
PKG-6719,26.38,685.8,Estandar,No,112.97
PKG-6720,5.18,728.8,Estandar,No,71.21
PKG-6721,17.86,774.9,Estandar,No,103.08
PKG-6722,12.67,539.6,Estandar,No,68.09
PKG-6723,10.79,491.3,Estandar,Si,72.09
PKG-6724,7.91,443.8,Express,Si,84.74
PKG-6725,11.59,390.0,Express,No,68.71
PKG-6726,12.75,30.7,Estandar,No,30.06
PKG-6727,18.62,590.4,Express,No,103.11
PKG-6728,4.32,585.9,Estandar,No,53.28
PKG-6729,19.18,533.0,Estandar,No,79.45
PKG-6730,28.8,673.1,Estandar,Si,123.74
PKG-6731,29.36,66.7,Estandar,No,67.37
PKG-6732,19.1,79.0,Express,No,56.86
PKG-6733,4.64,385.1,Express,No,58.95
PKG-6734,21.55,680.7,Estandar,No,100.39
PKG-6735,2.57,127.5,Express,No,28.73
PKG-6736,27.76,775.1,Mismo_Dia,Si,164.56
PKG-6737,8.1,609.0,Estandar,No,61.57
PKG-6738,,746.9,Estandar,No,106.84
PKG-6739,,268.2,Estandar,No,77.79
PKG-6740,9.5,732.6,Estandar,No,83.13
PKG-6741,11.43,146.1,Estandar,Si,46.01
PKG-6742,29.48,461.5,Express,No,110.42
PKG-6743,0.67,67.2,Express,Si,37.75
PKG-6744,4.43,505.6,Estandar,No,54.97
PKG-6745,29.86,204.2,Estandar,No,78.11
PKG-6746,4.17,719.7,Express,No,85.47
PKG-6747,4.63,62.5,Estandar,No,20.45
PKG-6748,14.27,19.6,Express,No,47.41
PKG-6749,13.71,617.0,Estandar,No,79.46
PKG-6750,21.83,578.4,Estandar,Si,109.34
PKG-6751,26.55,698.3,Estandar,No,111.76
PKG-6752,10.28,,Express,No,43.41
PKG-6753,3.64,295.1,Estandar,No,37.82
PKG-6754,29.24,87.5,Estandar,No,70.38
PKG-6755,25.22,524.1,Express,No,107.42
PKG-6756,28.6,101.3,Mismo_Dia,No,93.59
PKG-6757,28.48,196.5,Mismo_Dia,No,102.49
PKG-6758,17.17,500.7,Estandar,No,80.42
PKG-6759,20.74,586.4,Estandar,No,90.09
PKG-6760,5.19,776.5,Express,No,85.73
PKG-6761,20.62,412.4,Express,No,91.45
PKG-6762,,279.2,Estandar,No,55.81
PKG-6763,19.6,494.4,Estandar,Si,93.15
PKG-6764,26.99,112.6,Express,Si,92.27
PKG-6765,9.0,243.6,Mismo_Dia,No,72.18
PKG-6766,1.66,24.7,Express,No,17.94
PKG-6767,0.87,444.7,Mismo_Dia,No,75.39
PKG-6768,16.06,,Estandar,No,92.46
PKG-6769,20.88,671.3,Express,No,108.16
PKG-6770,25.75,54.2,Express,No,64.72
PKG-6771,19.51,162.8,Estandar,Si,62.82
PKG-6772,21.98,226.7,Express,No,70.66
PKG-6773,5.21,430.0,Express,Si,75.62
PKG-6774,3.26,560.2,Estandar,No,57.5
PKG-6775,22.11,197.8,Estandar,No,62.56
PKG-6776,4.73,169.4,Express,Si,52.52
PKG-6777,22.1,528.4,Express,No,96.87
PKG-6778,18.88,198.0,Estandar,Si,62.65
PKG-6779,20.72,130.6,Express,Si,78.21
PKG-6780,24.41,659.7,Estandar,No,108.78
PKG-6781,5.85,621.0,Estandar,No,57.49
PKG-6782,7.35,507.0,Estandar,No,57.19
PKG-6783,9.74,85.7,Estandar,No,37.59
PKG-6784,26.74,105.4,Express,No,72.5
PKG-6785,3.64,298.7,Estandar,No,37.46
PKG-6786,4.66,232.0,Express,No,44.88
PKG-6787,6.72,50.8,Express,Si,42.45
PKG-6788,,467.4,Express,No,72.41
PKG-6789,8.74,757.4,Estandar,No,82.22
PKG-6790,19.23,591.9,Estandar,No,89.39
PKG-6791,15.93,169.3,Estandar,No,47.5
PKG-6792,19.18,648.2,Express,No,110.36
PKG-6793,6.42,23.8,Estandar,No,15.76
PKG-6794,14.13,155.3,Estandar,No,41.42
PKG-6795,13.6,598.9,Express,No,91.35
PKG-6796,26.05,416.1,Express,No,91.83
PKG-6797,1.04,137.7,Mismo_Dia,No,45.06
PKG-6798,11.07,260.5,Mismo_Dia,No,79.89
PKG-6799,25.78,188.4,Express,No,87.88
PKG-6800,7.77,693.6,Express,No,92.47
PKG-6801,4.19,523.6,Estandar,No,55.1
PKG-6802,17.87,431.7,Estandar,No,66.49
PKG-6803,,759.8,Estandar,No,70.2
PKG-6804,8.48,717.6,Estandar,No,77.66
PKG-6805,2.27,551.7,Estandar,No,50.2
PKG-6806,17.14,663.3,Express,No,93.07
PKG-6807,27.08,677.0,Express,No,120.65
PKG-6808,21.08,74.8,Express,Si,75.27
PKG-6809,27.41,16.7,Express,No,67.63
PKG-6810,25.54,518.4,Express,Si,119.08
PKG-6811,29.93,,Estandar,No,103.19
PKG-6812,24.26,147.5,Estandar,No,67.95
PKG-6813,12.63,365.8,Estandar,No,60.18
PKG-6814,14.34,629.4,Estandar,Si,93.66
PKG-6815,14.72,204.9,Mismo_Dia,No,77.13
PKG-6816,21.45,444.0,Express,No,92.13
PKG-6817,9.21,211.0,Express,No,55.67
PKG-6818,23.16,45.8,Estandar,No,46.81
PKG-6819,14.18,214.8,Estandar,No,47.34
PKG-6820,26.71,182.4,Express,No,80.9
PKG-6821,14.73,784.8,Mismo_Dia,No,120.08
PKG-6822,,758.1,Estandar,No,114.64
PKG-6823,29.14,759.7,Express,No,132.75
PKG-6824,8.14,771.9,Express,No,90.87
PKG-6825,11.08,672.1,Mismo_Dia,Si,117.28
PKG-6826,3.38,692.1,Express,No,78.62
PKG-6827,18.56,273.8,Express,Si,84.64
PKG-6828,11.54,445.1,Mismo_Dia,Si,105.15
PKG-6829,22.2,45.9,Estandar,No,44.93
PKG-6830,2.08,149.6,Estandar,No,20.38
PKG-6831,20.47,413.0,Express,No,86.89
PKG-6832,18.54,73.4,Estandar,No,40.91
PKG-6833,3.27,142.4,Express,No,32.48
PKG-6834,28.32,487.8,Estandar,Si,109.74
PKG-6835,13.8,47.7,Mismo_Dia,No,59.29
PKG-6836,3.65,261.0,Mismo_Dia,No,61.32
PKG-6837,8.34,42.4,Express,No,34.02
PKG-6838,12.87,202.5,Express,No,54.21
PKG-6839,20.19,177.5,Estandar,Si,64.72
PKG-6840,7.43,63.2,Express,No,36.34
PKG-6841,15.45,512.7,Express,No,89.83
PKG-6842,6.62,647.9,Estandar,Si,80.27
PKG-6843,24.52,630.9,Express,No,113.34
PKG-6844,25.84,358.0,Express,No,94.43
PKG-6845,20.81,403.7,Express,Si,93.58
PKG-6846,21.95,133.4,Express,No,64.24
PKG-6847,25.77,287.4,Estandar,No,81.25
PKG-6848,17.77,721.9,Estandar,Si,110.84
PKG-6849,9.98,568.3,Mismo_Dia,Si,113.09
PKG-6850,24.37,765.1,Estandar,No,108.15
PKG-6851,17.03,572.8,Estandar,Si,95.58
PKG-6852,2.3,771.5,Estandar,No,67.04
PKG-6853,20.24,634.7,Estandar,No,94.75
PKG-6854,26.5,56.5,Express,No,71.02
PKG-6855,3.29,,Estandar,No,21.72
PKG-6856,25.7,506.3,Estandar,No,90.75
PKG-6857,22.81,614.1,Express,No,109.3
PKG-6858,24.44,26.9,Mismo_Dia,No,81.02
PKG-6859,5.91,676.8,Estandar,No,75.5
PKG-6860,,431.7,Mismo_Dia,Si,105.55
PKG-6861,15.41,558.7,Estandar,No,77.36
PKG-6862,18.3,474.5,Estandar,No,74.53
PKG-6863,7.5,729.1,Estandar,No,71.99
PKG-6864,7.99,655.5,Estandar,No,66.99
PKG-6865,20.91,423.6,Estandar,No,73.54
PKG-6866,26.51,585.1,Mismo_Dia,Si,143.93
PKG-6867,23.82,268.9,Express,No,80.45
PKG-6868,29.1,293.1,Estandar,No,78.47
PKG-6869,11.59,526.0,Express,No,74.26
PKG-6870,6.04,698.5,Estandar,Si,83.4
PKG-6871,21.19,611.3,Mismo_Dia,No,122.78
PKG-6872,,357.8,Estandar,No,39.51
PKG-6873,,703.4,Mismo_Dia,No,145.61
PKG-6874,4.01,164.8,Express,No,41.77
PKG-6875,27.99,129.5,Express,No,79.51
PKG-6876,12.86,521.9,Mismo_Dia,No,101.09
PKG-6877,13.5,558.3,Estandar,Si,85.38
PKG-6878,7.55,504.5,Express,No,68.21
PKG-6879,5.32,586.9,Express,No,70.38
PKG-6880,6.43,769.7,Estandar,No,78.69
PKG-6881,4.74,512.6,Mismo_Dia,Si,101.31
PKG-6882,19.9,715.5,Estandar,No,100.73
PKG-6883,17.49,738.7,Express,No,113.96
PKG-6884,18.64,394.1,Express,No,80.5
PKG-6885,21.74,377.6,Mismo_Dia,No,107.18
PKG-6886,27.08,316.3,Mismo_Dia,No,108.95
PKG-6887,10.05,299.9,Mismo_Dia,No,76.74
PKG-6888,,580.6,Express,No,110.8
PKG-6889,16.62,569.5,Mismo_Dia,No,100.04
PKG-6890,28.94,44.7,Express,Si,88.38
PKG-6891,12.23,545.2,Estandar,No,71.47
PKG-6892,29.13,73.6,Express,No,74.21
PKG-6893,7.62,467.6,Estandar,No,58.95
PKG-6894,4.5,38.1,Estandar,No,14.26
PKG-6895,2.5,215.7,Estandar,Si,36.37
PKG-6896,1.54,407.8,Mismo_Dia,No,68.61
PKG-6897,3.75,30.1,Estandar,No,9.8
PKG-6898,0.87,535.3,Express,No,62.52
PKG-6899,21.7,577.5,Estandar,No,86.67
PKG-6900,9.06,199.0,Estandar,Si,48.13
PKG-6901,8.32,679.2,Estandar,No,79.51
PKG-6902,6.76,697.7,Express,Si,99.19
PKG-6903,25.9,761.8,Express,No,123.24
PKG-6904,22.91,419.5,Mismo_Dia,Si,118.61
PKG-6905,25.2,155.4,Express,No,77.73
PKG-6906,28.99,702.4,Estandar,Si,118.0
PKG-6907,29.9,177.7,Express,Si,100.76
PKG-6908,8.36,210.4,Express,No,49.03
PKG-6909,20.72,580.9,Express,Si,110.46
PKG-6910,16.65,530.3,Express,No,87.67
PKG-6911,25.15,654.6,Express,No,116.99
PKG-6912,13.27,642.9,Mismo_Dia,No,110.77
PKG-6913,,771.9,Mismo_Dia,No,140.09
PKG-6914,,638.3,Express,No,100.32
PKG-6915,9.75,420.0,Express,No,75.1
PKG-6916,18.92,438.4,Mismo_Dia,Si,120.22
PKG-6917,21.64,703.0,Mismo_Dia,No,130.86
PKG-6918,2.87,34.3,Mismo_Dia,Si,57.68
PKG-6919,19.77,207.9,Estandar,No,58.4
PKG-6920,27.22,700.6,Estandar,No,109.69
PKG-6921,11.79,790.6,Estandar,No,90.13
PKG-6922,26.65,19.7,Express,No,62.2
PKG-6923,22.14,713.5,Estandar,No,101.7
PKG-6924,16.93,609.8,Mismo_Dia,No,118.71
PKG-6925,12.68,204.4,Express,No,56.68
PKG-6926,8.36,344.4,Estandar,No,52.76
PKG-6927,17.64,116.8,Express,No,63.29
PKG-6928,10.8,175.9,Express,No,50.55
PKG-6929,16.4,614.2,Estandar,No,84.72
PKG-6930,26.59,650.1,Estandar,No,103.84
PKG-6931,20.83,537.2,Express,No,98.51
PKG-6932,4.89,559.3,Estandar,Si,70.47
PKG-6933,4.93,,Estandar,No,40.47
PKG-6934,18.61,554.7,Estandar,No,82.69
PKG-6935,3.37,765.7,Mismo_Dia,No,94.23
PKG-6936,13.75,395.1,Express,No,73.55
PKG-6937,,100.4,Express,No,67.44
PKG-6938,18.59,87.6,Estandar,No,36.11
PKG-6939,29.03,149.3,Mismo_Dia,No,105.33
PKG-6940,,236.9,Estandar,No,43.89
PKG-6941,29.5,272.9,Estandar,No,81.19
PKG-6942,24.84,321.3,Mismo_Dia,No,103.07
PKG-6943,4.67,,Estandar,Si,44.6
PKG-6944,4.54,604.7,Estandar,No,61.62
PKG-6945,,614.0,Estandar,No,65.71
PKG-6946,8.81,406.0,Estandar,No,57.91
PKG-6947,28.79,243.4,Estandar,No,76.06
PKG-6948,21.24,67.6,Estandar,No,50.04
PKG-6949,0.61,597.7,Estandar,No,57.22
PKG-6950,14.32,141.7,Express,No,56.17
PKG-6951,28.22,129.8,Estandar,No,66.57
PKG-6952,25.01,360.3,Express,No,93.0
PKG-6953,2.73,23.9,Estandar,No,7.78
PKG-6954,13.97,707.9,Express,No,99.15
PKG-6955,28.64,434.2,Estandar,No,95.42
PKG-6956,29.79,789.8,Estandar,No,116.85
PKG-6957,24.69,438.9,Estandar,Si,95.37
PKG-6958,24.35,611.0,Estandar,No,100.67
PKG-6959,,523.4,Express,Si,77.81
PKG-6960,2.3,182.8,Express,Si,52.4
PKG-6961,22.52,456.4,Express,No,94.2
PKG-6962,12.3,158.7,Express,No,49.95
PKG-6963,12.76,504.3,Estandar,No,71.69
PKG-6964,12.5,743.0,Express,Si,117.57
PKG-6965,18.14,257.6,Estandar,No,62.86
PKG-6966,17.74,747.3,Express,No,109.71
PKG-6967,10.39,43.4,Estandar,No,26.12
PKG-6968,,252.5,Express,No,66.47
PKG-6969,6.64,172.8,Express,No,46.92
PKG-6970,15.81,484.7,Estandar,Si,84.4
PKG-6971,16.5,673.9,Mismo_Dia,No,116.01
PKG-6972,4.01,288.5,Estandar,Si,49.12
PKG-6973,18.34,668.1,Estandar,No,84.13
PKG-6974,,795.3,Estandar,Si,109.28
PKG-6975,13.74,628.6,Estandar,No,84.91
PKG-6976,24.06,684.1,Mismo_Dia,Si,145.23
PKG-6977,27.58,579.9,Estandar,No,97.67
PKG-6978,2.79,424.2,Estandar,Si,60.17
PKG-6979,10.57,57.9,Estandar,No,30.15
PKG-6980,6.99,501.2,Express,No,74.1
PKG-6981,3.23,125.1,Express,No,34.4
PKG-6982,19.24,376.5,Estandar,No,69.87
PKG-6983,21.98,331.4,Estandar,Si,81.82
PKG-6984,2.98,684.2,Express,No,71.71
PKG-6985,23.03,186.8,Estandar,No,65.41
PKG-6986,2.69,106.5,Estandar,No,10.6
PKG-6987,15.3,402.2,Estandar,Si,77.83
PKG-6988,12.6,679.8,Express,No,97.47
PKG-6989,,488.7,Express,Si,108.63
PKG-6990,29.96,,Estandar,No,89.69
PKG-6991,23.84,,Estandar,No,91.87
PKG-6992,11.25,269.6,Express,No,59.39
PKG-6993,29.38,514.3,Mismo_Dia,Si,137.97
PKG-6994,10.47,279.3,Mismo_Dia,Si,84.44
PKG-6995,,288.2,Express,Si,82.99
PKG-6996,28.54,665.3,Estandar,Si,116.35
PKG-6997,,421.0,Estandar,No,58.66
PKG-6998,9.82,422.1,Express,No,72.01
PKG-6999,28.64,457.6,Estandar,No,89.18
PKG-7000,22.77,277.3,Express,Si,91.8
PKG-7001,25.08,687.1,Estandar,No,104.41
PKG-7002,7.17,,Estandar,Si,56.44
PKG-7003,7.17,276.2,Estandar,Si,53.81
PKG-7004,21.53,496.4,Mismo_Dia,Si,127.82
PKG-7005,12.11,120.6,Estandar,No,33.71
PKG-7006,6.52,165.4,Estandar,Si,45.02
PKG-7007,,178.6,Estandar,No,65.49
PKG-7008,18.29,319.7,Mismo_Dia,No,102.02
PKG-7009,7.18,518.7,Estandar,No,66.48
PKG-7010,2.82,520.7,Estandar,No,50.44
PKG-7011,12.86,436.1,Estandar,Si,74.86
PKG-7012,28.68,536.8,Express,No,115.62
PKG-7013,19.54,522.3,Express,No,102.64
PKG-7014,4.8,484.6,Express,No,73.93
PKG-7015,12.82,664.4,Estandar,Si,92.93
PKG-7016,3.85,294.4,Estandar,No,30.79
PKG-7017,4.9,450.3,Mismo_Dia,Si,90.69
PKG-7018,6.94,290.8,Estandar,No,37.42
PKG-7019,11.8,172.9,Express,No,53.32
PKG-7020,27.15,471.7,Express,No,106.22
PKG-7021,12.43,693.4,Express,No,101.26
PKG-7022,7.87,324.9,Express,No,63.64
PKG-7023,12.85,132.5,Estandar,No,36.65
PKG-7024,28.86,688.8,Mismo_Dia,No,141.93
PKG-7025,23.91,360.5,Estandar,Si,89.07
PKG-7026,17.18,652.9,Express,No,105.01
PKG-7027,10.02,25.8,Mismo_Dia,No,55.81
PKG-7028,25.83,503.9,Mismo_Dia,No,121.46
PKG-7029,10.93,798.4,Mismo_Dia,No,119.81
PKG-7030,13.29,389.4,Express,No,79.27
PKG-7031,24.78,473.1,Estandar,No,91.22
PKG-7032,17.62,359.2,Express,No,77.11
PKG-7033,26.95,224.3,Estandar,No,76.05
PKG-7034,11.7,408.2,Estandar,No,60.32
PKG-7035,,17.2,Express,No,47.66
PKG-7036,23.43,588.0,Mismo_Dia,No,124.58
PKG-7037,27.13,481.2,Estandar,No,91.49
PKG-7038,21.99,97.9,Estandar,Si,59.05
PKG-7039,19.92,383.0,Estandar,No,76.58
PKG-7040,,616.6,Estandar,No,61.81
PKG-7041,25.36,281.6,Estandar,No,71.73
PKG-7042,19.81,206.8,Estandar,No,61.42
PKG-7043,12.3,721.0,Express,Si,106.15
PKG-7044,7.08,39.2,Mismo_Dia,No,53.7
PKG-7045,26.25,107.4,Express,No,68.92
PKG-7046,5.84,767.7,Express,Si,97.35
PKG-7047,9.13,251.1,Estandar,No,43.83
PKG-7048,2.3,151.0,Mismo_Dia,No,51.68
PKG-7049,8.23,335.8,Estandar,No,43.13
PKG-7050,13.09,85.9,Estandar,No,30.78
PKG-7051,14.98,551.7,Estandar,No,73.66
PKG-7052,5.46,622.9,Mismo_Dia,No,88.39
PKG-7053,8.79,795.0,Estandar,No,87.09
PKG-7054,9.02,200.6,Estandar,No,33.33
PKG-7055,26.26,612.4,Estandar,No,101.88
PKG-7056,12.04,556.3,Express,Si,99.03
PKG-7057,7.44,719.6,Estandar,No,74.25
PKG-7058,5.46,748.4,Express,No,87.3
PKG-7059,4.34,783.5,Estandar,No,78.16
PKG-7060,22.95,190.7,Express,No,74.64
PKG-7061,26.99,233.0,Express,Si,93.05
PKG-7062,20.07,54.4,Express,Si,74.61
PKG-7063,10.82,247.7,Express,No,50.76
PKG-7064,9.32,334.8,Express,No,57.78
PKG-7065,24.37,146.1,Estandar,No,61.14
PKG-7066,0.74,540.0,Estandar,No,49.05
PKG-7067,20.61,265.5,Estandar,No,61.25
PKG-7068,29.36,766.2,Estandar,No,123.43
PKG-7069,9.26,76.3,Estandar,No,25.72
PKG-7070,2.14,392.6,Estandar,No,44.31
PKG-7071,25.39,389.5,Mismo_Dia,No,119.49
PKG-7072,24.08,75.4,Mismo_Dia,No,83.33
PKG-7073,11.04,67.8,Estandar,No,28.17
PKG-7074,3.33,,Express,No,39.64
PKG-7075,25.45,314.2,Estandar,No,80.01
PKG-7076,21.82,350.8,Express,No,78.71
PKG-7077,12.52,468.7,Express,No,83.27
PKG-7078,5.93,473.0,Express,No,63.63
PKG-7079,10.45,507.9,Mismo_Dia,No,101.46
PKG-7080,0.74,322.7,Express,No,39.62
PKG-7081,14.03,341.7,Express,Si,84.53
PKG-7082,21.56,773.4,Express,Si,129.9
PKG-7083,4.02,214.4,Express,No,47.2
PKG-7084,14.81,703.7,Express,No,103.53
PKG-7085,7.46,712.6,Express,No,84.29
PKG-7086,11.49,349.2,Mismo_Dia,Si,99.43
PKG-7087,12.92,140.1,Estandar,No,45.93
PKG-7088,17.84,651.8,Estandar,Si,97.92
PKG-7089,,217.6,Estandar,No,67.5
PKG-7090,14.43,585.7,Estandar,No,81.38
PKG-7091,4.99,330.9,Estandar,No,42.57
PKG-7092,,135.3,Estandar,No,24.65
PKG-7093,21.43,120.1,Estandar,Si,56.64
PKG-7094,20.56,241.3,Estandar,No,61.09
PKG-7095,7.75,119.8,Express,No,35.56
PKG-7096,8.79,470.1,Estandar,Si,67.37
PKG-7097,,737.3,Estandar,No,111.08
PKG-7098,5.39,265.3,Estandar,No,37.48
PKG-7099,29.06,249.7,Express,Si,108.56
PKG-7100,23.75,,Mismo_Dia,No,106.56
PKG-7101,,142.5,Estandar,Si,60.49
PKG-7102,7.77,624.7,Mismo_Dia,Si,113.85
PKG-7103,23.0,17.4,Express,No,54.49
PKG-7104,29.82,48.4,Estandar,No,68.33
PKG-7105,5.96,,Express,Si,59.04
PKG-7106,0.53,179.8,Express,No,33.5
PKG-7107,8.44,549.0,Mismo_Dia,No,98.79
PKG-7108,18.26,,Estandar,No,73.26
PKG-7109,5.19,629.7,Express,Si,90.0
PKG-7110,5.23,125.2,Express,No,32.84
PKG-7111,17.52,77.8,Mismo_Dia,No,75.66
PKG-7112,,79.9,Mismo_Dia,No,73.83
PKG-7113,10.1,164.4,Estandar,No,38.16
PKG-7114,12.22,147.5,Express,No,55.29
PKG-7115,5.01,95.1,Estandar,No,21.56
PKG-7116,23.44,325.1,Mismo_Dia,No,109.17
PKG-7117,28.24,666.7,Mismo_Dia,No,138.86
PKG-7118,22.56,551.8,Estandar,Si,103.29
PKG-7119,10.21,99.9,Express,No,44.64
PKG-7120,22.57,716.2,Estandar,Si,113.69
PKG-7121,11.85,38.6,Estandar,Si,38.08
PKG-7122,17.44,496.2,Mismo_Dia,No,106.28
PKG-7123,3.75,72.7,Mismo_Dia,No,41.57
PKG-7124,7.51,709.5,Estandar,Si,91.18
PKG-7125,11.01,361.2,Express,No,64.01
PKG-7126,5.16,398.0,Express,No,58.56
PKG-7127,14.86,456.7,Express,Si,90.64
PKG-7128,18.42,126.7,Estandar,Si,55.95
PKG-7129,11.22,430.9,Estandar,No,61.5
PKG-7130,18.45,24.7,Estandar,Si,52.17
PKG-7131,,232.7,Express,No,70.42
PKG-7132,24.92,251.5,Mismo_Dia,Si,107.89
PKG-7133,9.55,740.8,Mismo_Dia,No,105.08
PKG-7134,26.16,483.4,Express,No,107.15
PKG-7135,17.85,562.3,Estandar,No,82.44
PKG-7136,,487.5,Estandar,Si,72.84
PKG-7137,21.88,449.5,Express,No,93.68
PKG-7138,26.03,383.9,Estandar,No,79.95
PKG-7139,,145.8,Mismo_Dia,No,81.18
PKG-7140,,388.1,Mismo_Dia,No,84.4
PKG-7141,24.45,50.9,Estandar,No,58.7
PKG-7142,,169.1,Express,No,33.59
PKG-7143,7.64,663.1,Express,No,84.35
PKG-7144,19.47,88.4,Estandar,No,48.62
PKG-7145,3.08,46.0,Mismo_Dia,Si,53.06
PKG-7146,16.06,330.9,Estandar,Si,71.88
PKG-7147,7.31,275.3,Mismo_Dia,No,65.96
PKG-7148,20.7,644.5,Express,No,114.72
PKG-7149,14.06,336.8,Express,No,71.13
PKG-7150,10.68,,Estandar,No,65.79
PKG-7151,16.02,316.1,Express,No,71.64
PKG-7152,17.42,148.3,Express,No,65.01
PKG-7153,9.35,431.6,Mismo_Dia,No,83.07
PKG-7154,6.19,40.2,Express,No,29.43
PKG-7155,25.75,372.4,Express,No,90.93
PKG-7156,21.35,130.4,Mismo_Dia,Si,90.1
PKG-7157,6.34,392.9,Express,No,58.02
PKG-7158,22.47,563.6,Express,Si,112.85
PKG-7159,17.21,143.2,Express,Si,73.62
PKG-7160,25.04,780.2,Mismo_Dia,Si,148.72
PKG-7161,17.12,536.9,Estandar,Si,91.59
PKG-7162,19.32,399.2,Express,Si,94.89
PKG-7163,18.24,686.9,Estandar,No,94.4
PKG-7164,20.02,740.5,Express,No,105.4
PKG-7165,,313.3,Express,Si,57.85
PKG-7166,19.62,155.5,Estandar,Si,60.27
PKG-7167,8.61,745.0,Mismo_Dia,No,111.56
PKG-7168,1.49,781.5,Estandar,No,74.61
PKG-7169,10.69,745.7,Estandar,No,82.13
PKG-7170,21.46,441.1,Mismo_Dia,No,109.2
PKG-7171,14.38,423.2,Estandar,No,61.73
PKG-7172,7.78,297.9,Express,No,55.13
PKG-7173,21.34,664.3,Estandar,No,105.07
PKG-7174,8.14,721.0,Express,Si,102.98
PKG-7175,10.65,569.9,Express,No,83.08
PKG-7176,21.32,710.5,Estandar,Si,116.76
PKG-7177,21.25,,Estandar,No,94.18
PKG-7178,15.55,501.8,Estandar,No,69.85
PKG-7179,29.08,85.5,Estandar,No,60.37
PKG-7180,,70.7,Express,No,63.0
PKG-7181,29.91,690.8,Express,No,133.89
PKG-7182,8.53,325.2,Estandar,No,47.72
PKG-7183,10.3,345.7,Express,No,67.96
PKG-7184,8.49,757.3,Estandar,No,82.34
PKG-7185,12.11,95.9,Express,Si,61.69
PKG-7186,1.33,594.2,Estandar,No,45.64
PKG-7187,2.82,26.4,Estandar,No,14.85
PKG-7188,14.99,632.5,Mismo_Dia,No,110.27
PKG-7189,12.03,664.7,Estandar,Si,90.11
PKG-7190,14.36,729.4,Express,No,106.27
PKG-7191,27.62,301.9,Mismo_Dia,No,105.37
PKG-7192,,132.5,Estandar,No,39.96
PKG-7193,9.13,550.1,Express,No,77.21
PKG-7194,9.62,566.2,Estandar,Si,75.29
PKG-7195,29.58,445.1,Express,Si,123.63
PKG-7196,27.81,792.8,Estandar,No,117.6
PKG-7197,2.32,256.9,Estandar,Si,43.28
PKG-7198,16.27,469.1,Express,Si,95.09
PKG-7199,8.51,294.7,Mismo_Dia,Si,87.73
PKG-7200,13.81,349.4,Estandar,No,53.2
PKG-7201,6.81,524.8,Estandar,No,55.55
PKG-7202,8.09,558.0,Estandar,No,68.48
PKG-7203,27.19,492.6,Express,No,103.19
PKG-7204,26.64,138.8,Estandar,No,58.58
PKG-7205,6.82,534.8,Express,No,74.55
PKG-7206,29.05,287.4,Estandar,Si,90.79
PKG-7207,19.63,383.6,Express,No,79.86
PKG-7208,25.63,396.7,Estandar,Si,92.8
PKG-7209,0.89,352.9,Estandar,No,29.83
PKG-7210,19.56,590.5,Express,No,102.93
PKG-7211,14.57,576.9,Express,No,85.72
PKG-7212,10.31,699.0,Mismo_Dia,No,108.73
PKG-7213,2.29,306.8,Mismo_Dia,No,62.82
PKG-7214,7.71,729.6,Estandar,No,74.17
PKG-7215,16.65,106.4,Express,No,56.44
PKG-7216,19.96,322.4,Estandar,Si,80.43
PKG-7217,8.22,226.5,Estandar,No,34.13
PKG-7218,3.08,646.5,Estandar,No,61.11
PKG-7219,1.97,106.6,Estandar,Si,28.31
PKG-7220,16.72,409.2,Mismo_Dia,No,97.7
PKG-7221,9.93,29.9,Estandar,No,24.54
PKG-7222,17.39,322.6,Estandar,No,62.75
PKG-7223,2.57,232.8,Estandar,No,21.72
PKG-7224,4.39,289.6,Express,Si,61.86
PKG-7225,19.12,152.8,Estandar,No,52.68
PKG-7226,,401.3,Estandar,No,83.86
PKG-7227,14.96,242.6,Express,No,64.92
PKG-7228,7.2,18.4,Express,No,32.1
PKG-7229,22.29,87.9,Mismo_Dia,No,86.77
PKG-7230,5.63,788.4,Express,No,88.58
PKG-7231,27.61,624.3,Mismo_Dia,Si,147.99
PKG-7232,3.35,220.9,Express,No,37.59
PKG-7233,24.27,268.2,Express,No,84.28
PKG-7234,22.93,265.8,Estandar,No,70.2
PKG-7235,24.48,328.4,Express,No,90.71
PKG-7236,11.4,152.6,Express,No,52.99
PKG-7237,28.86,640.3,Estandar,No,112.74
PKG-7238,27.78,13.5,Express,No,70.55
PKG-7239,14.39,275.7,Estandar,No,53.92
PKG-7240,10.15,70.7,Express,No,44.12
PKG-7241,6.29,544.0,Express,No,72.84
PKG-7242,26.88,445.6,Estandar,No,92.67
PKG-7243,21.9,779.7,Express,No,125.92
PKG-7244,21.86,642.2,Estandar,No,97.05
PKG-7245,17.66,524.8,Express,No,94.99
PKG-7246,,484.6,Estandar,Si,78.69
PKG-7247,8.54,590.6,Mismo_Dia,No,99.2
PKG-7248,22.39,544.0,Estandar,Si,102.5
PKG-7249,22.54,441.3,Estandar,Si,94.02
PKG-7250,24.52,549.4,Express,No,107.09
PKG-7251,21.28,761.9,Express,No,119.41
PKG-7252,24.82,66.5,Estandar,No,57.86
PKG-7253,12.37,694.7,Estandar,No,85.43
PKG-7254,17.02,280.2,Estandar,No,58.39
PKG-7255,26.28,122.4,Express,No,73.81
PKG-7256,14.36,418.2,Express,Si,88.37
PKG-7257,0.69,287.5,Estandar,No,32.1
PKG-7258,12.46,572.6,Express,Si,96.83
PKG-7259,17.46,190.3,Estandar,No,56.82
PKG-7260,,471.4,Express,Si,113.14
PKG-7261,22.68,116.7,Estandar,No,53.48
PKG-7262,,47.4,Estandar,No,64.35
PKG-7263,7.34,433.2,Express,No,68.87
PKG-7264,21.65,793.4,Mismo_Dia,No,138.53
PKG-7265,14.2,706.4,Express,Si,108.17
PKG-7266,,257.2,Estandar,Si,41.72
PKG-7267,,631.5,Express,No,122.0
PKG-7268,7.41,348.7,Estandar,Si,51.79
PKG-7269,,25.6,Express,Si,61.97
PKG-7270,,192.8,Mismo_Dia,No,103.42
PKG-7271,17.54,538.6,Mismo_Dia,Si,119.23
PKG-7272,20.21,571.9,Express,No,104.14
PKG-7273,29.09,546.2,Estandar,No,101.72
PKG-7274,14.85,334.3,Estandar,No,63.84
PKG-7275,3.89,623.7,Estandar,No,64.37
PKG-7276,12.52,695.0,Express,No,93.16
PKG-7277,14.12,77.7,Estandar,Si,52.95
PKG-7278,27.4,58.6,Estandar,No,55.71
PKG-7279,28.81,31.4,Express,No,73.48
PKG-7280,17.51,588.8,Estandar,No,86.17
PKG-7281,11.73,343.7,Estandar,No,51.73
PKG-7282,29.2,468.3,Estandar,Si,105.84
PKG-7283,18.02,373.5,Express,No,78.32
PKG-7284,5.04,406.0,Express,No,50.93
PKG-7285,19.83,394.2,Estandar,No,74.52
PKG-7286,7.42,714.7,Estandar,No,76.61
PKG-7287,15.09,208.6,Estandar,No,50.67
PKG-7288,21.25,11.3,Estandar,No,46.52
PKG-7289,26.73,79.9,Express,No,71.1
PKG-7290,24.05,539.5,Mismo_Dia,No,120.14
PKG-7291,11.24,237.5,Estandar,Si,59.73
PKG-7292,23.91,261.9,Estandar,No,68.46
PKG-7293,3.71,515.5,Mismo_Dia,No,82.92
PKG-7294,12.3,212.9,Estandar,Si,53.58
PKG-7295,11.24,645.2,Express,Si,106.11
PKG-7296,28.78,149.3,Estandar,No,68.61
PKG-7297,2.77,290.7,Estandar,No,33.14
PKG-7298,4.68,234.4,Express,No,48.06
PKG-7299,15.68,323.1,Mismo_Dia,No,87.04
PKG-7300,6.08,125.9,Express,No,36.81
PKG-7301,16.18,426.7,Mismo_Dia,No,100.7
PKG-7302,22.24,506.0,Estandar,Si,101.74
PKG-7303,,231.8,Estandar,No,32.32
PKG-7304,27.56,371.6,Estandar,No,86.61
PKG-7305,12.41,202.0,Estandar,No,43.68
PKG-7306,16.42,589.3,Estandar,Si,92.67
PKG-7307,11.99,,Express,No,69.05
PKG-7308,27.29,633.2,Express,No,113.4
PKG-7309,15.3,107.7,Estandar,No,41.57
PKG-7310,13.93,471.4,Express,Si,90.24
PKG-7311,21.53,207.0,Estandar,Si,78.04
PKG-7312,20.38,595.9,Estandar,No,87.41
PKG-7313,25.01,,Estandar,No,92.19
PKG-7314,4.46,278.0,Estandar,No,35.54
PKG-7315,9.33,328.9,Express,No,53.52
PKG-7316,24.53,477.2,Estandar,No,83.17
PKG-7317,5.49,248.7,Estandar,No,37.51
PKG-7318,19.85,750.7,Estandar,No,103.2
PKG-7319,3.97,658.3,Estandar,No,70.92
PKG-7320,1.73,759.4,Estandar,No,68.52
PKG-7321,21.81,433.9,Mismo_Dia,No,118.26
PKG-7322,24.36,590.8,Express,No,113.76
PKG-7323,14.56,276.9,Estandar,No,56.61
PKG-7324,2.41,40.9,Estandar,No,9.98
PKG-7325,,199.9,Estandar,No,56.57
PKG-7326,3.94,260.6,Estandar,Si,45.22
PKG-7327,10.88,658.0,Express,No,88.26
PKG-7328,25.44,799.0,Express,No,130.18
PKG-7329,23.69,375.7,Estandar,No,73.9
PKG-7330,28.45,526.6,Estandar,No,98.09
PKG-7331,27.91,86.4,Estandar,Si,72.61
PKG-7332,25.67,151.7,Estandar,No,60.7
PKG-7333,2.17,650.5,Estandar,No,62.11
PKG-7334,25.57,448.5,Estandar,No,87.86
PKG-7335,17.14,508.8,Estandar,No,76.11
PKG-7336,17.6,330.3,Mismo_Dia,No,95.32
PKG-7337,17.21,181.7,Express,No,67.72
PKG-7338,20.35,522.2,Express,No,99.08
PKG-7339,22.62,542.9,Mismo_Dia,No,120.94
PKG-7340,1.3,305.1,Express,No,41.44
PKG-7341,28.12,498.8,Estandar,No,93.91
PKG-7342,15.77,534.5,Express,No,89.82
PKG-7343,12.85,188.8,Express,No,54.35
PKG-7344,18.71,457.9,Estandar,No,73.76
PKG-7345,11.07,702.2,Estandar,Si,90.75
PKG-7346,9.65,218.2,Estandar,Si,51.75
PKG-7347,18.68,97.3,Mismo_Dia,No,74.66
PKG-7348,,660.5,Estandar,Si,78.36
PKG-7349,14.35,448.2,Mismo_Dia,No,100.68
PKG-7350,16.65,179.5,Express,No,68.29
PKG-7351,7.35,88.4,Express,No,32.28
PKG-7352,6.34,334.9,Express,No,58.86
PKG-7353,8.17,567.2,Express,Si,93.93
PKG-7354,11.78,538.0,Express,No,80.91
PKG-7355,22.51,796.3,Express,No,123.97
PKG-7356,2.24,252.1,Mismo_Dia,No,57.96
PKG-7357,,128.9,Estandar,No,47.41
PKG-7358,16.28,722.5,Estandar,No,93.14
PKG-7359,17.02,600.8,Estandar,Si,93.76
PKG-7360,5.64,464.6,Estandar,No,49.33
PKG-7361,5.48,128.5,Express,No,34.29
PKG-7362,24.61,482.9,Express,No,98.78
PKG-7363,24.55,192.6,Express,No,76.43
PKG-7364,13.35,176.7,Estandar,No,41.0
PKG-7365,16.72,686.7,Estandar,No,95.62
PKG-7366,9.4,792.8,Mismo_Dia,No,120.64
PKG-7367,14.47,694.6,Mismo_Dia,No,116.44
PKG-7368,27.55,114.9,Mismo_Dia,No,98.71
PKG-7369,27.18,343.3,Estandar,No,83.66
PKG-7370,14.91,68.4,Estandar,Si,54.81
PKG-7371,17.85,,Mismo_Dia,Si,127.56
PKG-7372,26.92,,Estandar,No,113.08
PKG-7373,2.18,398.7,Express,Si,67.39
PKG-7374,18.26,80.9,Estandar,No,43.4
PKG-7375,11.95,650.6,Express,Si,105.9
PKG-7376,27.88,338.3,Mismo_Dia,No,106.24
PKG-7377,11.54,298.6,Estandar,No,50.01
PKG-7378,26.73,175.0,Estandar,No,71.59
PKG-7379,13.25,182.0,Express,No,56.13
PKG-7380,26.71,359.2,Express,Si,104.92
PKG-7381,1.92,101.1,Estandar,No,17.55
PKG-7382,9.23,459.2,Mismo_Dia,No,95.92
PKG-7383,12.18,792.0,Estandar,No,88.63
PKG-7384,19.34,461.5,Estandar,No,79.41
PKG-7385,20.0,422.7,Estandar,No,75.18
PKG-7386,13.76,465.4,Estandar,No,69.23
PKG-7387,28.35,262.6,Express,Si,105.64
PKG-7388,4.27,741.2,Estandar,No,67.52
PKG-7389,5.56,218.8,Estandar,No,32.43
PKG-7390,25.64,531.7,Express,Si,122.46
PKG-7391,16.91,306.5,Express,Si,81.79
PKG-7392,6.83,442.3,Estandar,No,51.22
PKG-7393,3.96,321.2,Estandar,Si,48.07
PKG-7394,11.52,225.7,Estandar,Si,58.45
PKG-7395,7.86,448.8,Estandar,Si,67.14
PKG-7396,27.96,583.3,Estandar,No,97.33
PKG-7397,27.25,365.3,Mismo_Dia,Si,126.72
PKG-7398,,321.7,Express,No,47.41
PKG-7399,21.49,144.2,Mismo_Dia,No,88.07
PKG-7400,,619.7,Estandar,Si,100.19
PKG-7401,1.95,791.2,Express,No,77.99
PKG-7402,20.6,677.8,Mismo_Dia,No,122.21
PKG-7403,11.99,243.9,Estandar,Si,61.36
PKG-7404,19.5,49.1,Estandar,No,39.82
PKG-7405,6.7,513.9,Express,No,77.6
PKG-7406,9.89,790.2,Estandar,No,87.96
PKG-7407,14.96,,Estandar,No,46.02
PKG-7408,23.09,753.5,Mismo_Dia,Si,151.15
PKG-7409,29.99,509.6,Estandar,No,98.5
PKG-7410,1.01,288.6,Estandar,Si,37.49
PKG-7411,20.4,371.6,Express,No,90.77
PKG-7412,22.28,605.9,Express,No,110.6
PKG-7413,22.9,152.4,Mismo_Dia,Si,97.67
PKG-7414,3.76,511.4,Estandar,No,49.55
PKG-7415,20.8,702.1,Express,Si,123.38
PKG-7416,15.13,210.4,Express,No,61.45
PKG-7417,20.52,423.2,Express,Si,105.75
PKG-7418,12.07,704.7,Estandar,No,88.49
PKG-7419,21.15,171.8,Estandar,No,53.7
PKG-7420,6.49,239.5,Express,No,43.58
PKG-7421,11.81,110.1,Estandar,No,29.6
PKG-7422,3.54,183.3,Estandar,No,22.45
PKG-7423,4.96,576.2,Estandar,Si,74.64
PKG-7424,22.97,664.1,Estandar,No,100.02
PKG-7425,1.15,235.2,Mismo_Dia,No,59.3
PKG-7426,,83.2,Estandar,Si,26.52
PKG-7427,13.53,533.1,Express,Si,92.48
PKG-7428,13.88,340.5,Mismo_Dia,No,91.08
PKG-7429,12.94,187.1,Estandar,No,42.34
PKG-7430,12.64,142.2,Express,Si,65.07
PKG-7431,21.39,503.2,Estandar,Si,94.24
PKG-7432,28.81,269.5,Estandar,No,78.99
PKG-7433,7.44,16.7,Estandar,Si,28.16
PKG-7434,18.19,306.5,Express,No,70.38
PKG-7435,15.95,69.7,Mismo_Dia,No,68.49
PKG-7436,,413.3,Express,No,93.25
PKG-7437,23.48,748.1,Express,No,122.55
PKG-7438,16.09,345.8,Estandar,No,66.69
PKG-7439,20.05,725.8,Mismo_Dia,Si,144.0
PKG-7440,18.33,705.2,Express,Si,123.18
PKG-7441,9.08,665.7,Estandar,No,71.38
PKG-7442,3.58,587.1,Estandar,No,56.57
PKG-7443,25.26,246.8,Express,No,78.57
PKG-7444,28.91,318.2,Mismo_Dia,Si,114.67
PKG-7445,9.82,454.4,Estandar,No,63.32
PKG-7446,29.92,655.1,Express,No,127.37
PKG-7447,22.26,440.1,Estandar,No,79.49
PKG-7448,4.92,657.5,Estandar,Si,79.15
PKG-7449,6.88,267.8,Express,No,51.32
PKG-7450,17.44,,Mismo_Dia,Si,134.83
PKG-7451,3.58,783.8,Express,No,90.88
PKG-7452,1.92,249.6,Estandar,No,33.54
PKG-7453,17.58,361.8,Mismo_Dia,No,99.91
PKG-7454,15.76,566.0,Estandar,No,75.74
PKG-7455,18.96,383.8,Estandar,Si,85.04
PKG-7456,24.02,125.6,Estandar,Si,73.29
PKG-7457,23.19,276.7,Estandar,Si,79.73
PKG-7458,12.87,798.0,Express,No,105.63
PKG-7459,28.0,,Estandar,Si,117.47
PKG-7460,26.65,485.6,Estandar,No,100.92
PKG-7461,27.61,696.8,Express,No,120.97
PKG-7462,13.02,650.0,Estandar,No,77.16
PKG-7463,23.36,504.1,Estandar,No,82.77
PKG-7464,17.39,645.5,Estandar,No,89.96
PKG-7465,8.38,539.9,Estandar,Si,73.99
PKG-7466,5.5,123.6,Express,No,39.91
PKG-7467,14.37,130.7,Express,Si,67.09
PKG-7468,4.98,186.1,Estandar,No,27.8
PKG-7469,27.89,278.6,Express,No,90.53
PKG-7470,16.76,341.1,Estandar,No,56.49
PKG-7471,23.22,585.9,Express,No,110.91
PKG-7472,15.31,750.7,Mismo_Dia,Si,134.46
PKG-7473,29.18,,Express,No,117.31
PKG-7474,5.87,325.0,Express,No,50.42
PKG-7475,21.19,454.8,Mismo_Dia,No,111.83
PKG-7476,10.3,439.7,Estandar,Si,65.04
PKG-7477,10.72,656.3,Express,Si,96.74
PKG-7478,13.37,490.0,Mismo_Dia,No,91.19
PKG-7479,19.13,780.1,Estandar,Si,115.96
PKG-7480,17.5,152.3,Estandar,Si,61.07
PKG-7481,5.8,342.3,Mismo_Dia,No,73.5
PKG-7482,6.55,794.1,Express,No,94.83
PKG-7483,14.62,393.8,Express,No,79.75
PKG-7484,4.27,578.8,Mismo_Dia,No,87.75
PKG-7485,12.0,61.7,Express,Si,53.83
PKG-7486,7.65,144.5,Estandar,No,34.11
PKG-7487,6.28,780.9,Mismo_Dia,No,114.1
PKG-7488,16.02,318.8,Estandar,Si,75.68
PKG-7489,29.43,332.4,Estandar,No,86.83
PKG-7490,20.39,408.0,Estandar,Si,82.95
PKG-7491,7.42,328.0,Estandar,No,42.89
PKG-7492,1.27,,Estandar,No,59.1
PKG-7493,25.76,549.0,Estandar,No,98.83
PKG-7494,26.74,270.7,Express,No,87.77
PKG-7495,21.03,567.0,Express,No,109.78
PKG-7496,25.13,766.0,Mismo_Dia,Si,158.11
PKG-7497,0.84,548.4,Express,No,65.11
PKG-7498,24.16,633.0,Express,No,114.68
PKG-7499,21.74,143.4,Estandar,No,49.32
PKG-7500,12.75,,Estandar,No,39.97
PKG-7501,12.75,,Mismo_Dia,No,101.59
PKG-7502,1.39,288.8,Estandar,No,28.22
PKG-7503,21.78,408.7,Estandar,No,84.25
PKG-7504,0.9,714.7,Express,No,80.12
PKG-7505,22.36,260.0,Express,No,76.05
PKG-7506,12.33,734.5,Express,No,90.9
PKG-7507,4.24,100.2,Estandar,No,21.98
PKG-7508,3.08,527.8,Express,No,63.14
PKG-7509,,769.1,Estandar,No,81.44
PKG-7510,25.44,423.7,Estandar,No,88.57
PKG-7511,4.93,105.9,Express,No,33.91
PKG-7512,,504.9,Estandar,No,63.9
PKG-7513,1.93,277.7,Express,No,43.84
PKG-7514,28.78,,Estandar,No,87.61
PKG-7515,14.28,143.3,Express,No,51.62
PKG-7516,25.05,16.6,Express,Si,77.14
PKG-7517,29.78,663.5,Estandar,No,107.18
PKG-7518,17.29,373.0,Estandar,No,66.83
PKG-7519,18.33,714.7,Estandar,No,94.3
PKG-7520,17.82,500.3,Estandar,No,71.84
PKG-7521,15.42,17.5,Mismo_Dia,Si,75.61
PKG-7522,24.98,565.7,Estandar,Si,105.55
PKG-7523,28.4,283.0,Estandar,No,85.22
PKG-7524,3.82,31.2,Express,No,27.48
PKG-7525,27.2,83.4,Estandar,Si,77.68
PKG-7526,14.87,45.0,Estandar,No,35.81
PKG-7527,25.22,286.4,Express,No,86.03
PKG-7528,,587.6,Estandar,No,58.88
PKG-7529,28.23,747.9,Estandar,No,116.4
PKG-7530,12.39,645.3,Estandar,No,82.5
PKG-7531,26.94,191.7,Estandar,No,68.31
PKG-7532,8.77,631.1,Express,No,83.67
PKG-7533,21.95,749.6,Express,No,116.55
PKG-7534,28.36,415.0,Express,Si,110.44
PKG-7535,21.79,53.4,Express,No,65.81
PKG-7536,15.47,318.0,Express,Si,79.66
PKG-7537,13.76,14.3,Mismo_Dia,No,62.73
PKG-7538,13.84,282.3,Express,No,67.17
PKG-7539,13.5,724.5,Mismo_Dia,Si,129.49
PKG-7540,1.07,111.7,Estandar,No,10.59
PKG-7541,0.87,341.4,Estandar,No,26.96
PKG-7542,25.79,536.5,Estandar,No,93.13
PKG-7543,26.45,608.0,Estandar,Si,116.97
PKG-7544,13.32,147.8,Express,No,44.0
PKG-7545,2.5,139.5,Mismo_Dia,No,52.0
PKG-7546,9.7,400.7,Estandar,No,53.48
PKG-7547,,539.6,Estandar,No,73.42
PKG-7548,21.04,208.1,Express,No,72.78
PKG-7549,4.45,423.0,Express,Si,69.24
PKG-7550,12.88,,Estandar,No,55.14
PKG-7551,11.77,,Express,No,57.99
PKG-7552,9.9,683.2,Estandar,No,76.8
PKG-7553,6.55,793.1,Estandar,No,79.77
PKG-7554,5.49,67.5,Estandar,Si,31.21
PKG-7555,7.79,701.1,Estandar,No,74.45
PKG-7556,11.26,730.1,Estandar,No,78.63
PKG-7557,,703.8,Estandar,No,79.09
PKG-7558,21.33,761.3,Mismo_Dia,No,134.2
PKG-7559,,416.2,Express,No,80.07
PKG-7560,29.85,792.4,Express,No,136.51
PKG-7561,25.56,513.1,Estandar,Si,99.46
PKG-7562,26.93,298.3,Express,No,92.8
PKG-7563,1.27,62.3,Express,No,25.65
PKG-7564,15.85,342.4,Estandar,Si,68.19
PKG-7565,22.59,576.3,Express,Si,114.6
PKG-7566,16.15,339.7,Estandar,No,63.63
PKG-7567,13.0,212.2,Estandar,No,40.81
PKG-7568,18.4,510.6,Estandar,No,82.18
PKG-7569,19.78,696.2,Express,Si,119.5
PKG-7570,,192.4,Estandar,No,42.55
PKG-7571,22.8,270.1,Estandar,No,63.89
PKG-7572,24.34,68.3,Mismo_Dia,No,87.21
PKG-7573,,691.1,Estandar,No,64.83
PKG-7574,27.72,237.9,Express,Si,96.17
PKG-7575,3.27,504.1,Express,No,63.48
PKG-7576,8.41,564.5,Express,No,76.93
PKG-7577,1.94,333.0,Estandar,No,32.08
PKG-7578,12.82,509.1,Mismo_Dia,Si,116.19
PKG-7579,,263.1,Estandar,No,30.92
PKG-7580,2.72,,Express,No,26.76
PKG-7581,11.61,762.4,Express,No,97.23
PKG-7582,18.44,,Estandar,No,89.75
PKG-7583,24.64,706.2,Mismo_Dia,No,138.12
PKG-7584,3.25,595.8,Estandar,No,58.69
PKG-7585,27.44,77.4,Express,No,69.19
PKG-7586,19.86,169.6,Estandar,Si,63.23
PKG-7587,7.62,98.5,Estandar,No,27.07
PKG-7588,7.74,204.4,Mismo_Dia,No,68.97
PKG-7589,0.93,667.4,Express,No,74.93
PKG-7590,11.61,653.3,Estandar,No,73.55
PKG-7591,14.37,582.8,Estandar,No,79.96
PKG-7592,11.71,715.6,Mismo_Dia,No,116.06
PKG-7593,26.68,81.2,Mismo_Dia,No,97.02
PKG-7594,22.52,687.2,Express,No,116.15
PKG-7595,1.1,440.3,Estandar,No,42.02
PKG-7596,4.61,35.1,Mismo_Dia,Si,52.51
PKG-7597,22.71,180.0,Mismo_Dia,No,85.92
PKG-7598,25.9,504.0,Estandar,No,88.95
PKG-7599,4.68,262.5,Express,No,50.3
PKG-7600,,379.4,Express,No,75.45
PKG-7601,1.67,199.1,Express,No,32.43
PKG-7602,24.57,584.7,Estandar,No,98.41
PKG-7603,5.27,422.2,Estandar,No,48.21
PKG-7604,23.42,31.7,Estandar,Si,67.41
PKG-7605,27.69,593.5,Express,No,112.83
PKG-7606,12.02,277.2,Express,Si,74.92
PKG-7607,11.28,510.3,Estandar,No,69.47
PKG-7608,4.3,391.8,Estandar,No,46.86
PKG-7609,11.85,466.9,Estandar,Si,80.69
PKG-7610,19.74,410.1,Mismo_Dia,No,104.69
PKG-7611,27.52,413.3,Express,No,103.67
PKG-7612,21.97,338.9,Estandar,No,71.53
PKG-7613,15.56,603.0,Express,No,99.0
PKG-7614,21.48,434.2,Express,Si,104.75
PKG-7615,0.53,583.5,Estandar,No,50.43
PKG-7616,5.86,395.8,Express,No,61.13
PKG-7617,14.69,,Mismo_Dia,No,99.37
PKG-7618,7.03,215.5,Mismo_Dia,Si,73.95
PKG-7619,24.04,657.8,Mismo_Dia,No,130.78
PKG-7620,20.03,711.6,Estandar,Si,108.81
PKG-7621,16.28,15.5,Express,No,51.44
PKG-7622,12.25,536.0,Mismo_Dia,No,103.47
PKG-7623,14.05,10.3,Estandar,Si,47.8
PKG-7624,17.3,250.8,Express,Si,79.82
PKG-7625,16.72,696.2,Express,No,111.52
PKG-7626,23.84,568.7,Express,Si,123.52
PKG-7627,16.23,617.4,Estandar,No,88.21
PKG-7628,23.65,234.8,Express,Si,92.71
PKG-7629,18.37,340.1,Estandar,No,62.13
PKG-7630,22.2,227.2,Estandar,No,61.14
PKG-7631,29.13,165.5,Express,No,85.68
PKG-7632,11.12,180.0,Estandar,No,35.5
PKG-7633,20.71,659.1,Estandar,No,95.43
PKG-7634,25.27,482.1,Express,Si,116.39
PKG-7635,18.26,631.1,Estandar,No,87.6
PKG-7636,25.03,620.2,Estandar,Si,110.19
PKG-7637,14.56,526.8,Estandar,No,73.01
PKG-7638,7.38,234.0,Mismo_Dia,No,61.23
PKG-7639,18.68,536.6,Estandar,No,84.44
PKG-7640,,321.9,Estandar,No,41.55
PKG-7641,27.2,588.7,Estandar,No,101.35
PKG-7642,19.15,731.1,Estandar,No,94.2
PKG-7643,14.26,113.9,Estandar,Si,49.71
PKG-7644,21.22,,Estandar,No,68.25
PKG-7645,11.54,239.9,Estandar,No,41.99
PKG-7646,22.04,166.4,Mismo_Dia,No,86.23
PKG-7647,26.91,513.5,Mismo_Dia,No,130.48
PKG-7648,,609.2,Express,No,114.54
PKG-7649,21.13,772.0,Express,No,119.0
PKG-7650,22.58,647.4,Express,No,108.32
PKG-7651,26.91,633.6,Estandar,No,101.45
PKG-7652,10.29,716.3,Express,No,92.31
PKG-7653,20.9,677.9,Express,No,104.76
PKG-7654,27.23,140.0,Express,No,76.72
PKG-7655,8.03,63.6,Mismo_Dia,Si,64.47
PKG-7656,20.03,226.3,Express,Si,80.16
PKG-7657,6.95,576.0,Express,Si,81.71
PKG-7658,29.82,134.2,Estandar,Si,81.02
PKG-7659,12.27,317.2,Express,No,59.8
PKG-7660,15.12,365.7,Mismo_Dia,Si,100.0
PKG-7661,18.17,84.5,Estandar,No,42.48
PKG-7662,29.85,612.3,Estandar,No,108.29
PKG-7663,7.34,137.8,Express,Si,59.53
PKG-7664,13.03,581.6,Estandar,No,76.51
PKG-7665,25.47,193.2,Estandar,No,58.14
PKG-7666,4.27,735.4,Estandar,No,64.16
PKG-7667,5.38,,Estandar,Si,25.1
PKG-7668,16.97,250.8,Express,Si,87.49
PKG-7669,8.32,290.9,Express,No,59.3
PKG-7670,23.06,517.7,Express,No,99.85
PKG-7671,20.03,557.1,Estandar,No,85.15
PKG-7672,20.34,449.9,Estandar,No,76.52
PKG-7673,21.74,313.3,Estandar,No,67.53
PKG-7674,17.14,690.2,Estandar,No,90.31
PKG-7675,29.32,744.6,Estandar,No,123.82
PKG-7676,4.87,776.2,Express,No,88.38
PKG-7677,29.14,141.3,Estandar,No,69.16
PKG-7678,6.37,34.9,Express,Si,44.98
PKG-7679,19.72,459.0,Express,No,91.31
PKG-7680,4.74,537.8,Estandar,No,53.31
PKG-7681,0.98,427.3,Estandar,No,34.34
PKG-7682,12.94,230.0,Estandar,No,46.27
PKG-7683,17.02,566.4,Express,No,95.95
PKG-7684,23.27,455.5,Estandar,No,81.07
PKG-7685,3.76,,Estandar,Si,49.0
PKG-7686,,774.9,Estandar,Si,125.04
PKG-7687,21.11,555.8,Estandar,Si,100.03
PKG-7688,12.66,44.2,Express,No,43.46
PKG-7689,7.08,356.0,Estandar,No,45.48
PKG-7690,5.03,322.2,Express,Si,65.13
PKG-7691,4.67,250.9,Express,No,50.73
PKG-7692,25.47,681.0,Express,No,127.15
PKG-7693,29.72,557.0,Mismo_Dia,No,139.85
PKG-7694,25.55,704.1,Estandar,No,108.76
PKG-7695,14.93,513.4,Estandar,No,75.25
PKG-7696,17.52,85.9,Estandar,Si,53.08
PKG-7697,19.88,87.7,Express,No,64.09
PKG-7698,18.53,144.3,Express,Si,81.42
PKG-7699,26.94,586.5,Estandar,No,97.05
PKG-7700,15.22,498.6,Estandar,No,69.9
PKG-7701,3.63,532.3,Estandar,Si,65.22
PKG-7702,15.22,275.7,Express,Si,76.48
PKG-7703,3.52,665.5,Express,No,78.4
PKG-7704,18.07,235.6,Estandar,No,55.48
PKG-7705,4.15,745.6,Estandar,No,77.37
PKG-7706,,,Estandar,No,96.46
PKG-7707,,699.4,Express,No,97.54
PKG-7708,9.0,597.8,Estandar,Si,85.04
PKG-7709,28.76,399.6,Estandar,No,92.15
PKG-7710,12.23,564.2,Mismo_Dia,No,105.32
PKG-7711,16.2,130.1,Estandar,No,47.79
PKG-7712,15.25,296.2,Estandar,No,53.33
PKG-7713,17.69,725.0,Estandar,No,98.83
PKG-7714,22.55,312.8,Estandar,No,66.8
PKG-7715,14.27,775.6,Express,No,97.1
PKG-7716,18.69,694.3,Estandar,No,90.24
PKG-7717,18.76,76.2,Estandar,No,51.47
PKG-7718,26.75,201.8,Estandar,No,60.89
PKG-7719,9.85,251.2,Express,No,60.48
PKG-7720,27.71,584.7,Express,No,120.72
PKG-7721,11.2,161.9,Express,Si,67.76
PKG-7722,15.49,693.9,Express,No,102.57
PKG-7723,4.07,401.0,Mismo_Dia,No,71.04
PKG-7724,22.57,67.0,Estandar,No,51.13
PKG-7725,27.78,615.7,Express,No,117.35
PKG-7726,26.68,147.7,Express,Si,98.22
PKG-7727,24.58,382.5,Estandar,No,80.09
PKG-7728,20.29,130.8,Mismo_Dia,No,78.0
PKG-7729,15.92,487.3,Estandar,No,78.59
PKG-7730,22.02,,Mismo_Dia,Si,118.08
PKG-7731,7.21,,Estandar,No,34.13
PKG-7732,27.39,,Estandar,Si,108.33
PKG-7733,11.89,750.1,Estandar,Si,105.0
PKG-7734,4.21,55.1,Mismo_Dia,No,43.52
PKG-7735,13.22,564.8,Estandar,No,74.38
PKG-7736,7.39,192.0,Estandar,Si,47.95
PKG-7737,21.19,,Express,Si,116.35
PKG-7738,13.45,389.8,Mismo_Dia,No,89.23
PKG-7739,18.44,33.2,Estandar,Si,57.45
PKG-7740,4.63,15.2,Express,Si,42.58
PKG-7741,24.44,277.7,Estandar,No,75.32
PKG-7742,9.18,614.2,Express,Si,90.57
PKG-7743,19.03,113.0,Estandar,No,46.94
PKG-7744,5.65,529.8,Estandar,No,56.82
PKG-7745,11.98,755.0,Express,No,102.11
PKG-7746,27.64,83.2,Estandar,No,58.06
PKG-7747,25.7,489.4,Estandar,No,91.41
PKG-7748,20.32,538.5,Express,No,99.11
PKG-7749,29.83,,Estandar,No,94.11
PKG-7750,6.72,,Estandar,No,64.49
PKG-7751,17.89,673.1,Express,No,105.75
PKG-7752,10.91,28.7,Express,No,40.66
PKG-7753,14.71,364.6,Estandar,Si,68.16
PKG-7754,8.57,333.1,Mismo_Dia,Si,91.34
PKG-7755,26.09,74.0,Mismo_Dia,No,92.97
PKG-7756,16.96,512.1,Estandar,No,78.01
PKG-7757,24.38,724.7,Estandar,No,116.55
PKG-7758,9.85,742.3,Estandar,No,78.59
PKG-7759,4.47,434.8,Express,No,61.52
PKG-7760,21.13,573.4,Estandar,No,89.61
PKG-7761,21.94,23.8,Estandar,No,47.28
PKG-7762,15.52,292.8,Estandar,No,52.16
PKG-7763,10.29,168.9,Estandar,No,32.86
PKG-7764,19.55,,Mismo_Dia,No,126.25
PKG-7765,24.69,449.1,Estandar,Si,94.63
PKG-7766,15.54,440.4,Express,No,76.91
PKG-7767,7.15,120.9,Estandar,No,26.76
PKG-7768,11.66,455.0,Estandar,No,59.84
PKG-7769,24.9,752.3,Mismo_Dia,Si,148.88
PKG-7770,22.73,332.4,Estandar,No,70.78
PKG-7771,24.94,731.9,Express,No,121.34
PKG-7772,,310.3,Express,Si,110.01
PKG-7773,4.27,24.9,Express,No,23.29
PKG-7774,14.25,655.4,Express,Si,109.59
PKG-7775,19.77,80.7,Mismo_Dia,No,78.66
PKG-7776,26.18,221.6,Express,No,88.36
PKG-7777,17.7,437.6,Express,Si,95.36
PKG-7778,22.51,585.6,Mismo_Dia,No,120.27
PKG-7779,15.92,585.1,Estandar,No,82.81
PKG-7780,24.75,115.8,Estandar,Si,73.43
PKG-7781,1.93,449.2,Express,No,54.17
PKG-7782,27.58,63.6,Estandar,No,59.63
PKG-7783,18.05,293.2,Express,No,75.3
PKG-7784,6.67,687.2,Mismo_Dia,No,101.69
PKG-7785,11.75,108.8,Estandar,No,31.69
PKG-7786,21.13,288.0,Estandar,No,62.84
PKG-7787,9.51,312.9,Mismo_Dia,No,76.16
PKG-7788,19.78,792.3,Estandar,No,104.14
PKG-7789,6.67,109.2,Express,No,42.78
PKG-7790,23.04,390.5,Estandar,No,82.65
PKG-7791,8.1,248.6,Estandar,Si,52.54
PKG-7792,4.64,697.9,Mismo_Dia,No,96.28
PKG-7793,20.67,33.6,Express,No,53.11
PKG-7794,17.43,97.1,Express,No,54.8
PKG-7795,2.2,715.0,Express,No,82.8
PKG-7796,7.37,508.4,Estandar,No,63.9
PKG-7797,21.28,243.8,Express,No,73.72
PKG-7798,17.31,495.7,Estandar,No,75.99
PKG-7799,21.45,218.6,Estandar,No,59.37
PKG-7800,20.84,740.4,Estandar,No,100.32
PKG-7801,19.66,688.9,Express,No,110.91
PKG-7802,26.99,723.5,Estandar,Si,125.08
PKG-7803,25.8,391.7,Estandar,Si,90.65
PKG-7804,17.45,174.2,Estandar,No,51.79
PKG-7805,11.17,412.3,Mismo_Dia,No,89.23
PKG-7806,1.31,605.5,Estandar,No,60.65
PKG-7807,12.06,768.2,Estandar,No,91.67
PKG-7808,8.51,364.5,Mismo_Dia,Si,90.43
PKG-7809,7.65,360.1,Estandar,No,46.79
PKG-7810,22.73,432.9,Mismo_Dia,Si,115.91
PKG-7811,23.03,144.5,Express,No,71.12
PKG-7812,27.72,379.4,Estandar,No,83.2
PKG-7813,5.29,117.0,Express,No,34.21
PKG-7814,2.46,532.7,Express,No,66.63
PKG-7815,26.84,157.5,Express,No,79.32
PKG-7816,2.57,794.6,Estandar,Si,80.53
PKG-7817,8.59,72.1,Mismo_Dia,Si,66.31
PKG-7818,15.03,105.1,Express,Si,67.12
PKG-7819,27.86,681.0,Estandar,No,107.35
PKG-7820,16.0,178.1,Estandar,No,45.94
PKG-7821,16.51,384.0,Express,Si,89.49
PKG-7822,5.98,61.1,Estandar,Si,36.06
PKG-7823,26.25,,Mismo_Dia,Si,127.72
PKG-7824,,401.4,Estandar,No,63.02
PKG-7825,23.84,406.9,Estandar,No,78.06
PKG-7826,7.36,516.0,Express,No,67.48
PKG-7827,5.59,296.9,Estandar,No,32.9
PKG-7828,0.74,,Mismo_Dia,No,91.07
PKG-7829,11.57,444.6,Express,Si,84.56
PKG-7830,15.06,267.4,Mismo_Dia,No,88.86
PKG-7831,25.68,75.6,Express,No,68.04
PKG-7832,12.51,10.8,Express,Si,48.75
PKG-7833,18.81,782.1,Estandar,No,105.12
PKG-7834,17.81,664.2,Estandar,No,90.58
PKG-7835,14.37,791.7,Express,No,111.97
PKG-7836,20.6,409.2,Express,No,80.34
PKG-7837,,363.2,Express,No,88.83
PKG-7838,22.2,123.9,Express,No,69.02
PKG-7839,11.38,233.5,Express,No,55.94
PKG-7840,12.69,628.7,Estandar,No,79.99
PKG-7841,14.16,512.3,Estandar,No,70.58
PKG-7842,29.45,384.9,Estandar,No,81.08
PKG-7843,23.05,750.9,Estandar,No,107.48
PKG-7844,6.96,577.5,Estandar,No,65.63
PKG-7845,9.58,440.8,Express,No,69.25
PKG-7846,18.51,524.3,Express,No,93.93
PKG-7847,25.23,,Estandar,Si,127.83
PKG-7848,15.48,428.5,Estandar,Si,75.8
PKG-7849,27.14,,Estandar,No,121.14
PKG-7850,11.08,238.8,Estandar,Si,53.78
PKG-7851,4.92,210.9,Estandar,No,37.62
PKG-7852,1.31,161.6,Express,No,32.13
PKG-7853,14.38,378.4,Express,No,70.24
PKG-7854,8.14,234.6,Estandar,No,40.06
PKG-7855,18.87,,Express,No,109.4
PKG-7856,5.89,10.6,Estandar,No,16.88
PKG-7857,8.59,648.3,Estandar,No,70.49
PKG-7858,3.61,789.7,Express,No,88.09
PKG-7859,6.96,86.6,Estandar,Si,37.1
PKG-7860,15.79,330.5,Express,No,76.53
PKG-7861,19.5,227.6,Express,Si,88.97
PKG-7862,5.37,,Express,No,71.11
PKG-7863,10.14,324.6,Mismo_Dia,No,74.01
PKG-7864,27.84,625.8,Estandar,Si,115.58
PKG-7865,1.58,,Estandar,Si,39.88
PKG-7866,,703.8,Mismo_Dia,No,104.91
PKG-7867,17.7,511.7,Estandar,No,78.23
PKG-7868,6.71,107.0,Estandar,No,28.73
PKG-7869,28.01,,Estandar,Si,104.18
PKG-7870,21.66,447.2,Estandar,Si,93.17
PKG-7871,17.02,545.5,Express,No,87.75
PKG-7872,11.98,155.8,Estandar,No,36.11
PKG-7873,12.59,461.4,Express,No,78.57
PKG-7874,24.74,491.5,Express,No,99.73
PKG-7875,28.26,653.5,Estandar,Si,118.38
PKG-7876,4.33,632.0,Estandar,No,64.45
PKG-7877,2.4,26.4,Express,No,24.5
PKG-7878,15.28,224.7,Express,No,67.96
PKG-7879,16.48,626.3,Express,No,95.94
PKG-7880,16.23,586.1,Estandar,No,80.3
PKG-7881,23.21,,Express,No,100.93
PKG-7882,16.17,366.1,Estandar,Si,82.98
PKG-7883,4.62,757.1,Estandar,No,73.27
PKG-7884,19.65,37.5,Express,No,64.03
PKG-7885,11.7,184.7,Estandar,No,43.09
PKG-7886,5.68,349.7,Express,Si,68.75
PKG-7887,24.8,,Express,No,110.7
PKG-7888,27.57,347.4,Express,No,97.21
PKG-7889,13.85,,Express,No,74.1
PKG-7890,,235.0,Express,Si,64.43
PKG-7891,4.93,341.9,Estandar,Si,60.87
PKG-7892,3.65,171.5,Mismo_Dia,No,53.43
PKG-7893,13.78,565.3,Estandar,No,69.16
PKG-7894,11.62,740.6,Mismo_Dia,Si,127.6
PKG-7895,3.96,194.2,Estandar,Si,41.22
PKG-7896,28.88,190.0,Express,No,92.26
PKG-7897,7.07,73.6,Estandar,No,18.16
PKG-7898,26.45,212.6,Estandar,No,71.86
PKG-7899,25.0,,Express,Si,99.43
PKG-7900,11.77,236.4,Estandar,No,39.04
PKG-7901,24.86,644.2,Express,No,119.9
PKG-7902,18.19,416.2,Express,Si,95.15
PKG-7903,1.25,435.7,Estandar,Si,51.69
PKG-7904,13.88,637.5,Estandar,No,80.65
PKG-7905,11.26,448.9,Mismo_Dia,No,95.36
PKG-7906,21.33,344.6,Express,No,89.05
PKG-7907,0.91,344.1,Express,No,46.47
PKG-7908,12.96,694.6,Express,Si,114.67
PKG-7909,12.28,570.1,Express,No,86.37
PKG-7910,3.08,701.1,Estandar,No,71.15
PKG-7911,3.83,168.6,Express,No,38.35
PKG-7912,7.18,668.9,Estandar,No,77.14
PKG-7913,23.93,207.1,Estandar,No,62.17
PKG-7914,4.04,,Estandar,No,20.12
PKG-7915,5.25,77.2,Express,No,33.21
PKG-7916,18.56,61.3,Estandar,No,45.33
PKG-7917,8.36,320.2,Express,No,57.34
PKG-7918,14.61,296.9,Estandar,No,51.55
PKG-7919,21.05,682.1,Mismo_Dia,No,127.38
PKG-7920,9.78,,Express,No,57.37
PKG-7921,26.26,280.9,Estandar,No,73.4
PKG-7922,3.7,426.0,Estandar,No,42.68
PKG-7923,11.68,296.7,Estandar,Si,60.62
PKG-7924,13.66,316.6,Mismo_Dia,No,85.35
PKG-7925,18.91,668.9,Estandar,No,88.55
PKG-7926,22.0,527.1,Estandar,No,82.69
PKG-7927,26.55,16.9,Estandar,No,55.23
PKG-7928,17.27,308.2,Express,No,73.06
PKG-7929,12.35,13.5,Express,No,36.29
PKG-7930,10.86,700.1,Express,No,90.21
PKG-7931,8.35,770.1,Estandar,No,86.04
PKG-7932,21.75,678.4,Mismo_Dia,Si,139.11
PKG-7933,5.87,157.8,Express,No,40.84
PKG-7934,7.24,524.8,Estandar,No,60.32
PKG-7935,27.36,283.2,Mismo_Dia,No,109.16
PKG-7936,8.69,37.1,Estandar,Si,40.43
PKG-7937,29.2,,Express,No,78.22
PKG-7938,1.28,227.0,Estandar,No,25.48
PKG-7939,24.69,247.1,Estandar,Si,78.94
PKG-7940,,254.6,Mismo_Dia,Si,117.55
PKG-7941,23.55,415.2,Estandar,No,79.78
PKG-7942,14.96,368.8,Estandar,Si,71.86
PKG-7943,5.93,72.9,Express,No,38.6
PKG-7944,16.05,,Estandar,No,54.72
PKG-7945,17.08,339.8,Estandar,Si,69.05
PKG-7946,21.38,759.7,Estandar,No,101.5
PKG-7947,27.52,532.2,Express,No,110.2
PKG-7948,17.05,492.4,Estandar,No,79.81
PKG-7949,14.32,433.7,Estandar,No,66.56
PKG-7950,22.67,185.1,Estandar,No,61.91
PKG-7951,23.21,49.2,Estandar,No,52.44
PKG-7952,,,Estandar,No,66.15
PKG-7953,26.98,127.5,Express,Si,91.04
PKG-7954,22.75,,Express,No,61.43
PKG-7955,3.47,341.8,Express,No,48.37
PKG-7956,27.2,527.2,Express,Si,115.92
PKG-7957,26.34,317.5,Estandar,No,82.03
PKG-7958,16.02,275.2,Express,No,72.31
PKG-7959,18.56,524.4,Estandar,Si,101.12
PKG-7960,24.31,630.3,Express,Si,123.45
PKG-7961,21.03,244.6,Estandar,No,59.97
PKG-7962,7.33,13.0,Express,No,34.13
PKG-7963,26.21,,Estandar,No,91.24
PKG-7964,28.0,320.1,Estandar,Si,95.36
PKG-7965,7.3,605.5,Estandar,No,64.85
PKG-7966,12.8,46.4,Express,Si,60.84
PKG-7967,16.02,344.1,Estandar,Si,76.03
PKG-7968,18.47,694.3,Express,No,104.33
PKG-7969,23.78,386.4,Express,No,88.57
PKG-7970,7.07,112.8,Mismo_Dia,No,52.24
PKG-7971,21.64,353.2,Estandar,No,69.25
PKG-7972,28.27,333.2,Mismo_Dia,No,117.46
PKG-7973,25.62,45.1,Express,No,68.49
PKG-7974,24.99,490.2,Estandar,No,87.16
PKG-7975,12.86,703.4,Estandar,No,83.82
PKG-7976,18.66,33.5,Express,No,60.39
PKG-7977,12.05,521.4,Estandar,No,66.16
PKG-7978,,376.5,Estandar,No,79.42
PKG-7979,27.32,527.3,Estandar,No,98.0
PKG-7980,27.04,582.2,Express,No,111.63
PKG-7981,19.31,519.1,Mismo_Dia,No,110.48
PKG-7982,29.24,757.6,Estandar,No,121.51
PKG-7983,2.25,186.0,Estandar,No,25.44
PKG-7984,28.0,770.1,Estandar,No,121.81
PKG-7985,1.36,84.2,Estandar,No,8.71
PKG-7986,1.23,530.2,Mismo_Dia,No,80.65
PKG-7987,,392.5,Express,Si,90.27
PKG-7988,23.97,179.3,Express,No,71.53
PKG-7989,20.28,570.2,Express,Si,112.94
PKG-7990,1.86,76.3,Mismo_Dia,No,47.82
PKG-7991,14.43,599.6,Estandar,No,83.16
PKG-7992,14.47,430.3,Mismo_Dia,No,96.5
PKG-7993,5.24,789.5,Estandar,No,86.69
PKG-7994,4.88,669.6,Mismo_Dia,No,95.26
PKG-7995,17.26,770.7,Express,No,120.08
PKG-7996,2.69,217.0,Express,No,33.41
PKG-7997,22.35,226.8,Express,No,78.19
PKG-7998,7.2,128.3,Estandar,No,30.47
PKG-7999,11.05,466.0,Express,Si,86.27
PKG-8000,20.71,673.9,Estandar,No,94.99
PKG-8001,18.34,50.5,Express,No,52.23
PKG-8002,3.54,513.4,Estandar,No,44.53
PKG-8003,,403.3,Estandar,Si,79.82
PKG-8004,4.08,100.2,Express,No,28.38
PKG-8005,9.04,171.6,Express,Si,59.81
PKG-8006,16.87,121.7,Mismo_Dia,Si,80.19
PKG-8007,,298.9,Express,Si,63.1
PKG-8008,18.43,317.0,Estandar,No,64.2
PKG-8009,,696.4,Express,No,100.64
PKG-8010,3.27,508.6,Express,No,62.59
PKG-8011,8.39,733.0,Mismo_Dia,No,110.7
PKG-8012,25.56,317.5,Estandar,No,75.62
PKG-8013,12.31,793.9,Express,No,107.48
PKG-8014,19.81,711.2,Mismo_Dia,No,128.82
PKG-8015,17.3,478.2,Express,No,89.94
PKG-8016,18.12,748.8,Express,Si,119.85
PKG-8017,18.62,739.5,Estandar,No,96.83
PKG-8018,6.92,209.3,Express,No,48.91
PKG-8019,17.96,82.3,Estandar,No,48.8
PKG-8020,4.18,189.4,Express,No,38.88
PKG-8021,27.7,66.2,Estandar,No,68.38
PKG-8022,4.37,345.1,Mismo_Dia,Si,82.83
PKG-8023,2.6,155.8,Estandar,No,18.82
PKG-8024,17.85,194.6,Express,No,67.02
PKG-8025,3.62,241.6,Estandar,No,31.41
PKG-8026,14.08,511.0,Estandar,No,72.03
PKG-8027,14.81,789.2,Express,No,112.48
PKG-8028,19.93,319.7,Estandar,Si,77.86
PKG-8029,12.45,456.0,Estandar,No,64.44
PKG-8030,3.94,10.6,Estandar,No,16.65
PKG-8031,4.79,346.6,Estandar,No,37.86
PKG-8032,14.89,36.0,Express,No,53.85
PKG-8033,8.46,,Mismo_Dia,No,96.27
PKG-8034,8.23,369.5,Express,No,62.41
PKG-8035,11.99,251.7,Mismo_Dia,No,76.93
PKG-8036,11.73,23.2,Estandar,No,32.74
PKG-8037,23.94,80.3,Mismo_Dia,No,82.42
PKG-8038,27.21,105.4,Express,No,76.92
PKG-8039,29.14,719.3,Estandar,No,119.47
PKG-8040,9.68,670.1,Express,No,89.18
PKG-8041,6.91,628.3,Estandar,No,70.59
PKG-8042,15.88,293.5,Estandar,No,50.62
PKG-8043,20.52,670.4,Express,No,106.31
PKG-8044,24.83,351.0,Estandar,Si,82.6
PKG-8045,9.67,574.6,Estandar,No,75.55
PKG-8046,28.86,763.1,Estandar,No,113.48
PKG-8047,19.94,400.1,Express,No,88.38
PKG-8048,18.45,113.8,Mismo_Dia,No,75.5
PKG-8049,,772.1,Mismo_Dia,No,139.67
PKG-8050,29.87,624.3,Estandar,Si,121.67
PKG-8051,14.22,363.3,Mismo_Dia,Si,104.11
PKG-8052,2.43,54.5,Express,No,31.64
PKG-8053,17.48,92.1,Estandar,Si,55.05
PKG-8054,17.17,605.0,Estandar,No,85.93
PKG-8055,8.9,577.2,Mismo_Dia,No,93.94
PKG-8056,15.81,456.8,Express,No,84.65
PKG-8057,20.2,331.8,Express,No,77.42
PKG-8058,,571.1,Express,Si,99.34
PKG-8059,16.48,367.8,Estandar,No,59.41
PKG-8060,2.87,40.3,Mismo_Dia,Si,53.9
PKG-8061,9.65,559.8,Estandar,No,68.77
PKG-8062,29.72,653.4,Express,No,119.45
PKG-8063,16.0,213.4,Mismo_Dia,No,83.14
PKG-8064,20.49,124.5,Estandar,No,49.87
PKG-8065,,167.6,Express,No,69.8
PKG-8066,9.35,258.3,Estandar,No,46.74
PKG-8067,5.21,752.1,Express,No,86.74
PKG-8068,5.69,336.3,Mismo_Dia,No,66.75
PKG-8069,12.21,29.7,Express,No,44.1
PKG-8070,0.67,279.1,Express,No,41.73
PKG-8071,21.48,499.3,Estandar,No,81.82
PKG-8072,11.56,68.6,Estandar,No,34.01
PKG-8073,2.64,205.8,Express,Si,51.14
PKG-8074,9.12,709.5,Express,No,92.89
PKG-8075,28.5,611.6,Estandar,No,105.42
PKG-8076,,682.0,Estandar,No,106.27
PKG-8077,13.31,27.5,Estandar,No,27.61
PKG-8078,2.45,18.1,Express,No,24.58
PKG-8079,24.93,211.7,Express,No,81.21
PKG-8080,12.54,,Express,No,78.83
PKG-8081,14.55,355.1,Estandar,No,60.98
PKG-8082,24.61,589.3,Estandar,Si,112.59
PKG-8083,14.2,254.8,Express,Si,70.91
PKG-8084,2.88,178.6,Estandar,No,26.62
PKG-8085,11.76,799.3,Estandar,Si,102.49
PKG-8086,3.0,402.9,Estandar,No,49.51
PKG-8087,14.97,302.2,Estandar,No,51.74
PKG-8088,6.61,551.7,Estandar,No,64.96
PKG-8089,15.69,737.0,Estandar,No,94.1
PKG-8090,29.96,234.4,Express,Si,106.04
PKG-8091,4.55,480.3,Estandar,Si,59.34
PKG-8092,9.11,714.0,Estandar,No,78.95
PKG-8093,5.82,56.7,Express,No,38.95
PKG-8094,22.59,634.1,Express,No,101.09
PKG-8095,0.6,265.3,Express,No,37.65
PKG-8096,3.78,332.3,Express,Si,61.62
PKG-8097,29.95,316.3,Mismo_Dia,Si,121.77
PKG-8098,11.12,323.4,Estandar,No,49.3
PKG-8099,22.18,724.1,Estandar,No,103.24
PKG-8100,19.31,791.4,Mismo_Dia,No,126.59
PKG-8101,11.21,220.2,Express,No,57.04
PKG-8102,22.17,399.3,Estandar,No,74.1
PKG-8103,9.76,471.1,Express,No,74.55
PKG-8104,6.85,298.9,Express,Si,61.14
PKG-8105,29.4,331.6,Estandar,No,86.01
PKG-8106,14.84,36.5,Estandar,No,32.74
PKG-8107,6.48,458.4,Estandar,No,57.74
PKG-8108,19.75,367.2,Mismo_Dia,No,98.92
PKG-8109,28.64,759.8,Estandar,No,112.32
PKG-8110,28.76,505.8,Express,No,113.72
PKG-8111,28.07,370.8,Mismo_Dia,Si,124.95
PKG-8112,,676.7,Express,No,92.37
PKG-8113,22.65,792.6,Mismo_Dia,No,138.24
PKG-8114,15.06,130.4,Express,No,56.31
PKG-8115,10.29,415.9,Express,Si,81.05
PKG-8116,3.34,163.9,Estandar,No,22.94
PKG-8117,18.74,21.4,Mismo_Dia,No,62.89
PKG-8118,14.51,43.5,Estandar,No,35.69
PKG-8119,6.45,210.6,Estandar,Si,38.22
PKG-8120,7.91,528.2,Express,No,73.94
PKG-8121,8.21,703.9,Estandar,No,77.62
PKG-8122,2.99,65.1,Estandar,No,11.94
PKG-8123,27.23,386.6,Estandar,Si,99.95
PKG-8124,,382.7,Express,No,72.65
PKG-8125,22.26,156.8,Estandar,No,56.76
PKG-8126,22.17,785.1,Express,Si,128.21
PKG-8127,,12.6,Estandar,Si,24.0
PKG-8128,25.71,,Express,No,111.04
PKG-8129,21.45,100.9,Estandar,No,48.9
PKG-8130,26.33,467.9,Express,No,100.35
PKG-8131,11.77,142.5,Express,No,51.03
PKG-8132,9.09,160.4,Express,Si,57.23
PKG-8133,1.5,273.4,Estandar,No,28.06
PKG-8134,6.14,206.0,Express,No,41.73
PKG-8135,21.6,734.2,Express,Si,132.07
PKG-8136,18.81,474.8,Express,No,90.72
PKG-8137,1.61,656.8,Express,No,74.21
PKG-8138,6.86,191.7,Express,No,48.74
PKG-8139,27.82,,Estandar,No,105.18
PKG-8140,7.53,494.1,Mismo_Dia,Si,103.26
PKG-8141,10.0,19.4,Estandar,No,28.59
PKG-8142,21.57,,Estandar,No,92.36
PKG-8143,21.63,89.2,Express,No,59.03
PKG-8144,22.24,510.7,Estandar,No,84.78
PKG-8145,13.67,632.6,Estandar,No,86.26
PKG-8146,2.27,554.3,Express,No,73.67
PKG-8147,15.33,461.5,Estandar,No,70.3
PKG-8148,0.95,72.2,Express,Si,38.78
PKG-8149,0.94,586.5,Mismo_Dia,Si,97.32
PKG-8150,23.25,400.9,Estandar,No,78.79
PKG-8151,0.92,751.1,Express,No,78.62
PKG-8152,12.99,448.4,Express,No,79.83
PKG-8153,3.09,333.3,Mismo_Dia,No,66.74
PKG-8154,6.43,63.8,Mismo_Dia,No,49.64
PKG-8155,17.45,706.6,Estandar,No,90.82
PKG-8156,29.52,259.5,Express,No,90.59
PKG-8157,3.06,187.5,Estandar,Si,37.82
PKG-8158,9.7,718.4,Estandar,Si,83.21
PKG-8159,29.41,541.3,Estandar,Si,113.52
PKG-8160,12.41,472.4,Express,No,80.15
PKG-8161,,590.8,Estandar,No,61.14
PKG-8162,13.52,289.6,Mismo_Dia,No,76.48
PKG-8163,4.95,655.8,Express,No,79.39
PKG-8164,14.0,799.2,Estandar,No,93.26
PKG-8165,18.89,773.0,Estandar,No,103.61
PKG-8166,4.34,40.7,Express,Si,45.37
PKG-8167,24.87,452.4,Estandar,No,89.17
PKG-8168,8.9,540.2,Mismo_Dia,No,90.66
PKG-8169,8.72,142.8,Express,Si,52.8
PKG-8170,23.54,234.3,Express,Si,89.24
PKG-8171,23.46,737.1,Estandar,Si,111.94
PKG-8172,14.85,,Express,No,81.31
PKG-8173,0.74,661.2,Mismo_Dia,Si,98.06
PKG-8174,7.16,621.2,Estandar,No,67.52
PKG-8175,2.39,564.0,Estandar,Si,68.62
PKG-8176,3.45,,Estandar,No,57.86
PKG-8177,10.99,136.7,Estandar,No,33.89
PKG-8178,13.81,332.3,Express,Si,84.16
PKG-8179,5.52,178.6,Express,No,43.63
PKG-8180,10.35,618.7,Mismo_Dia,No,104.44
PKG-8181,25.28,796.6,Estandar,Si,126.44
PKG-8182,8.28,434.3,Express,No,67.77
PKG-8183,28.05,461.8,Express,No,99.88
PKG-8184,29.6,309.3,Express,No,91.88
PKG-8185,8.88,570.2,Estandar,No,68.49
PKG-8186,1.16,54.0,Estandar,No,10.11
PKG-8187,23.7,440.4,Estandar,No,81.19
PKG-8188,,348.2,Estandar,Si,70.03
PKG-8189,14.88,83.8,Estandar,No,36.48
PKG-8190,15.93,329.6,Estandar,No,52.84
PKG-8191,29.76,240.3,Estandar,Si,87.31
PKG-8192,18.84,226.7,Estandar,Si,66.63
PKG-8193,,725.3,Estandar,Si,82.37
PKG-8194,7.76,512.2,Estandar,Si,76.07
PKG-8195,20.34,467.3,Mismo_Dia,No,107.44
PKG-8196,12.42,456.3,Mismo_Dia,No,95.44
PKG-8197,17.07,395.9,Estandar,No,67.56
PKG-8198,10.04,567.0,Estandar,No,67.95
PKG-8199,28.86,192.5,Express,No,82.17
PKG-8200,20.04,259.1,Mismo_Dia,Si,105.42
PKG-8201,28.64,366.3,Express,No,98.75
PKG-8202,22.41,396.5,Estandar,No,75.62
PKG-8203,8.19,544.4,Express,No,74.75
PKG-8204,26.8,747.1,Estandar,No,113.78
PKG-8205,27.59,555.9,Express,No,117.88
PKG-8206,16.03,361.4,Express,No,75.68
PKG-8207,24.93,439.5,Estandar,No,87.4
PKG-8208,14.73,600.2,Estandar,No,89.31
PKG-8209,3.64,,Express,Si,70.4
PKG-8210,29.91,195.6,Estandar,No,83.3
PKG-8211,29.95,,Estandar,No,88.58
PKG-8212,2.49,78.9,Express,No,27.51
PKG-8213,11.19,,Mismo_Dia,No,69.25
PKG-8214,25.79,502.7,Mismo_Dia,No,121.16
PKG-8215,19.32,361.8,Express,No,81.32
PKG-8216,27.07,587.3,Express,No,115.7
PKG-8217,10.22,444.0,Estandar,Si,72.68
PKG-8218,24.39,143.6,Estandar,No,59.74
PKG-8219,2.73,559.8,Mismo_Dia,No,90.06
PKG-8220,26.71,651.2,Express,No,115.48
PKG-8221,27.66,85.1,Estandar,No,63.67
PKG-8222,17.85,19.4,Express,No,49.25
PKG-8223,28.07,755.3,Mismo_Dia,Si,157.94
PKG-8224,13.87,658.8,Estandar,No,87.36
PKG-8225,20.46,530.7,Express,No,92.87
PKG-8226,5.24,13.1,Express,No,33.27
PKG-8227,8.64,651.3,Mismo_Dia,No,98.29
PKG-8228,7.02,198.6,Express,No,50.82
PKG-8229,,402.7,Estandar,No,58.46
PKG-8230,17.62,122.2,Estandar,Si,50.61
PKG-8231,16.17,230.1,Mismo_Dia,No,80.73
PKG-8232,,499.6,Estandar,No,55.88
PKG-8233,3.12,253.2,Mismo_Dia,No,62.15
PKG-8234,,100.9,Estandar,No,40.28
PKG-8235,13.83,112.7,Express,No,50.43
PKG-8236,18.29,81.2,Estandar,No,50.36
PKG-8237,2.85,702.0,Express,No,84.46
PKG-8238,10.47,474.2,Estandar,No,62.15
PKG-8239,3.19,371.0,Express,No,48.64
PKG-8240,27.04,367.5,Express,Si,107.5
PKG-8241,10.99,614.8,Estandar,No,76.08
PKG-8242,12.11,675.8,Estandar,No,81.52
PKG-8243,22.03,582.8,Estandar,No,89.99
PKG-8244,20.69,391.2,Estandar,No,75.9
PKG-8245,4.62,127.0,Express,No,45.29
PKG-8246,14.32,530.6,Express,No,92.03
PKG-8247,26.19,403.2,Express,No,95.18
PKG-8248,14.33,692.5,Mismo_Dia,No,115.28
PKG-8249,19.06,338.3,Estandar,No,62.34
PKG-8250,27.14,,Express,No,124.33
PKG-8251,5.25,559.1,Mismo_Dia,Si,100.78
PKG-8252,3.86,31.2,Express,No,26.69
PKG-8253,18.76,610.9,Express,No,92.99
PKG-8254,5.48,18.4,Express,Si,43.06
PKG-8255,13.75,574.8,Express,No,92.25
PKG-8256,19.09,635.6,Express,Si,114.7
PKG-8257,12.25,505.1,Estandar,Si,76.8
PKG-8258,29.24,263.6,Estandar,No,85.81
PKG-8259,27.61,82.7,Mismo_Dia,Si,103.29
PKG-8260,14.58,268.2,Mismo_Dia,No,78.13
PKG-8261,11.49,607.6,Estandar,No,71.93
PKG-8262,20.43,361.8,Express,No,85.79
PKG-8263,6.61,23.5,Express,Si,43.72
PKG-8264,11.88,222.0,Express,No,57.01
PKG-8265,13.45,733.9,Estandar,No,85.4
PKG-8266,13.1,665.8,Express,Si,109.02
PKG-8267,22.97,675.9,Express,No,115.5
PKG-8268,,495.1,Express,Si,108.81
PKG-8269,7.05,16.9,Express,No,35.7
PKG-8270,,600.9,Express,No,78.04
PKG-8271,1.38,196.8,Estandar,No,25.23
PKG-8272,4.49,495.1,Express,Si,74.11
PKG-8273,3.46,86.3,Estandar,No,17.57
PKG-8274,6.26,557.3,Estandar,No,54.4
PKG-8275,27.82,467.0,Estandar,No,94.96
PKG-8276,0.51,152.5,Estandar,No,15.19
PKG-8277,14.91,318.0,Express,No,70.47
PKG-8278,13.53,417.6,Express,Si,85.28
PKG-8279,19.33,340.6,Estandar,No,68.3
PKG-8280,26.73,671.0,Estandar,No,111.75
PKG-8281,17.9,203.7,Mismo_Dia,No,89.43
PKG-8282,11.62,596.1,Estandar,No,71.7
PKG-8283,17.74,561.9,Express,Si,105.02
PKG-8284,24.73,22.6,Estandar,No,49.06
PKG-8285,5.39,203.3,Express,No,43.33
PKG-8286,7.6,757.7,Estandar,No,85.41
PKG-8287,7.74,280.4,Estandar,No,43.77
PKG-8288,24.14,252.4,Express,Si,91.1
PKG-8289,1.56,425.9,Mismo_Dia,No,72.84
PKG-8290,1.55,636.3,Mismo_Dia,No,85.89
PKG-8291,19.28,473.2,Express,No,95.14
PKG-8292,18.69,762.4,Express,Si,130.98
PKG-8293,20.65,145.0,Express,No,65.92
PKG-8294,1.68,,Express,No,49.06
PKG-8295,9.06,23.2,Mismo_Dia,No,44.48
PKG-8296,,180.4,Estandar,No,35.07
PKG-8297,,337.1,Express,Si,67.1
PKG-8298,11.18,143.9,Estandar,No,33.46
PKG-8299,28.08,135.0,Estandar,Si,81.71
PKG-8300,22.57,374.6,Estandar,Si,88.15
PKG-8301,8.95,220.3,Express,No,55.01
PKG-8302,27.11,99.5,Estandar,No,63.64
PKG-8303,19.37,,Estandar,Si,89.9
PKG-8304,,650.6,Estandar,No,66.0
PKG-8305,16.23,638.2,Express,No,91.48
PKG-8306,14.9,162.9,Express,No,59.13
PKG-8307,4.75,313.5,Express,Si,59.48
PKG-8308,15.02,730.5,Estandar,No,90.97
PKG-8309,28.02,169.6,Express,No,74.8
PKG-8310,1.1,535.9,Estandar,No,48.34
PKG-8311,,537.2,Express,No,73.1
PKG-8312,,699.3,Mismo_Dia,No,101.72
PKG-8313,5.41,254.0,Estandar,No,35.53
PKG-8314,27.64,528.0,Mismo_Dia,No,129.07
PKG-8315,18.48,39.1,Mismo_Dia,No,65.83
PKG-8316,23.26,245.4,Estandar,Si,84.12
PKG-8317,19.29,675.8,Express,No,112.91
PKG-8318,5.21,478.8,Estandar,No,55.17
PKG-8319,20.1,774.6,Estandar,No,107.89
PKG-8320,10.98,83.3,Estandar,No,28.24
PKG-8321,4.88,216.6,Express,No,36.85
PKG-8322,27.37,465.6,Express,No,103.78
PKG-8323,14.11,221.5,Estandar,Si,61.01
PKG-8324,10.11,480.8,Estandar,No,57.94
PKG-8325,25.79,363.9,Express,No,94.85
PKG-8326,1.95,302.3,Mismo_Dia,No,61.13
PKG-8327,21.48,300.7,Estandar,No,72.82
PKG-8328,,289.9,Estandar,No,65.92
PKG-8329,7.21,431.1,Mismo_Dia,No,81.31
PKG-8330,1.98,162.9,Mismo_Dia,Si,59.52
PKG-8331,21.88,586.9,Express,No,101.37
PKG-8332,2.81,235.4,Mismo_Dia,No,61.41
PKG-8333,4.09,113.7,Estandar,Si,36.05
PKG-8334,16.25,755.4,Express,Si,129.27
PKG-8335,13.28,418.3,Estandar,No,54.18
PKG-8336,12.84,513.2,Estandar,No,67.83
PKG-8337,18.36,307.2,Express,No,77.51
PKG-8338,26.57,272.2,Express,Si,96.37
PKG-8339,12.7,703.5,Estandar,No,83.08
PKG-8340,25.95,298.5,Mismo_Dia,No,104.03
PKG-8341,8.98,488.7,Mismo_Dia,No,89.18
PKG-8342,20.61,777.6,Estandar,No,108.08
PKG-8343,6.48,727.7,Estandar,Si,85.65
PKG-8344,9.78,643.0,Express,No,91.86
PKG-8345,11.87,192.4,Estandar,No,42.65
PKG-8346,26.56,164.7,Estandar,No,64.33
PKG-8347,1.86,126.2,Estandar,No,26.93
PKG-8348,,127.9,Express,No,28.28
PKG-8349,19.28,685.7,Estandar,No,99.51
PKG-8350,8.32,186.5,Express,No,47.36
PKG-8351,2.3,275.1,Mismo_Dia,No,65.07
PKG-8352,,,Estandar,No,81.07
PKG-8353,15.58,422.5,Estandar,Si,74.84
PKG-8354,20.55,558.6,Express,Si,111.69
PKG-8355,7.55,162.1,Express,Si,60.56
PKG-8356,27.97,395.9,Estandar,No,88.24
PKG-8357,15.35,417.9,Estandar,No,62.19
PKG-8358,0.88,179.9,Estandar,No,25.87
PKG-8359,4.38,593.2,Express,No,73.43
PKG-8360,13.79,94.5,Estandar,No,37.84
PKG-8361,20.06,138.7,Express,No,71.31
PKG-8362,27.77,508.6,Estandar,No,104.53
PKG-8363,4.99,603.1,Mismo_Dia,Si,102.48
PKG-8364,11.7,166.2,Mismo_Dia,No,67.92
PKG-8365,11.94,50.6,Mismo_Dia,No,63.1
PKG-8366,28.84,620.9,Mismo_Dia,No,137.58
PKG-8367,14.22,61.6,Estandar,No,35.19
PKG-8368,2.58,728.3,Express,Si,87.1
PKG-8369,28.98,506.0,Express,No,106.57
PKG-8370,22.1,350.4,Estandar,No,72.34
PKG-8371,23.09,172.6,Express,No,73.78
PKG-8372,,390.5,Mismo_Dia,Si,89.61
PKG-8373,3.93,,Express,No,83.18
PKG-8374,26.1,457.2,Express,Si,112.31
PKG-8375,7.73,719.5,Estandar,No,76.28
PKG-8376,4.84,147.5,Express,No,41.97
PKG-8377,2.04,552.3,Estandar,Si,67.69
PKG-8378,8.12,213.8,Estandar,Si,40.49
PKG-8379,29.65,379.2,Express,No,103.4
PKG-8380,4.46,727.0,Express,No,80.82
PKG-8381,29.31,315.7,Estandar,No,78.55
PKG-8382,9.68,178.1,Express,No,49.65
PKG-8383,25.69,43.1,Estandar,Si,66.71
PKG-8384,,708.1,Mismo_Dia,No,107.09
PKG-8385,25.42,644.8,Mismo_Dia,No,126.66
PKG-8386,5.03,747.0,Mismo_Dia,Si,118.09
PKG-8387,,,Mismo_Dia,Si,113.03
PKG-8388,28.37,798.0,Estandar,No,119.37
PKG-8389,16.18,263.9,Express,Si,79.21
PKG-8390,3.1,406.4,Express,No,60.19
PKG-8391,24.85,362.0,Estandar,No,80.03
PKG-8392,18.53,190.5,Express,No,66.68
PKG-8393,,309.2,Express,No,67.06
PKG-8394,28.27,624.1,Express,No,118.81
PKG-8395,5.87,599.4,Estandar,No,66.12
PKG-8396,4.43,34.9,Express,Si,39.7
PKG-8397,28.78,570.8,Express,No,114.31
PKG-8398,18.42,738.7,Mismo_Dia,No,127.27
PKG-8399,,277.7,Mismo_Dia,No,113.43
PKG-8400,5.61,519.0,Estandar,No,56.04
PKG-8401,,710.4,Express,No,110.54
PKG-8402,18.97,616.0,Express,No,97.75
PKG-8403,6.34,88.5,Mismo_Dia,No,52.59
PKG-8404,12.25,183.2,Estandar,No,43.66
PKG-8405,24.68,686.1,Express,Si,132.14
PKG-8406,16.85,663.9,Express,No,98.16
PKG-8407,7.01,77.2,Mismo_Dia,No,54.38
PKG-8408,7.72,198.1,Estandar,No,33.52
PKG-8409,19.51,696.0,Express,No,108.82
PKG-8410,11.17,375.1,Mismo_Dia,No,93.45
PKG-8411,26.45,17.5,Estandar,No,59.36
PKG-8412,21.4,,Estandar,No,104.63
PKG-8413,6.93,693.0,Estandar,No,78.05
PKG-8414,13.33,40.3,Mismo_Dia,No,54.57
PKG-8415,1.99,558.2,Express,No,70.16
PKG-8416,12.33,321.4,Estandar,No,49.79
PKG-8417,4.19,192.4,Estandar,No,29.33
PKG-8418,9.53,676.0,Express,No,88.34
PKG-8419,20.17,102.8,Mismo_Dia,No,89.8
PKG-8420,27.71,793.7,Express,Si,146.06
PKG-8421,3.99,557.2,Express,No,75.29
PKG-8422,2.65,244.8,Estandar,No,27.77
PKG-8423,7.63,463.2,Estandar,Si,69.55
PKG-8424,19.99,477.0,Estandar,Si,91.12
PKG-8425,28.7,552.2,Express,No,109.28
PKG-8426,27.13,535.3,Express,No,111.31
PKG-8427,18.8,228.0,Estandar,No,57.14
PKG-8428,26.09,27.6,Express,No,73.39
PKG-8429,24.89,87.4,Estandar,No,60.58
PKG-8430,25.06,26.8,Mismo_Dia,No,75.74
PKG-8431,17.26,317.4,Estandar,No,55.38
PKG-8432,13.21,311.2,Estandar,No,52.68
PKG-8433,11.49,118.3,Express,No,48.68
PKG-8434,11.09,629.6,Estandar,No,81.71
PKG-8435,2.55,214.9,Estandar,No,23.88
PKG-8436,18.87,731.2,Express,Si,119.03
PKG-8437,13.71,22.1,Estandar,No,38.4
PKG-8438,0.88,240.6,Mismo_Dia,No,55.51
PKG-8439,9.01,413.2,Express,No,63.18
PKG-8440,12.05,643.3,Express,Si,107.67
PKG-8441,9.93,265.2,Mismo_Dia,No,69.78
PKG-8442,12.09,10.8,Mismo_Dia,No,57.07
PKG-8443,26.55,341.4,Express,No,92.13
PKG-8444,8.48,214.1,Estandar,Si,43.91
PKG-8445,,420.0,Estandar,Si,96.35
PKG-8446,5.72,738.7,Estandar,No,71.92
PKG-8447,3.79,187.3,Estandar,No,29.35
PKG-8448,1.15,,Estandar,No,15.84
PKG-8449,9.38,647.4,Estandar,No,77.9
PKG-8450,1.31,388.2,Express,Si,63.6
PKG-8451,11.8,238.0,Estandar,Si,60.74
PKG-8452,8.3,306.3,Express,No,60.27
PKG-8453,3.53,279.4,Mismo_Dia,No,59.5
PKG-8454,15.2,136.7,Estandar,No,41.94
PKG-8455,1.01,412.7,Express,Si,62.74
PKG-8456,25.51,673.6,Estandar,Si,109.86
PKG-8457,,34.2,Estandar,Si,59.93
PKG-8458,1.93,280.4,Express,No,39.7
PKG-8459,23.09,503.0,Estandar,No,87.93
PKG-8460,6.43,203.6,Express,Si,57.12
PKG-8461,10.57,674.6,Mismo_Dia,No,102.45
PKG-8462,13.49,455.7,Estandar,No,67.06
PKG-8463,14.94,213.5,Express,No,62.04
PKG-8464,19.19,567.5,Mismo_Dia,No,117.93
PKG-8465,23.39,256.6,Estandar,No,70.85
PKG-8466,3.06,189.6,Estandar,No,24.94
PKG-8467,22.25,720.6,Estandar,No,96.99
PKG-8468,13.6,513.6,Estandar,No,68.77
PKG-8469,16.92,644.9,Express,Si,114.5
PKG-8470,15.28,746.1,Estandar,Si,99.44
PKG-8471,1.67,358.7,Estandar,No,36.84
PKG-8472,22.97,43.6,Mismo_Dia,No,82.73
PKG-8473,20.09,17.4,Mismo_Dia,Si,86.48
PKG-8474,15.87,177.7,Express,No,60.29
PKG-8475,21.71,,Estandar,No,84.44
PKG-8476,14.0,699.2,Estandar,Si,97.89
PKG-8477,10.16,268.1,Express,Si,69.73
PKG-8478,8.11,646.1,Mismo_Dia,No,98.05
PKG-8479,26.63,795.2,Express,No,126.97
PKG-8480,25.08,170.3,Express,No,72.9
PKG-8481,23.39,252.9,Estandar,No,62.76
PKG-8482,7.57,452.4,Mismo_Dia,Si,95.61
PKG-8483,20.01,797.0,Estandar,Si,113.65
PKG-8484,23.75,490.2,Mismo_Dia,No,117.71
PKG-8485,18.4,605.0,Express,No,97.85
PKG-8486,16.93,,Express,Si,112.29
PKG-8487,,238.6,Express,No,76.03
PKG-8488,10.17,75.5,Express,No,45.7
PKG-8489,22.59,346.6,Express,No,91.23
PKG-8490,19.51,721.9,Express,No,104.44
PKG-8491,8.54,201.4,Mismo_Dia,No,65.54
PKG-8492,25.19,714.8,Estandar,No,101.63
PKG-8493,6.1,54.6,Estandar,No,21.33
PKG-8494,16.09,750.4,Estandar,No,95.01
PKG-8495,6.45,334.5,Express,No,57.09
PKG-8496,7.65,88.1,Estandar,No,23.68
PKG-8497,2.55,469.9,Estandar,No,49.81
PKG-8498,12.68,365.9,Estandar,No,50.37
PKG-8499,,,Estandar,No,38.87
PKG-8500,14.76,619.5,Estandar,No,82.51
PKG-8501,21.62,,Express,No,109.92
PKG-8502,20.13,785.5,Estandar,Si,116.89
PKG-8503,18.71,369.6,Express,No,84.23
PKG-8504,19.74,500.8,Estandar,No,85.68
PKG-8505,11.98,389.1,Estandar,No,57.23
PKG-8506,25.66,581.6,Estandar,No,103.24
PKG-8507,0.89,169.6,Mismo_Dia,Si,61.61
PKG-8508,1.28,231.1,Estandar,No,21.96
PKG-8509,8.14,98.2,Estandar,No,26.0
PKG-8510,25.51,330.4,Express,No,91.66
PKG-8511,1.17,147.7,Estandar,No,22.31
PKG-8512,6.96,,Estandar,No,19.09
PKG-8513,26.35,174.8,Estandar,No,69.19
PKG-8514,14.6,244.3,Estandar,No,55.24
PKG-8515,28.24,32.2,Estandar,No,57.35
PKG-8516,4.5,463.2,Estandar,No,50.41
PKG-8517,8.96,536.3,Mismo_Dia,No,90.7
PKG-8518,29.93,358.3,Mismo_Dia,No,121.67
PKG-8519,4.05,310.2,Express,Si,65.8
PKG-8520,14.09,214.2,Express,No,56.99
PKG-8521,26.23,111.9,Estandar,No,60.74
PKG-8522,26.11,496.6,Estandar,No,93.26
PKG-8523,11.96,334.9,Mismo_Dia,No,81.17
PKG-8524,12.88,755.6,Express,Si,114.67
PKG-8525,17.71,564.3,Mismo_Dia,No,115.4
PKG-8526,28.46,621.2,Estandar,No,105.13
PKG-8527,23.37,634.1,Estandar,No,99.05
PKG-8528,20.49,,Mismo_Dia,No,103.67
PKG-8529,9.63,238.6,Express,Si,67.52
PKG-8530,25.45,437.4,Estandar,No,87.44
PKG-8531,1.05,549.1,Estandar,No,54.53
PKG-8532,28.82,105.0,Estandar,No,66.6
PKG-8533,6.99,408.9,Estandar,No,49.96
PKG-8534,21.13,,Express,No,65.3
PKG-8535,10.47,633.7,Mismo_Dia,No,106.83
PKG-8536,14.55,279.3,Mismo_Dia,No,82.6
PKG-8537,17.98,448.7,Estandar,No,75.31
PKG-8538,17.79,496.7,Estandar,No,77.85
PKG-8539,3.42,725.3,Estandar,No,71.13
PKG-8540,2.49,398.9,Estandar,No,45.59
PKG-8541,13.6,553.8,Mismo_Dia,Si,118.24
PKG-8542,17.75,649.7,Mismo_Dia,No,116.31
PKG-8543,19.47,309.7,Express,Si,84.14
PKG-8544,11.39,741.9,Estandar,No,81.26
PKG-8545,4.1,366.5,Estandar,No,36.23
PKG-8546,1.77,684.1,Express,No,75.99
PKG-8547,16.89,455.6,Estandar,No,70.01
PKG-8548,29.97,554.6,Express,No,117.77
PKG-8549,21.84,387.0,Express,Si,103.13
PKG-8550,0.61,793.3,Estandar,No,66.2
PKG-8551,19.29,387.6,Estandar,No,68.64
PKG-8552,11.84,501.5,Estandar,No,60.48
PKG-8553,9.21,474.6,Express,No,70.5
PKG-8554,16.88,623.7,Estandar,Si,97.15
PKG-8555,,299.3,Express,No,92.21
PKG-8556,0.55,98.9,Express,No,25.03
PKG-8557,27.61,575.3,Estandar,No,106.49
PKG-8558,25.32,657.5,Mismo_Dia,No,135.1
PKG-8559,20.71,747.6,Estandar,No,102.18
PKG-8560,5.66,364.8,Estandar,No,40.73
PKG-8561,5.01,786.9,Express,Si,104.06
PKG-8562,8.36,523.0,Express,No,74.4
PKG-8563,21.55,488.7,Estandar,No,82.29
PKG-8564,28.22,735.7,Express,Si,138.81
PKG-8565,8.52,171.3,Express,No,48.99
PKG-8566,,764.8,Estandar,Si,107.37
PKG-8567,17.8,663.2,Estandar,Si,102.75
PKG-8568,,297.6,Express,No,79.71
PKG-8569,18.7,591.1,Mismo_Dia,No,114.31
PKG-8570,0.64,430.9,Express,Si,65.14
PKG-8571,15.99,555.6,Mismo_Dia,No,108.17
PKG-8572,,400.6,Estandar,No,89.16
PKG-8573,10.6,766.1,Estandar,No,84.23
PKG-8574,27.91,568.6,Express,No,110.61
PKG-8575,12.0,25.7,Express,No,39.56
PKG-8576,12.3,275.2,Express,No,65.81
PKG-8577,20.7,611.9,Estandar,No,96.17
PKG-8578,2.62,,Estandar,No,22.73
PKG-8579,29.48,700.2,Express,No,124.97
PKG-8580,8.53,690.5,Estandar,No,72.44
PKG-8581,13.37,181.0,Mismo_Dia,No,75.59
PKG-8582,12.44,51.1,Express,No,47.79
PKG-8583,24.64,772.2,Estandar,No,105.04
PKG-8584,4.44,424.3,Estandar,Si,56.72
PKG-8585,21.82,719.1,Express,No,115.32
PKG-8586,20.74,590.5,Estandar,Si,101.75
PKG-8587,8.74,673.2,Estandar,Si,79.85
PKG-8588,2.98,589.4,Express,No,69.01
PKG-8589,8.24,223.3,Express,No,56.52
PKG-8590,21.59,338.2,Estandar,No,75.49
PKG-8591,24.9,93.0,Estandar,No,64.58
PKG-8592,12.58,242.2,Estandar,No,43.12
PKG-8593,24.42,365.0,Express,Si,102.11
PKG-8594,4.27,181.0,Estandar,No,24.71
PKG-8595,24.35,477.6,Estandar,No,87.98
PKG-8596,8.63,384.6,Express,No,71.2
PKG-8597,8.64,338.3,Estandar,No,54.13
PKG-8598,6.76,130.4,Estandar,Si,40.25
PKG-8599,3.0,70.5,Estandar,No,13.22
PKG-8600,4.04,488.4,Express,Si,77.9
PKG-8601,4.14,55.6,Express,No,30.1
PKG-8602,10.22,723.9,Estandar,Si,86.53
PKG-8603,24.62,680.6,Mismo_Dia,No,131.14
PKG-8604,29.7,687.5,Express,Si,143.65
PKG-8605,23.65,683.3,Mismo_Dia,Si,144.84
PKG-8606,9.75,395.8,Express,No,64.02
PKG-8607,24.21,109.9,Estandar,No,58.49
PKG-8608,21.82,434.4,Express,No,100.45
PKG-8609,8.51,72.5,Estandar,No,20.73
PKG-8610,27.22,42.9,Estandar,No,53.36
PKG-8611,17.75,148.4,Estandar,Si,57.9
PKG-8612,19.42,137.9,Express,No,63.68
PKG-8613,10.03,220.6,Mismo_Dia,No,67.09
PKG-8614,1.37,533.3,Express,No,58.97
PKG-8615,21.54,358.4,Estandar,No,69.4
PKG-8616,19.51,766.3,Estandar,No,99.71
PKG-8617,25.21,395.9,Express,No,95.35
PKG-8618,4.46,618.6,Estandar,No,62.84
PKG-8619,23.4,459.3,Express,No,87.71
PKG-8620,4.44,759.8,Express,No,84.51
PKG-8621,21.58,581.9,Estandar,No,89.11
PKG-8622,14.1,750.6,Express,Si,112.22
PKG-8623,13.08,109.7,Estandar,No,35.83
PKG-8624,14.08,620.6,Mismo_Dia,No,104.28
PKG-8625,20.17,177.1,Estandar,No,59.82
PKG-8626,28.54,408.8,Estandar,No,90.87
PKG-8627,2.96,143.0,Estandar,No,22.62
PKG-8628,7.86,219.9,Estandar,No,40.4
PKG-8629,27.64,276.6,Estandar,Si,81.02
PKG-8630,22.53,419.2,Mismo_Dia,No,112.51
PKG-8631,5.13,767.1,Estandar,No,75.84
PKG-8632,,324.4,Express,No,86.81
PKG-8633,29.59,231.0,Express,No,93.6
PKG-8634,6.14,571.9,Estandar,No,62.85
PKG-8635,,598.8,Estandar,Si,69.12
PKG-8636,4.13,748.3,Mismo_Dia,No,108.34
PKG-8637,16.67,376.1,Estandar,No,65.51
PKG-8638,,447.3,Estandar,No,48.91
PKG-8639,22.1,32.8,Estandar,No,49.79
PKG-8640,,698.2,Mismo_Dia,Si,116.37
PKG-8641,,459.9,Estandar,No,45.09
PKG-8642,2.66,156.9,Estandar,No,20.44
PKG-8643,24.38,178.8,Estandar,Si,67.16
PKG-8644,10.1,556.6,Express,No,82.51
PKG-8645,23.72,486.4,Express,Si,112.63
PKG-8646,4.29,185.6,Express,No,46.45
PKG-8647,10.83,241.1,Estandar,Si,56.89
PKG-8648,12.89,305.2,Estandar,No,53.11
PKG-8649,7.56,151.7,Express,Si,56.94
PKG-8650,18.9,386.7,Express,No,77.01
PKG-8651,1.72,129.2,Express,No,30.3
PKG-8652,27.62,68.3,Express,No,79.61
PKG-8653,9.7,484.4,Express,No,76.66
PKG-8654,27.36,203.3,Estandar,Si,82.84
PKG-8655,19.72,47.9,Estandar,No,45.33
PKG-8656,8.2,277.7,Estandar,No,49.83
PKG-8657,20.24,246.9,Express,No,83.22
PKG-8658,6.99,86.2,Estandar,No,20.31
PKG-8659,7.6,757.4,Express,No,95.58
PKG-8660,26.29,176.5,Estandar,No,65.79
PKG-8661,29.35,690.1,Estandar,No,117.04
PKG-8662,11.54,96.2,Express,Si,60.08
PKG-8663,8.64,125.8,Express,No,44.73
PKG-8664,22.47,514.6,Estandar,No,90.34
PKG-8665,10.86,279.4,Mismo_Dia,No,73.98
PKG-8666,,445.7,Express,Si,77.75
PKG-8667,12.98,647.3,Estandar,Si,85.41
PKG-8668,24.96,772.3,Estandar,No,113.0
PKG-8669,10.88,493.5,Estandar,No,65.11
PKG-8670,24.03,120.0,Express,Si,84.77
PKG-8671,28.36,693.7,Express,No,119.51
PKG-8672,6.12,341.7,Estandar,Si,56.52
PKG-8673,7.56,27.4,Estandar,Si,30.31
PKG-8674,23.46,,Express,No,67.96
PKG-8675,20.83,237.1,Express,Si,88.19
PKG-8676,10.19,62.4,Estandar,No,19.9
PKG-8677,8.0,38.0,Express,No,30.61
PKG-8678,10.53,404.5,Estandar,Si,68.21
PKG-8679,15.44,729.6,Express,No,107.33
PKG-8680,16.31,704.6,Mismo_Dia,No,122.17
PKG-8681,21.96,526.2,Estandar,No,84.87
PKG-8682,12.51,389.3,Express,Si,91.12
PKG-8683,29.95,17.9,Estandar,No,61.36
PKG-8684,4.77,225.0,Express,No,48.55
PKG-8685,29.11,730.4,Mismo_Dia,Si,157.72
PKG-8686,27.66,188.8,Estandar,No,65.03
PKG-8687,13.98,391.6,Express,No,76.46
PKG-8688,,435.8,Express,No,93.05
PKG-8689,9.32,200.0,Estandar,No,38.84
PKG-8690,24.7,185.9,Estandar,Si,75.67
PKG-8691,0.69,793.9,Express,No,85.85
PKG-8692,,690.6,Mismo_Dia,No,123.02
PKG-8693,7.79,145.6,Express,No,45.79
PKG-8694,2.91,510.1,Mismo_Dia,No,91.69
PKG-8695,22.81,225.5,Estandar,No,59.96
PKG-8696,29.05,507.6,Express,No,107.92
PKG-8697,18.73,769.6,Express,No,112.81
PKG-8698,3.51,402.8,Estandar,No,42.85
PKG-8699,7.64,144.8,Express,No,46.14
PKG-8700,23.89,230.4,Estandar,No,59.37
PKG-8701,17.37,628.1,Estandar,Si,93.54
PKG-8702,18.35,441.2,Estandar,No,75.02
PKG-8703,4.24,513.2,Express,Si,82.14
PKG-8704,16.13,601.0,Express,Si,108.21
PKG-8705,5.26,440.0,Estandar,No,52.59
PKG-8706,9.29,454.2,Estandar,No,58.2
PKG-8707,5.19,472.2,Estandar,Si,62.14
PKG-8708,7.86,783.1,Mismo_Dia,No,104.72
PKG-8709,5.38,588.4,Estandar,No,69.88
PKG-8710,18.04,605.1,Estandar,No,85.78
PKG-8711,21.1,28.1,Estandar,No,35.43
PKG-8712,29.02,554.9,Estandar,No,100.79
PKG-8713,27.74,,Mismo_Dia,Si,111.28
PKG-8714,1.25,218.4,Mismo_Dia,No,59.27
PKG-8715,21.55,225.6,Estandar,No,63.52
PKG-8716,24.56,266.2,Estandar,Si,77.8
PKG-8717,20.48,603.3,Estandar,No,95.18
PKG-8718,,39.9,Estandar,No,27.79
PKG-8719,15.0,91.8,Estandar,Si,49.34
PKG-8720,27.96,488.4,Estandar,Si,106.48
PKG-8721,21.8,304.2,Express,No,80.93
PKG-8722,9.89,667.4,Estandar,No,83.39
PKG-8723,7.28,481.2,Express,No,73.39
PKG-8724,10.85,332.1,Express,No,67.86
PKG-8725,3.56,388.3,Express,No,55.97
PKG-8726,15.86,85.6,Mismo_Dia,No,74.27
PKG-8727,27.07,241.0,Mismo_Dia,No,99.95
PKG-8728,22.95,783.7,Express,No,116.55
PKG-8729,8.79,405.6,Estandar,No,48.96
PKG-8730,25.32,515.9,Estandar,No,87.24
PKG-8731,28.18,,Estandar,No,59.5
PKG-8732,19.46,188.3,Mismo_Dia,No,90.4
PKG-8733,16.05,726.1,Estandar,No,86.41
PKG-8734,11.63,670.9,Express,No,88.42
PKG-8735,16.82,290.3,Express,No,74.55
PKG-8736,9.73,699.8,Mismo_Dia,No,99.76
PKG-8737,25.13,43.8,Express,No,66.43
PKG-8738,24.0,127.8,Estandar,No,60.98
PKG-8739,,537.2,Mismo_Dia,No,136.58
PKG-8740,23.81,645.7,Estandar,No,97.15
PKG-8741,4.8,,Mismo_Dia,Si,92.85
PKG-8742,23.83,720.3,Express,Si,131.81
PKG-8743,16.65,33.6,Estandar,Si,51.68
PKG-8744,2.92,741.0,Estandar,No,76.91
PKG-8745,,749.7,Mismo_Dia,No,144.55
PKG-8746,,415.6,Estandar,No,74.71
PKG-8747,18.25,535.4,Estandar,Si,93.78
PKG-8748,23.6,315.0,Express,No,76.35
PKG-8749,8.5,214.0,Estandar,No,30.15
PKG-8750,20.25,738.4,Estandar,Si,115.93
PKG-8751,19.89,485.2,Mismo_Dia,No,118.92
PKG-8752,28.58,664.2,Estandar,Si,123.84
PKG-8753,15.47,535.6,Express,No,87.35
PKG-8754,2.17,,Estandar,No,51.62
PKG-8755,0.99,191.1,Estandar,No,18.83
PKG-8756,27.57,328.3,Estandar,No,83.44
PKG-8757,21.91,719.9,Estandar,No,98.66
PKG-8758,6.81,299.0,Express,No,52.23
PKG-8759,17.41,,Express,Si,67.3
PKG-8760,17.74,765.8,Estandar,No,95.64
PKG-8761,22.12,450.6,Estandar,No,76.53
PKG-8762,6.37,520.7,Estandar,No,58.1
PKG-8763,19.6,567.9,Estandar,Si,93.64
PKG-8764,28.75,221.3,Express,Si,100.45
PKG-8765,11.89,614.4,Estandar,No,77.38
PKG-8766,25.9,452.3,Mismo_Dia,No,113.33
PKG-8767,18.3,535.4,Express,No,97.27
PKG-8768,0.76,208.3,Estandar,No,18.83
PKG-8769,21.21,177.6,Estandar,Si,70.4
PKG-8770,15.25,560.0,Express,No,87.35
PKG-8771,5.75,367.8,Estandar,No,44.15
PKG-8772,20.01,143.5,Estandar,Si,64.37
PKG-8773,17.74,433.3,Express,No,86.03
PKG-8774,10.53,504.1,Estandar,No,71.17
PKG-8775,20.87,726.0,Estandar,Si,113.78
PKG-8776,24.94,154.3,Express,No,76.32
PKG-8777,23.2,272.8,Estandar,No,67.96
PKG-8778,14.2,130.3,Estandar,No,43.69
PKG-8779,26.05,311.5,Estandar,No,79.24
PKG-8780,2.37,234.3,Estandar,Si,41.85
PKG-8781,5.12,337.1,Estandar,No,37.21
PKG-8782,18.73,109.4,Estandar,No,47.76
PKG-8783,11.22,380.8,Express,No,69.81
PKG-8784,15.51,147.6,Mismo_Dia,No,72.2
PKG-8785,11.02,512.4,Express,No,77.26
PKG-8786,27.03,395.4,Estandar,No,81.13
PKG-8787,,343.7,Estandar,Si,55.91
PKG-8788,17.18,472.8,Express,Si,97.28
PKG-8789,14.43,311.0,Express,No,73.39
PKG-8790,3.5,420.6,Estandar,No,45.22
PKG-8791,4.41,,Mismo_Dia,Si,94.34
PKG-8792,,514.8,Estandar,No,56.47
PKG-8793,21.28,668.4,Express,Si,119.39
PKG-8794,10.1,636.2,Express,No,86.47
PKG-8795,14.07,,Express,No,84.39
PKG-8796,14.8,277.3,Estandar,No,53.94
PKG-8797,15.47,468.2,Express,Si,94.93
PKG-8798,,,Express,No,48.11
PKG-8799,4.97,614.0,Estandar,No,68.26
PKG-8800,5.51,22.2,Estandar,No,17.33
PKG-8801,10.75,,Estandar,No,70.27
PKG-8802,22.69,548.0,Estandar,No,90.66
PKG-8803,12.68,297.4,Estandar,No,50.13
PKG-8804,18.61,200.9,Express,No,69.14
PKG-8805,9.75,440.7,Express,No,66.8
PKG-8806,,215.8,Estandar,No,49.95
PKG-8807,2.71,798.4,Estandar,No,77.23
PKG-8808,3.36,,Estandar,No,72.87
PKG-8809,6.23,246.5,Estandar,No,36.6
PKG-8810,4.51,329.0,Express,No,53.34
PKG-8811,12.24,138.9,Estandar,No,40.02
PKG-8812,8.01,,Estandar,Si,66.41
PKG-8813,10.51,385.4,Express,No,66.87
PKG-8814,10.58,273.9,Estandar,No,45.43
PKG-8815,15.25,453.5,Estandar,No,65.6
PKG-8816,25.32,477.6,Estandar,Si,97.63
PKG-8817,7.54,682.4,Express,No,84.14
PKG-8818,5.92,466.6,Estandar,Si,54.81
PKG-8819,,130.9,Estandar,Si,55.84
PKG-8820,17.26,37.1,Estandar,Si,50.85
PKG-8821,15.73,418.7,Express,No,80.29
PKG-8822,18.1,326.9,Express,Si,81.66
PKG-8823,3.75,357.5,Estandar,No,46.12
PKG-8824,7.72,407.8,Estandar,No,52.51
PKG-8825,5.97,128.3,Estandar,No,22.94
PKG-8826,17.01,337.8,Express,Si,86.39
PKG-8827,10.89,572.9,Estandar,Si,78.95
PKG-8828,28.16,286.2,Estandar,No,79.35
PKG-8829,26.25,450.4,Estandar,No,89.58
PKG-8830,16.43,752.2,Estandar,Si,98.43
PKG-8831,29.86,72.7,Express,No,71.63
PKG-8832,6.57,221.4,Express,No,43.11
PKG-8833,19.24,236.3,Estandar,No,58.71
PKG-8834,13.97,219.6,Express,No,59.96
PKG-8835,1.44,69.4,Express,No,20.96
PKG-8836,16.82,388.7,Express,No,80.96
PKG-8837,5.77,539.3,Estandar,No,63.23
PKG-8838,23.2,236.5,Express,No,79.66
PKG-8839,19.37,403.3,Express,No,81.86
PKG-8840,21.71,95.9,Estandar,No,50.42
PKG-8841,6.26,96.8,Express,No,39.22
PKG-8842,15.58,480.8,Express,No,86.78
PKG-8843,18.32,776.2,Estandar,No,95.15
PKG-8844,12.83,795.4,Estandar,No,91.59
PKG-8845,8.16,494.6,Estandar,No,56.8
PKG-8846,28.7,149.1,Mismo_Dia,Si,108.33
PKG-8847,13.08,173.1,Express,Si,65.99
PKG-8848,18.27,45.1,Express,No,55.65
PKG-8849,4.02,239.8,Estandar,Si,35.37
PKG-8850,28.55,760.9,Estandar,No,125.52
PKG-8851,20.94,207.4,Mismo_Dia,Si,99.91
PKG-8852,3.3,202.9,Estandar,Si,46.18
PKG-8853,9.79,725.3,Estandar,No,74.88
PKG-8854,21.84,,Express,No,62.61
PKG-8855,6.19,625.7,Estandar,No,64.05
PKG-8856,22.76,721.1,Estandar,No,106.41
PKG-8857,21.38,299.5,Mismo_Dia,No,93.69
PKG-8858,14.55,25.5,Estandar,No,28.5
PKG-8859,26.24,371.9,Estandar,No,84.29
PKG-8860,11.64,96.7,Mismo_Dia,No,65.86
PKG-8861,,606.3,Express,Si,96.26
PKG-8862,28.77,285.7,Express,No,95.68
PKG-8863,10.44,535.5,Estandar,No,65.31
PKG-8864,23.95,773.0,Estandar,No,110.41
PKG-8865,29.47,239.4,Estandar,No,80.6
PKG-8866,19.97,595.6,Estandar,No,89.95
PKG-8867,24.6,640.3,Express,No,110.14
PKG-8868,28.03,583.4,Express,No,112.16
PKG-8869,16.7,638.8,Estandar,No,84.83
PKG-8870,14.85,265.0,Express,No,64.74
PKG-8871,11.97,508.5,Estandar,No,74.28
PKG-8872,19.51,599.5,Mismo_Dia,No,124.62
PKG-8873,16.24,503.9,Mismo_Dia,No,101.33
PKG-8874,25.47,104.1,Estandar,No,53.77
PKG-8875,2.48,754.0,Estandar,No,71.21
PKG-8876,,752.0,Mismo_Dia,Si,141.0
PKG-8877,26.68,799.6,Mismo_Dia,No,141.14
PKG-8878,19.76,276.9,Estandar,No,64.28
PKG-8879,3.11,,Express,Si,95.7
PKG-8880,14.27,122.2,Estandar,No,34.73
PKG-8881,0.84,476.4,Express,No,62.83
PKG-8882,,78.9,Estandar,No,51.89
PKG-8883,6.4,502.0,Estandar,No,61.5
PKG-8884,7.78,728.3,Estandar,No,78.6
PKG-8885,2.8,504.7,Express,No,61.33
PKG-8886,16.15,294.8,Estandar,No,62.11
PKG-8887,18.62,169.6,Express,Si,76.67
PKG-8888,18.34,12.4,Estandar,Si,47.67
PKG-8889,,683.3,Estandar,No,99.82
PKG-8890,1.4,578.0,Estandar,No,59.89
PKG-8891,23.03,745.9,Express,No,117.08
PKG-8892,22.25,134.5,Estandar,No,58.89
PKG-8893,5.0,593.0,Estandar,No,67.3
PKG-8894,27.12,782.2,Estandar,No,117.45
PKG-8895,27.74,399.4,Express,No,94.92
PKG-8896,,421.0,Estandar,No,59.31
PKG-8897,18.27,97.6,Estandar,No,48.29
PKG-8898,14.99,778.2,Estandar,Si,108.81
PKG-8899,16.53,101.5,Mismo_Dia,No,78.26
PKG-8900,19.18,657.1,Mismo_Dia,No,124.86
PKG-8901,7.28,231.3,Express,No,47.16
PKG-8902,19.1,152.4,Mismo_Dia,Si,98.67
PKG-8903,22.94,479.0,Express,No,99.63
PKG-8904,27.21,797.7,Estandar,No,117.17
PKG-8905,13.39,264.5,Estandar,No,55.91
PKG-8906,28.42,169.3,Mismo_Dia,Si,112.83
PKG-8907,12.87,140.2,Mismo_Dia,No,62.98
PKG-8908,9.78,203.3,Estandar,Si,49.12
PKG-8909,8.7,764.2,Express,Si,108.78
PKG-8910,28.71,,Estandar,No,93.72
PKG-8911,13.11,481.6,Estandar,Si,82.49
PKG-8912,11.31,58.9,Estandar,No,24.56
PKG-8913,16.46,15.6,Express,No,42.81
PKG-8914,26.98,522.2,Mismo_Dia,No,130.65
PKG-8915,29.08,560.0,Express,No,115.31
PKG-8916,20.94,85.0,Estandar,No,47.28
PKG-8917,3.41,607.2,Estandar,Si,77.64
PKG-8918,17.02,765.5,Estandar,Si,114.9
PKG-8919,4.7,660.1,Estandar,Si,74.28
PKG-8920,9.7,707.4,Express,No,86.83
PKG-8921,27.18,648.5,Mismo_Dia,Si,149.09
PKG-8922,16.53,770.8,Estandar,No,97.06
PKG-8923,4.89,482.1,Estandar,No,56.11
PKG-8924,23.2,348.5,Estandar,Si,87.9
PKG-8925,1.81,199.1,Express,No,33.52
PKG-8926,,654.5,Express,No,118.91
PKG-8927,29.76,171.3,Express,Si,95.49
PKG-8928,9.03,167.7,Mismo_Dia,No,68.51
PKG-8929,5.07,63.6,Mismo_Dia,No,47.02
PKG-8930,18.78,592.3,Express,No,97.74
PKG-8931,15.39,495.9,Estandar,No,72.43
PKG-8932,11.57,597.2,Estandar,No,81.02
PKG-8933,27.21,187.9,Express,No,75.68
PKG-8934,16.78,679.4,Mismo_Dia,No,110.46
PKG-8935,13.06,430.5,Mismo_Dia,No,94.99
PKG-8936,20.41,356.7,Estandar,No,76.45
PKG-8937,15.55,190.8,Estandar,Si,59.58
PKG-8938,19.02,582.6,Express,Si,113.04
PKG-8939,17.76,235.7,Express,Si,80.35
PKG-8940,7.29,20.1,Express,No,31.81
PKG-8941,25.03,432.4,Express,No,97.83
PKG-8942,6.73,731.5,Express,No,90.34
PKG-8943,7.03,533.4,Estandar,No,57.22
PKG-8944,28.16,205.1,Estandar,No,70.54
PKG-8945,26.94,33.0,Estandar,No,58.07
PKG-8946,5.43,61.6,Estandar,No,18.71
PKG-8947,29.9,521.4,Express,Si,126.33
PKG-8948,11.9,66.3,Estandar,No,31.69
PKG-8949,1.76,761.6,Mismo_Dia,No,96.7
PKG-8950,1.75,734.0,Mismo_Dia,No,97.5
PKG-8951,5.37,520.5,Estandar,No,58.38
PKG-8952,23.45,255.3,Express,No,82.14
PKG-8953,6.77,619.8,Estandar,Si,81.57
PKG-8954,3.66,591.1,Estandar,No,63.73
PKG-8955,1.49,526.3,Estandar,No,50.43
PKG-8956,11.18,554.7,Estandar,Si,79.45
PKG-8957,12.0,372.1,Express,Si,82.88
PKG-8958,17.15,376.9,Estandar,No,67.14
PKG-8959,6.79,20.8,Express,No,29.68
PKG-8960,,448.9,Estandar,No,40.48
PKG-8961,24.85,350.4,Mismo_Dia,No,108.43
PKG-8962,17.97,158.5,Estandar,No,52.84
PKG-8963,22.4,445.7,Mismo_Dia,Si,118.83
PKG-8964,2.75,473.8,Estandar,No,50.14
PKG-8965,13.17,729.5,Estandar,No,89.36
PKG-8966,20.51,652.6,Express,No,104.32
PKG-8967,11.45,448.1,Estandar,Si,73.5
PKG-8968,26.14,645.3,Mismo_Dia,No,130.77
PKG-8969,0.8,468.9,Estandar,No,41.35
PKG-8970,4.34,477.1,Estandar,No,49.7
PKG-8971,24.3,270.7,Estandar,Si,79.92
PKG-8972,18.11,288.1,Estandar,No,58.53
PKG-8973,15.33,580.4,Estandar,Si,84.85
PKG-8974,21.86,612.0,Express,No,107.15
PKG-8975,,685.9,Express,No,104.66
PKG-8976,18.17,570.8,Estandar,Si,98.47
PKG-8977,3.97,350.5,Estandar,Si,55.63
PKG-8978,27.78,49.4,Mismo_Dia,Si,99.42
PKG-8979,5.09,48.2,Express,No,34.19
PKG-8980,9.25,509.5,Express,No,78.96
PKG-8981,29.75,452.7,Estandar,No,93.88
PKG-8982,23.4,58.1,Express,No,65.12
PKG-8983,19.1,768.5,Estandar,No,95.51
PKG-8984,25.54,639.5,Express,No,108.07
PKG-8985,,656.9,Estandar,No,91.65
PKG-8986,8.59,,Express,No,48.74
PKG-8987,14.33,788.5,Estandar,No,96.58
PKG-8988,1.86,428.8,Estandar,No,42.82
PKG-8989,21.08,587.7,Estandar,No,94.14
PKG-8990,21.4,725.6,Estandar,Si,111.76
PKG-8991,22.12,416.7,Estandar,Si,86.98
PKG-8992,28.16,,Estandar,No,86.65
PKG-8993,,306.5,Estandar,No,83.22
PKG-8994,14.13,431.2,Express,No,77.56
PKG-8995,13.94,434.5,Estandar,No,68.37
PKG-8996,23.96,308.5,Mismo_Dia,No,104.98
PKG-8997,24.95,612.1,Estandar,Si,109.14
PKG-8998,25.08,166.7,Express,No,77.9
PKG-8999,12.59,125.5,Estandar,No,40.61
PKG-9000,18.06,681.1,Mismo_Dia,No,120.34
PKG-9001,3.82,596.8,Express,No,68.62
PKG-9002,3.18,74.5,Mismo_Dia,Si,59.9
PKG-9003,25.96,292.4,Estandar,No,79.06
PKG-9004,2.22,685.2,Mismo_Dia,No,99.29
PKG-9005,27.4,682.7,Estandar,No,108.77
PKG-9006,4.0,482.2,Estandar,No,48.34
PKG-9007,0.95,501.3,Estandar,Si,59.01
PKG-9008,19.16,180.7,Mismo_Dia,No,89.04
PKG-9009,1.91,117.3,Express,Si,45.33
PKG-9010,15.68,785.2,Estandar,No,97.32
PKG-9011,23.59,340.7,Estandar,No,76.46
PKG-9012,23.31,394.7,Estandar,Si,97.63
PKG-9013,,,Estandar,Si,64.29
PKG-9014,4.79,721.5,Estandar,No,69.66
PKG-9015,17.09,230.3,Express,Si,76.72
PKG-9016,15.36,796.7,Estandar,Si,109.64
PKG-9017,23.23,74.4,Estandar,No,49.12
PKG-9018,16.32,170.3,Express,No,57.92
PKG-9019,18.92,,Estandar,Si,48.52
PKG-9020,3.63,552.3,Mismo_Dia,No,89.37
PKG-9021,13.67,47.6,Express,No,42.35
PKG-9022,17.98,210.2,Estandar,No,51.22
PKG-9023,25.51,693.4,Estandar,No,112.02
PKG-9024,4.66,579.7,Estandar,Si,68.64
PKG-9025,25.65,586.3,Mismo_Dia,Si,143.76
PKG-9026,2.39,180.4,Estandar,No,20.06
PKG-9027,14.57,315.5,Estandar,Si,67.27
PKG-9028,22.31,504.8,Mismo_Dia,No,117.07
PKG-9029,8.82,672.5,Express,No,80.94
PKG-9030,14.02,718.6,Estandar,No,86.21
PKG-9031,6.14,384.8,Estandar,Si,61.02
PKG-9032,12.69,239.1,Estandar,No,48.66
PKG-9033,20.56,430.7,Estandar,No,71.35
PKG-9034,9.84,161.7,Express,No,50.18
PKG-9035,3.82,46.9,Estandar,No,15.63
PKG-9036,11.26,790.0,Estandar,Si,101.31
PKG-9037,7.81,337.3,Express,No,62.75
PKG-9038,29.8,476.9,Express,Si,122.56
PKG-9039,1.88,334.4,Express,No,51.59
PKG-9040,16.41,743.2,Express,No,101.11
PKG-9041,29.68,233.6,Express,No,89.73
PKG-9042,28.66,571.4,Estandar,No,95.96
PKG-9043,10.96,539.0,Estandar,No,66.94
PKG-9044,14.63,95.2,Express,Si,63.45
PKG-9045,0.87,386.2,Estandar,No,38.78
PKG-9046,29.75,442.8,Estandar,No,89.61
PKG-9047,3.44,140.4,Estandar,No,21.24
PKG-9048,17.34,485.1,Express,Si,100.71
PKG-9049,6.97,156.2,Estandar,No,33.34
PKG-9050,,108.1,Express,No,73.39
PKG-9051,14.84,17.1,Estandar,No,30.14
PKG-9052,25.79,302.9,Estandar,No,79.79
PKG-9053,,734.7,Estandar,No,75.66
PKG-9054,1.4,476.2,Express,No,64.05
PKG-9055,15.95,518.0,Mismo_Dia,No,97.8
PKG-9056,11.18,506.0,Express,No,84.69
PKG-9057,28.03,398.9,Mismo_Dia,Si,129.78
PKG-9058,11.72,371.4,Express,No,73.98
PKG-9059,9.73,642.6,Express,No,87.21
PKG-9060,,,Express,No,84.95
PKG-9061,,15.4,Estandar,Si,31.58
PKG-9062,11.69,454.2,Estandar,No,61.71
PKG-9063,21.22,,Express,No,56.14
PKG-9064,1.94,521.5,Estandar,No,46.04
PKG-9065,25.08,395.0,Estandar,Si,91.98
PKG-9066,23.86,229.7,Mismo_Dia,No,98.93
PKG-9067,24.51,73.4,Express,No,73.85
PKG-9068,0.5,701.5,Estandar,No,65.61
PKG-9069,16.31,497.5,Estandar,No,71.91
PKG-9070,6.07,671.3,Estandar,No,68.42
PKG-9071,0.56,,Express,No,49.39
PKG-9072,26.41,343.3,Estandar,No,75.08
PKG-9073,29.76,484.2,Estandar,Si,108.54
PKG-9074,26.69,,Estandar,Si,67.51
PKG-9075,7.5,634.0,Express,No,82.89
PKG-9076,26.64,,Mismo_Dia,No,136.72
PKG-9077,8.92,48.1,Mismo_Dia,No,51.08
PKG-9078,20.13,386.0,Estandar,No,71.24
PKG-9079,19.12,796.3,Express,No,117.58
PKG-9080,25.06,367.3,Estandar,Si,87.77
PKG-9081,13.04,243.6,Express,No,62.82
PKG-9082,9.6,320.6,Estandar,Si,51.76
PKG-9083,14.27,504.5,Express,No,77.9
PKG-9084,27.81,638.8,Estandar,Si,114.75
PKG-9085,19.98,747.8,Estandar,Si,114.97
PKG-9086,15.09,31.4,Express,No,49.09
PKG-9087,17.08,648.5,Estandar,No,84.92
PKG-9088,1.47,110.1,Express,Si,42.34
PKG-9089,3.79,252.3,Estandar,Si,48.55
PKG-9090,26.4,799.2,Estandar,No,116.79
PKG-9091,26.43,654.1,Express,No,115.96
PKG-9092,6.52,282.2,Express,No,42.19
PKG-9093,16.8,593.9,Estandar,No,80.7
PKG-9094,29.79,587.9,Estandar,No,109.91
PKG-9095,,521.3,Estandar,No,83.7
PKG-9096,3.55,402.8,Estandar,No,42.89
PKG-9097,15.24,,Estandar,No,34.45
PKG-9098,24.81,572.1,Estandar,No,98.04
PKG-9099,9.33,642.3,Estandar,No,77.28
PKG-9100,23.2,280.1,Express,No,86.46
PKG-9101,20.29,626.2,Estandar,No,96.3
PKG-9102,29.5,512.7,Estandar,No,106.63
PKG-9103,24.27,367.2,Express,Si,105.97
PKG-9104,19.91,30.1,Express,No,55.11
PKG-9105,7.93,,Estandar,No,60.17
PKG-9106,1.68,13.7,Estandar,Si,21.03
PKG-9107,29.92,107.6,Estandar,No,66.11
PKG-9108,9.26,453.0,Estandar,No,61.42
PKG-9109,12.89,701.7,Express,No,99.51
PKG-9110,19.02,398.2,Estandar,No,65.95
PKG-9111,9.95,666.9,Estandar,No,76.65
PKG-9112,1.26,633.5,Express,Si,82.9
PKG-9113,9.0,401.9,Estandar,Si,65.62
PKG-9114,21.05,598.9,Express,No,95.01
PKG-9115,4.9,528.4,Estandar,No,53.46
PKG-9116,1.76,390.8,Mismo_Dia,No,64.46
PKG-9117,26.67,,Estandar,Si,127.44
PKG-9118,10.31,42.5,Estandar,Si,39.3
PKG-9119,4.33,656.6,Estandar,Si,78.44
PKG-9120,28.58,65.0,Mismo_Dia,No,92.4
PKG-9121,13.72,13.8,Estandar,No,27.87
PKG-9122,23.47,174.0,Express,No,77.91
PKG-9123,,72.5,Estandar,No,16.34
PKG-9124,25.09,478.2,Estandar,No,90.73
PKG-9125,11.07,742.0,Express,Si,102.33
PKG-9126,2.75,342.3,Mismo_Dia,No,74.04
PKG-9127,12.02,503.1,Estandar,No,66.24
PKG-9128,7.47,532.6,Estandar,No,63.83
PKG-9129,27.56,314.8,Estandar,Si,96.86
PKG-9130,19.01,62.9,Estandar,No,45.89
PKG-9131,13.99,591.0,Express,Si,104.65
PKG-9132,28.32,429.5,Express,Si,110.95
PKG-9133,26.03,292.6,Estandar,No,73.73
PKG-9134,14.36,456.4,Estandar,Si,82.27
PKG-9135,25.92,292.9,Estandar,No,75.35
PKG-9136,2.57,154.0,Mismo_Dia,No,49.15
PKG-9137,1.8,580.8,Estandar,No,53.26
PKG-9138,17.26,747.0,Mismo_Dia,No,124.0
PKG-9139,1.88,693.5,Estandar,No,70.58
PKG-9140,27.12,373.1,Estandar,No,83.37
PKG-9141,3.87,590.8,Estandar,No,58.79
PKG-9142,2.57,,Mismo_Dia,No,55.78
PKG-9143,6.68,565.8,Estandar,No,61.11
PKG-9144,26.04,320.8,Estandar,Si,88.87
PKG-9145,22.97,236.1,Estandar,Si,78.43
PKG-9146,5.18,67.1,Mismo_Dia,No,46.92
PKG-9147,27.7,782.9,Express,No,128.11
PKG-9148,7.78,292.7,Express,No,56.58
PKG-9149,6.53,12.9,Express,No,34.07
PKG-9150,9.36,68.0,Express,No,40.57
PKG-9151,,331.8,Mismo_Dia,No,83.98
PKG-9152,15.63,145.9,Estandar,Si,63.38
PKG-9153,24.01,562.6,Express,No,107.57
PKG-9154,0.87,123.3,Express,No,28.22
PKG-9155,13.76,181.9,Mismo_Dia,Si,91.37
PKG-9156,23.68,149.4,Express,Si,82.08
PKG-9157,22.15,788.1,Estandar,No,113.54
PKG-9158,4.6,374.7,Estandar,No,38.38
PKG-9159,11.97,743.1,Estandar,No,80.59
PKG-9160,28.03,245.1,Estandar,No,77.27
PKG-9161,16.75,569.5,Estandar,No,85.56
PKG-9162,24.96,47.2,Estandar,Si,65.8
PKG-9163,2.51,156.5,Express,No,36.72
PKG-9164,,274.9,Express,Si,55.07
PKG-9165,2.84,715.4,Estandar,No,69.45
PKG-9166,20.77,447.3,Express,Si,104.82
PKG-9167,23.26,690.9,Express,Si,124.44
PKG-9168,26.78,,Estandar,No,116.13
PKG-9169,18.26,121.8,Express,No,61.8
PKG-9170,16.81,269.3,Estandar,No,55.7
PKG-9171,7.49,477.0,Express,No,66.03
PKG-9172,7.08,551.9,Estandar,No,56.92
PKG-9173,23.55,73.6,Mismo_Dia,No,84.2
PKG-9174,10.14,344.3,Express,No,67.79
PKG-9175,29.83,368.9,Express,No,98.98
PKG-9176,10.66,368.0,Express,No,66.27
PKG-9177,3.27,319.4,Estandar,No,31.3
PKG-9178,14.5,467.1,Express,No,81.34
PKG-9179,18.42,383.0,Estandar,No,69.98
PKG-9180,4.15,591.6,Express,No,71.75
PKG-9181,19.66,25.7,Express,Si,64.56
PKG-9182,3.88,170.4,Express,No,37.01
PKG-9183,4.72,526.8,Express,Si,81.71
PKG-9184,9.37,397.6,Estandar,No,51.1
PKG-9185,2.64,595.6,Express,No,62.3
PKG-9186,14.66,307.4,Estandar,No,55.64
PKG-9187,0.64,135.4,Express,Si,34.76
PKG-9188,6.45,168.5,Estandar,No,31.9
PKG-9189,0.88,209.2,Estandar,No,21.39
PKG-9190,,567.7,Mismo_Dia,No,103.19
PKG-9191,13.94,663.8,Express,No,94.69
PKG-9192,18.99,696.6,Estandar,No,93.4
PKG-9193,23.97,646.6,Express,No,114.22
PKG-9194,24.61,669.2,Estandar,No,107.48
PKG-9195,8.36,326.7,Estandar,No,43.51
PKG-9196,20.05,184.7,Express,No,72.69
PKG-9197,19.23,683.0,Mismo_Dia,No,117.42
PKG-9198,9.1,278.8,Express,No,60.76
PKG-9199,20.88,550.4,Estandar,Si,98.47
PKG-9200,,659.7,Express,No,112.05
PKG-9201,16.51,29.6,Mismo_Dia,No,68.28
PKG-9202,11.91,40.9,Estandar,No,30.55
PKG-9203,16.57,708.5,Express,No,109.52
PKG-9204,29.3,222.9,Estandar,No,67.94
PKG-9205,2.06,245.8,Estandar,No,30.87
PKG-9206,4.46,156.2,Estandar,No,23.75
PKG-9207,15.45,610.2,Express,No,96.31
PKG-9208,,83.1,Express,Si,75.56
PKG-9209,28.56,653.0,Express,No,117.84
PKG-9210,21.29,132.7,Express,No,64.02
PKG-9211,20.21,,Express,No,86.36
PKG-9212,21.62,447.4,Mismo_Dia,No,103.31
PKG-9213,5.6,782.6,Mismo_Dia,No,111.15
PKG-9214,9.62,300.1,Express,No,61.01
PKG-9215,26.94,181.5,Estandar,No,61.14
PKG-9216,16.67,508.6,Estandar,No,75.53
PKG-9217,3.04,335.6,Estandar,No,39.64
PKG-9218,17.71,503.6,Estandar,Si,90.69
PKG-9219,16.24,97.2,Estandar,No,43.34
PKG-9220,1.24,153.7,Mismo_Dia,No,46.5
PKG-9221,14.3,43.9,Estandar,No,32.78
PKG-9222,5.15,397.6,Estandar,No,47.23
PKG-9223,23.59,657.9,Express,No,114.16
PKG-9224,2.02,167.8,Estandar,Si,34.43
PKG-9225,17.4,241.6,Estandar,No,53.9
PKG-9226,28.17,343.3,Express,No,98.22
PKG-9227,5.29,743.5,Express,No,87.13
PKG-9228,19.69,142.1,Mismo_Dia,No,84.4
PKG-9229,3.58,261.1,Estandar,No,28.92
PKG-9230,4.77,209.9,Express,No,45.86
PKG-9231,9.4,460.1,Express,Si,83.41
PKG-9232,22.23,430.4,Estandar,No,86.25
PKG-9233,5.02,213.9,Express,No,46.77
PKG-9234,14.29,552.4,Express,Si,103.66
PKG-9235,17.13,715.5,Estandar,Si,102.93
PKG-9236,26.2,231.5,Express,No,81.88
PKG-9237,2.96,,Express,Si,79.17
PKG-9238,7.7,645.9,Mismo_Dia,No,101.38
PKG-9239,17.76,329.5,Express,No,72.77
PKG-9240,5.59,216.5,Express,No,48.48
PKG-9241,20.62,34.3,Express,Si,70.82
PKG-9242,16.53,61.5,Estandar,No,38.08
PKG-9243,5.13,182.5,Estandar,Si,40.66
PKG-9244,1.8,200.7,Estandar,Si,33.04
PKG-9245,19.19,406.6,Estandar,No,73.5
PKG-9246,,128.8,Mismo_Dia,No,87.33
PKG-9247,19.45,187.4,Estandar,No,52.6
PKG-9248,19.57,315.4,Estandar,No,68.11
PKG-9249,4.67,342.0,Estandar,No,40.16
PKG-9250,1.75,188.7,Estandar,No,24.22
PKG-9251,13.54,108.9,Mismo_Dia,No,69.97
PKG-9252,25.64,318.8,Estandar,No,70.35
PKG-9253,19.37,230.5,Estandar,No,58.19
PKG-9254,16.54,591.4,Mismo_Dia,No,112.56
PKG-9255,6.39,713.4,Estandar,No,73.09
PKG-9256,22.22,780.2,Mismo_Dia,Si,148.07
PKG-9257,24.55,623.8,Estandar,No,96.63
PKG-9258,22.6,705.0,Estandar,No,103.36
PKG-9259,27.08,781.9,Estandar,No,112.1
PKG-9260,3.73,147.7,Estandar,Si,31.65
PKG-9261,7.54,773.1,Estandar,No,76.6
PKG-9262,29.93,113.1,Express,No,80.58
PKG-9263,19.2,548.6,Estandar,No,81.02
PKG-9264,8.82,638.9,Estandar,No,71.9
PKG-9265,7.29,517.9,Mismo_Dia,No,90.79
PKG-9266,7.85,280.2,Express,Si,60.82
PKG-9267,12.0,680.1,Express,No,94.39
PKG-9268,13.28,439.7,Express,No,74.1
PKG-9269,5.98,771.8,Estandar,Si,94.5
PKG-9270,2.83,208.1,Estandar,No,32.91
PKG-9271,15.54,270.2,Mismo_Dia,No,84.27
PKG-9272,6.21,302.7,Mismo_Dia,Si,79.78
PKG-9273,4.5,324.7,Estandar,Si,53.7
PKG-9274,18.12,263.6,Estandar,No,60.08
PKG-9275,8.57,545.3,Express,No,77.14
PKG-9276,27.78,725.2,Mismo_Dia,No,139.99
PKG-9277,27.56,47.8,Estandar,No,56.3
PKG-9278,20.16,16.7,Estandar,No,38.4
PKG-9279,8.67,654.8,Express,Si,101.37
PKG-9280,23.0,471.4,Estandar,Si,96.21
PKG-9281,29.52,787.3,Estandar,No,115.52
PKG-9282,23.93,379.0,Estandar,Si,89.3
PKG-9283,27.59,607.3,Estandar,Si,113.8
PKG-9284,4.77,380.9,Express,No,61.59
PKG-9285,23.37,658.5,Express,No,107.32
PKG-9286,,433.7,Express,No,103.33
PKG-9287,10.97,277.6,Express,Si,69.8
PKG-9288,0.71,330.7,Express,Si,56.45
PKG-9289,4.93,796.6,Estandar,No,80.25
PKG-9290,24.87,487.4,Express,No,103.26
PKG-9291,20.13,733.6,Estandar,Si,109.74
PKG-9292,1.71,132.9,Mismo_Dia,No,50.41
PKG-9293,5.54,607.3,Estandar,Si,81.02
PKG-9294,20.72,191.6,Express,No,67.28
PKG-9295,20.81,394.8,Mismo_Dia,No,105.64
PKG-9296,15.55,412.1,Mismo_Dia,Si,109.17
PKG-9297,20.08,545.2,Mismo_Dia,Si,125.98
PKG-9298,24.52,79.0,Express,No,72.06
PKG-9299,15.65,781.2,Mismo_Dia,No,127.88
PKG-9300,,694.9,Estandar,Si,84.57
PKG-9301,20.06,788.7,Mismo_Dia,No,132.95
PKG-9302,24.44,528.5,Estandar,No,88.03
PKG-9303,8.39,336.1,Express,No,57.99
PKG-9304,26.04,228.2,Express,No,80.58
PKG-9305,5.85,487.9,Express,No,66.49
PKG-9306,,356.7,Mismo_Dia,No,96.75
PKG-9307,24.86,704.5,Estandar,No,105.9
PKG-9308,3.03,298.7,Express,No,51.2
PKG-9309,13.46,416.5,Mismo_Dia,No,96.19
PKG-9310,25.5,438.8,Estandar,No,86.8
PKG-9311,29.22,445.7,Mismo_Dia,No,117.9
PKG-9312,3.93,547.0,Estandar,No,56.13
PKG-9313,23.77,245.4,Estandar,No,68.55
PKG-9314,12.69,482.0,Mismo_Dia,No,92.82
PKG-9315,24.49,113.3,Mismo_Dia,No,91.34
PKG-9316,21.32,492.9,Express,No,94.32
PKG-9317,17.86,681.0,Express,No,103.85
PKG-9318,21.65,423.8,Estandar,No,78.02
PKG-9319,14.18,16.5,Express,No,45.07
PKG-9320,12.51,389.2,Express,No,74.16
PKG-9321,15.29,429.0,Estandar,No,63.39
PKG-9322,,669.7,Mismo_Dia,No,114.74
PKG-9323,,483.7,Express,No,58.91
PKG-9324,28.28,319.4,Mismo_Dia,Si,128.24
PKG-9325,23.34,576.3,Express,No,110.83
PKG-9326,7.26,440.0,Estandar,No,58.04
PKG-9327,9.05,689.4,Mismo_Dia,No,109.38
PKG-9328,4.78,478.8,Estandar,Si,61.26
PKG-9329,1.14,,Estandar,Si,80.01
PKG-9330,22.79,285.7,Express,No,82.87
PKG-9331,29.34,602.1,Express,Si,135.89
PKG-9332,29.03,46.2,Express,No,71.63
PKG-9333,24.74,276.8,Estandar,No,68.69
PKG-9334,19.55,648.4,Express,Si,116.55
PKG-9335,24.39,730.8,Estandar,No,103.98
PKG-9336,9.04,338.3,Estandar,No,48.48
PKG-9337,18.1,215.5,Estandar,No,54.47
PKG-9338,4.37,673.8,Estandar,Si,78.67
PKG-9339,14.14,470.9,Express,No,83.2
PKG-9340,11.02,145.2,Estandar,No,31.78
PKG-9341,28.69,297.2,Express,No,93.19
PKG-9342,17.07,346.9,Estandar,No,65.29
PKG-9343,18.93,652.6,Estandar,No,89.04
PKG-9344,5.68,390.5,Estandar,Si,55.23
PKG-9345,24.64,246.5,Estandar,No,68.91
PKG-9346,3.71,446.1,Estandar,Si,55.87
PKG-9347,4.29,766.1,Express,No,89.6
PKG-9348,17.97,436.1,Express,Si,101.2
PKG-9349,11.44,380.6,Estandar,Si,69.47
PKG-9350,11.01,,Express,No,54.48
PKG-9351,1.89,578.5,Mismo_Dia,No,82.13
PKG-9352,1.14,397.5,Estandar,No,37.62
PKG-9353,5.55,409.2,Express,No,57.45
PKG-9354,14.46,364.5,Mismo_Dia,No,94.16
PKG-9355,23.8,149.8,Express,No,69.64
PKG-9356,8.04,622.1,Mismo_Dia,No,104.82
PKG-9357,17.92,621.1,Express,Si,115.43
PKG-9358,11.84,24.2,Estandar,Si,44.76
PKG-9359,16.95,372.4,Express,No,79.34
PKG-9360,9.46,647.1,Estandar,No,68.47
PKG-9361,11.64,377.6,Estandar,Si,73.48
PKG-9362,3.08,201.6,Express,Si,51.31
PKG-9363,,404.4,Estandar,No,63.78
PKG-9364,15.97,356.9,Mismo_Dia,No,95.93
PKG-9365,1.94,553.8,Estandar,Si,62.52
PKG-9366,24.79,762.2,Estandar,No,106.46
PKG-9367,19.13,,Express,No,69.77
PKG-9368,,719.2,Estandar,No,79.22
PKG-9369,9.95,706.0,Express,No,91.47
PKG-9370,22.21,170.9,Express,No,70.55
PKG-9371,1.72,313.3,Express,No,46.58
PKG-9372,14.11,442.6,Express,No,75.79
PKG-9373,,619.2,Express,No,70.46
PKG-9374,28.61,522.3,Express,No,111.79
PKG-9375,7.33,799.1,Estandar,No,83.29
PKG-9376,11.29,658.8,Estandar,No,82.36
PKG-9377,,349.6,Mismo_Dia,Si,103.54
PKG-9378,19.99,713.6,Mismo_Dia,No,128.66
PKG-9379,,366.5,Mismo_Dia,No,74.1
PKG-9380,9.74,,Estandar,No,38.26
PKG-9381,11.84,758.2,Express,No,98.62
PKG-9382,15.89,88.4,Estandar,Si,49.33
PKG-9383,10.94,792.6,Estandar,No,83.91
PKG-9384,10.23,153.2,Estandar,No,35.02
PKG-9385,28.23,30.8,Estandar,No,62.21
PKG-9386,13.75,,Express,No,47.33
PKG-9387,4.85,13.3,Express,No,19.02
PKG-9388,,54.8,Estandar,Si,39.77
PKG-9389,1.03,349.0,Estandar,No,29.33
PKG-9390,17.18,608.6,Estandar,Si,95.28
PKG-9391,,636.6,Express,Si,91.01
PKG-9392,5.43,751.9,Estandar,No,83.22
PKG-9393,6.72,64.3,Estandar,No,19.32
PKG-9394,25.37,722.6,Express,No,123.42
PKG-9395,7.23,640.6,Mismo_Dia,No,104.99
PKG-9396,1.51,105.0,Express,No,27.59
PKG-9397,26.67,644.0,Express,Si,132.52
PKG-9398,8.02,599.7,Estandar,No,70.88
PKG-9399,4.18,681.3,Express,No,78.58
PKG-9400,,656.7,Estandar,No,74.24
PKG-9401,24.06,19.1,Express,No,58.21
PKG-9402,7.13,,Mismo_Dia,No,105.07
PKG-9403,21.84,440.7,Estandar,No,89.76
PKG-9404,11.41,543.6,Estandar,No,72.08
PKG-9405,17.59,,Estandar,No,65.07
PKG-9406,12.73,245.5,Express,No,60.15
PKG-9407,14.18,389.6,Estandar,No,63.41
PKG-9408,26.56,677.7,Estandar,No,106.31
PKG-9409,14.96,262.0,Estandar,No,60.05
PKG-9410,0.67,296.4,Estandar,No,32.4
PKG-9411,11.81,734.0,Express,No,95.91
PKG-9412,29.51,122.7,Estandar,No,66.72
PKG-9413,5.17,484.4,Estandar,Si,65.71
PKG-9414,8.37,123.1,Express,No,41.73
PKG-9415,7.61,771.2,Estandar,No,80.91
PKG-9416,20.4,411.3,Estandar,No,72.74
PKG-9417,20.67,278.0,Estandar,No,61.85
PKG-9418,8.27,469.4,Express,Si,86.17
PKG-9419,28.98,497.4,Estandar,Si,102.15
PKG-9420,27.53,136.3,Express,No,81.2
PKG-9421,5.82,372.5,Express,No,58.57
PKG-9422,17.68,,Estandar,No,85.57
PKG-9423,26.37,435.4,Express,Si,116.28
PKG-9424,12.67,610.6,Estandar,No,72.28
PKG-9425,7.6,373.0,Mismo_Dia,No,72.92
PKG-9426,9.57,508.5,Estandar,No,68.62
PKG-9427,22.27,371.4,Mismo_Dia,No,111.76
PKG-9428,20.71,446.8,Estandar,No,74.65
PKG-9429,11.39,136.1,Estandar,Si,48.06
PKG-9430,24.47,611.5,Mismo_Dia,Si,140.85
PKG-9431,26.44,422.1,Estandar,No,91.0
PKG-9432,18.29,184.0,Express,No,70.8
PKG-9433,1.56,421.4,Estandar,No,37.46
PKG-9434,23.7,307.4,Express,No,79.19
PKG-9435,14.89,365.2,Express,No,71.72
PKG-9436,19.32,509.7,Mismo_Dia,No,111.16
PKG-9437,3.21,799.1,Express,Si,101.89
PKG-9438,21.46,675.8,Estandar,No,104.07
PKG-9439,4.0,702.1,Express,Si,91.38
PKG-9440,2.61,484.7,Express,Si,74.17
PKG-9441,15.6,537.4,Express,No,79.98
PKG-9442,,357.6,Mismo_Dia,Si,93.03
PKG-9443,,682.5,Estandar,No,110.85
PKG-9444,6.92,459.8,Mismo_Dia,No,85.02
PKG-9445,26.3,554.6,Mismo_Dia,No,131.52
PKG-9446,11.64,24.3,Express,No,38.36
PKG-9447,19.21,296.9,Estandar,Si,76.14
PKG-9448,14.97,402.4,Estandar,Si,66.2
PKG-9449,29.52,202.2,Express,Si,99.27
PKG-9450,10.19,775.0,Estandar,No,84.54
PKG-9451,,58.0,Estandar,No,21.18
PKG-9452,,194.8,Estandar,No,63.29
PKG-9453,26.15,418.0,Express,Si,108.37
PKG-9454,11.98,28.5,Express,Si,49.99
PKG-9455,20.19,678.5,Estandar,No,93.7
PKG-9456,6.92,314.2,Estandar,No,44.34
PKG-9457,19.29,740.5,Mismo_Dia,No,136.81
PKG-9458,10.21,60.8,Estandar,No,28.18
PKG-9459,9.66,243.0,Express,No,56.15
PKG-9460,22.12,785.2,Estandar,No,110.42
PKG-9461,17.74,781.2,Estandar,No,93.48
PKG-9462,12.89,440.8,Mismo_Dia,No,82.99
PKG-9463,19.52,89.4,Mismo_Dia,No,75.95
PKG-9464,26.3,182.8,Estandar,No,62.64
PKG-9465,3.65,83.0,Express,No,31.58
PKG-9466,,189.9,Estandar,No,79.75
PKG-9467,4.81,311.1,Estandar,No,38.1
PKG-9468,22.78,400.0,Express,No,82.68
PKG-9469,8.96,,Express,No,53.21
PKG-9470,7.11,44.0,Mismo_Dia,No,52.0
PKG-9471,22.28,787.7,Estandar,Si,120.37
PKG-9472,9.99,447.6,Mismo_Dia,No,84.56
PKG-9473,23.09,232.6,Estandar,No,71.47
PKG-9474,27.16,275.6,Express,No,89.37
PKG-9475,4.64,575.9,Express,No,70.51
PKG-9476,19.95,407.7,Express,Si,104.15
PKG-9477,11.78,769.4,Estandar,No,88.22
PKG-9478,15.94,56.6,Estandar,No,33.07
PKG-9479,21.1,743.9,Express,No,121.56
PKG-9480,26.06,343.8,Express,No,95.06
PKG-9481,19.38,458.9,Estandar,No,75.32
PKG-9482,20.74,573.1,Express,No,100.74
PKG-9483,17.17,12.3,Estandar,No,40.99
PKG-9484,8.87,170.5,Estandar,Si,50.24
PKG-9485,8.08,469.4,Estandar,No,61.13
PKG-9486,19.47,93.0,Estandar,No,48.05
PKG-9487,8.58,42.6,Estandar,No,27.64
PKG-9488,27.2,638.6,Estandar,No,98.48
PKG-9489,8.34,317.7,Estandar,No,47.0
PKG-9490,19.98,793.2,Estandar,No,103.06
PKG-9491,0.74,234.0,Express,No,34.22
PKG-9492,9.46,326.6,Express,No,62.1
PKG-9493,11.45,768.4,Mismo_Dia,No,120.82
PKG-9494,12.37,715.6,Express,No,101.95
PKG-9495,16.83,,Express,No,78.81
PKG-9496,22.77,272.8,Express,No,80.3
PKG-9497,24.48,455.5,Estandar,No,87.12
PKG-9498,8.21,462.8,Estandar,No,56.96
PKG-9499,,713.5,Express,No,112.61
PKG-9500,17.91,582.7,Estandar,No,92.63
PKG-9501,22.97,257.8,Estandar,No,67.56
PKG-9502,22.07,526.7,Estandar,No,93.51
PKG-9503,21.06,497.3,Mismo_Dia,Si,125.68
PKG-9504,28.06,635.6,Express,No,118.78
PKG-9505,29.6,261.3,Express,No,85.4
PKG-9506,25.16,38.6,Express,No,58.34
PKG-9507,24.11,12.9,Estandar,No,46.49
PKG-9508,9.23,477.3,Express,No,72.95
PKG-9509,29.09,737.4,Estandar,No,114.23
PKG-9510,21.18,506.4,Estandar,Si,97.86
PKG-9511,15.81,475.8,Express,Si,93.05
PKG-9512,11.65,400.6,Express,No,72.59
PKG-9513,20.51,216.2,Express,No,69.41
PKG-9514,10.32,53.1,Estandar,Si,40.92
PKG-9515,22.8,444.9,Estandar,Si,93.29
PKG-9516,14.41,26.2,Express,No,49.53
PKG-9517,13.07,618.3,Express,Si,101.33
PKG-9518,22.4,125.6,Mismo_Dia,Si,101.48
PKG-9519,8.64,299.9,Express,No,57.91
PKG-9520,10.53,,Estandar,Si,83.98
PKG-9521,23.1,663.1,Express,Si,122.08
PKG-9522,19.44,555.9,Express,No,98.61
PKG-9523,6.15,683.4,Estandar,No,68.68
PKG-9524,25.7,387.7,Express,No,90.51
PKG-9525,10.02,267.8,Estandar,No,46.47
PKG-9526,28.03,456.5,Estandar,No,90.52
PKG-9527,21.52,543.3,Express,Si,113.73
PKG-9528,14.0,48.1,Estandar,Si,46.44
PKG-9529,7.77,314.9,Estandar,No,39.18
PKG-9530,23.03,279.8,Estandar,No,70.11
PKG-9531,5.08,445.4,Express,No,63.02
PKG-9532,22.04,70.6,Express,No,65.51
PKG-9533,27.22,565.6,Estandar,No,100.2
PKG-9534,14.04,229.1,Mismo_Dia,No,70.1
PKG-9535,29.29,512.9,Mismo_Dia,Si,141.12
PKG-9536,3.02,253.2,Express,Si,61.48
PKG-9537,28.69,708.4,Express,Si,142.41
PKG-9538,2.48,616.4,Estandar,No,62.8
PKG-9539,17.99,138.5,Estandar,Si,63.27
PKG-9540,19.89,548.5,Estandar,No,85.4
PKG-9541,13.21,537.3,Express,Si,95.14
PKG-9542,8.78,748.1,Estandar,No,74.29
PKG-9543,12.73,643.9,Estandar,No,78.47
PKG-9544,2.54,627.2,Estandar,Si,73.04
PKG-9545,23.45,12.8,Express,No,61.2
PKG-9546,1.23,681.6,Express,No,74.89
PKG-9547,23.76,297.0,Estandar,No,75.84
PKG-9548,16.81,645.0,Mismo_Dia,No,113.54
PKG-9549,25.1,518.0,Estandar,Si,106.41
PKG-9550,15.1,391.8,Express,Si,87.94
PKG-9551,14.02,280.4,Estandar,No,50.21
PKG-9552,5.18,480.9,Express,No,64.41
PKG-9553,1.43,420.8,Express,No,58.01
PKG-9554,17.57,236.2,Express,No,68.78
PKG-9555,3.65,604.7,Estandar,No,60.37
PKG-9556,5.72,719.2,Estandar,No,67.52
PKG-9557,14.32,116.1,Express,No,48.71
PKG-9558,7.05,574.7,Estandar,Si,82.36
PKG-9559,17.5,388.8,Estandar,No,68.34
PKG-9560,20.34,294.6,Estandar,No,69.09
PKG-9561,13.43,546.2,Express,No,83.97
PKG-9562,28.42,283.5,Estandar,No,79.54
PKG-9563,17.62,111.1,Express,No,54.94
PKG-9564,1.77,300.2,Mismo_Dia,No,57.84
PKG-9565,6.78,736.2,Estandar,No,71.66
PKG-9566,13.8,261.3,Estandar,No,50.74
PKG-9567,13.94,57.1,Express,Si,63.05
PKG-9568,7.59,243.2,Estandar,Si,52.38
PKG-9569,26.4,119.0,Express,No,73.59
PKG-9570,23.64,59.3,Estandar,Si,62.2
PKG-9571,,177.0,Express,No,34.46
PKG-9572,22.57,239.0,Express,No,73.57
PKG-9573,5.23,128.8,Express,No,37.23
PKG-9574,,479.9,Mismo_Dia,No,120.33
PKG-9575,28.83,,Estandar,No,106.35
PKG-9576,11.42,103.7,Express,Si,58.88
PKG-9577,7.32,187.0,Estandar,No,32.72
PKG-9578,3.39,213.1,Mismo_Dia,Si,68.87
PKG-9579,11.08,243.5,Estandar,No,43.72
PKG-9580,4.26,287.0,Express,No,49.8
PKG-9581,26.31,382.5,Mismo_Dia,Si,125.85
PKG-9582,11.43,723.6,Estandar,Si,97.21
PKG-9583,19.23,13.4,Express,No,55.39
PKG-9584,5.34,566.5,Express,No,81.71
PKG-9585,0.55,504.1,Estandar,Si,54.78
PKG-9586,16.77,49.8,Estandar,No,33.8
PKG-9587,14.59,235.9,Estandar,Si,69.06
PKG-9588,28.37,314.4,Mismo_Dia,No,109.68
PKG-9589,1.34,481.6,Estandar,No,48.18
PKG-9590,28.56,692.8,Express,No,122.45
PKG-9591,7.08,620.7,Estandar,No,77.16
PKG-9592,14.52,114.9,Express,No,57.32
PKG-9593,21.88,504.6,Estandar,Si,96.09
PKG-9594,26.54,344.1,Estandar,Si,92.75
PKG-9595,3.18,248.5,Express,No,46.46
PKG-9596,29.58,212.0,Estandar,Si,84.63
PKG-9597,5.33,726.2,Express,No,85.63
PKG-9598,13.07,,Express,No,97.72
PKG-9599,7.07,81.5,Estandar,Si,39.42
PKG-9600,24.65,661.7,Estandar,No,102.55
PKG-9601,25.74,198.5,Estandar,No,67.39
PKG-9602,,640.3,Express,No,68.13
PKG-9603,27.93,705.2,Estandar,No,116.28
PKG-9604,21.36,111.7,Estandar,No,56.06
PKG-9605,2.63,342.0,Express,No,51.98
PKG-9606,0.77,476.3,Estandar,No,44.14
PKG-9607,21.98,217.2,Mismo_Dia,Si,102.27
PKG-9608,8.17,,Estandar,No,48.19
PKG-9609,3.49,82.3,Estandar,No,22.01
PKG-9610,,619.7,Express,No,115.86
PKG-9611,,321.7,Estandar,No,38.8
PKG-9612,11.37,289.3,Express,No,57.82
PKG-9613,10.18,464.0,Estandar,No,64.54
PKG-9614,24.04,115.1,Express,Si,80.62
PKG-9615,9.48,297.3,Mismo_Dia,No,71.95
PKG-9616,25.69,324.2,Express,No,92.71
PKG-9617,12.78,545.6,Express,No,84.02
PKG-9618,23.52,,Estandar,Si,117.73
PKG-9619,9.29,226.7,Mismo_Dia,No,69.56
PKG-9620,8.43,26.9,Estandar,No,22.05
PKG-9621,23.55,676.5,Express,No,114.42
PKG-9622,11.64,732.9,Express,No,103.46
PKG-9623,15.26,269.1,Estandar,No,48.63
PKG-9624,23.34,536.1,Estandar,No,86.64
PKG-9625,29.23,745.9,Estandar,Si,124.35
PKG-9626,5.98,167.2,Express,No,41.79
PKG-9627,15.24,507.7,Estandar,No,66.21
PKG-9628,24.55,615.2,Express,No,110.28
PKG-9629,16.26,412.1,Estandar,Si,72.69
PKG-9630,25.04,463.7,Estandar,Si,105.25
PKG-9631,19.51,201.1,Express,Si,82.24
PKG-9632,10.57,513.1,Express,No,84.1
PKG-9633,9.92,454.3,Estandar,No,56.19
PKG-9634,,742.5,Express,No,101.79
PKG-9635,5.25,211.7,Estandar,No,26.96
PKG-9636,29.05,277.1,Estandar,Si,96.66
PKG-9637,25.72,247.3,Estandar,No,76.45
PKG-9638,18.05,597.8,Estandar,No,78.37
PKG-9639,8.93,294.8,Estandar,Si,51.17
PKG-9640,26.57,101.2,Express,No,76.41
PKG-9641,2.14,283.6,Estandar,No,30.92
PKG-9642,22.97,758.4,Mismo_Dia,No,137.4
PKG-9643,16.35,323.6,Express,No,74.58
PKG-9644,8.34,531.6,Estandar,No,64.88
PKG-9645,28.0,45.9,Express,No,66.95
PKG-9646,25.81,334.7,Estandar,No,74.98
PKG-9647,12.31,397.6,Estandar,No,60.42
PKG-9648,,,Mismo_Dia,Si,68.57
PKG-9649,3.53,622.3,Express,No,75.13
PKG-9650,27.35,623.3,Express,No,110.11
PKG-9651,4.85,683.8,Estandar,Si,79.29
PKG-9652,6.15,612.7,Estandar,No,60.77
PKG-9653,28.85,138.2,Estandar,No,63.04
PKG-9654,20.06,515.1,Express,Si,106.48
PKG-9655,20.22,189.5,Express,No,69.5
PKG-9656,10.05,323.5,Estandar,No,45.8
PKG-9657,28.25,299.8,Mismo_Dia,No,112.75
PKG-9658,,202.9,Express,No,81.77
PKG-9659,15.57,361.8,Express,No,73.08
PKG-9660,12.8,794.4,Mismo_Dia,No,121.48
PKG-9661,21.37,594.2,Express,No,111.01
PKG-9662,15.93,586.2,Express,No,90.33
PKG-9663,2.06,530.5,Estandar,No,57.51
PKG-9664,11.61,692.7,Express,Si,108.16
PKG-9665,,304.4,Estandar,No,61.23
PKG-9666,29.23,150.9,Express,No,86.28
PKG-9667,5.32,700.0,Estandar,No,71.19
PKG-9668,9.69,232.9,Estandar,No,38.4
PKG-9669,26.2,83.7,Express,No,73.78
PKG-9670,,589.6,Estandar,No,63.42
PKG-9671,23.51,503.5,Estandar,No,83.22
PKG-9672,12.84,458.3,Estandar,No,61.53
PKG-9673,29.26,,Estandar,No,90.51
PKG-9674,17.95,476.5,Express,No,86.46
PKG-9675,29.96,608.6,Express,No,115.61
PKG-9676,26.44,272.1,Estandar,No,73.23
PKG-9677,6.13,66.5,Estandar,No,20.81
PKG-9678,5.59,107.5,Estandar,Si,33.12
PKG-9679,12.83,620.0,Mismo_Dia,Si,119.41
PKG-9680,1.95,723.6,Mismo_Dia,No,93.85
PKG-9681,26.66,200.4,Mismo_Dia,No,95.32
PKG-9682,14.57,582.2,Express,No,94.92
PKG-9683,14.66,394.7,Express,No,75.0
PKG-9684,4.39,,Estandar,No,33.96
PKG-9685,15.48,314.0,Mismo_Dia,No,84.92
PKG-9686,10.45,400.4,Express,No,69.35
PKG-9687,2.82,124.9,Estandar,No,24.76
PKG-9688,2.81,561.3,Estandar,Si,62.51
PKG-9689,23.53,135.7,Estandar,No,61.64
PKG-9690,1.78,183.8,Express,No,33.04
PKG-9691,7.47,119.7,Estandar,Si,44.76
PKG-9692,4.42,576.0,Estandar,No,61.86
PKG-9693,23.51,302.8,Express,No,87.77
PKG-9694,15.83,262.3,Estandar,No,49.17
PKG-9695,18.18,259.7,Express,No,68.75
PKG-9696,23.0,118.3,Estandar,No,49.86
PKG-9697,24.86,576.6,Express,Si,115.75
PKG-9698,3.4,679.4,Mismo_Dia,No,97.52
PKG-9699,3.33,43.0,Express,No,30.39
PKG-9700,9.08,535.0,Estandar,No,62.52
PKG-9701,23.94,506.2,Mismo_Dia,No,110.38
PKG-9702,24.29,103.5,Estandar,No,51.39
PKG-9703,3.98,546.4,Mismo_Dia,No,91.5
PKG-9704,22.24,695.3,Estandar,Si,119.53
PKG-9705,21.79,790.8,Mismo_Dia,Si,147.83
PKG-9706,,81.7,Estandar,No,18.45
PKG-9707,22.82,364.7,Mismo_Dia,No,102.03
PKG-9708,17.24,506.9,Estandar,No,78.55
PKG-9709,23.21,200.7,Estandar,No,60.86
PKG-9710,1.16,187.3,Express,No,31.45
PKG-9711,1.63,471.3,Express,No,70.58
PKG-9712,26.81,772.1,Express,No,129.64
PKG-9713,26.74,431.4,Estandar,No,84.36
PKG-9714,29.5,749.8,Express,No,131.81
PKG-9715,28.46,358.8,Express,No,94.97
PKG-9716,28.3,,Express,No,130.12
PKG-9717,1.63,321.0,Mismo_Dia,No,66.4
PKG-9718,27.77,105.1,Estandar,No,61.67
PKG-9719,10.53,796.5,Express,No,101.22
PKG-9720,22.13,311.0,Estandar,No,68.93
PKG-9721,7.84,378.6,Express,No,60.29
PKG-9722,5.87,345.0,Estandar,No,41.0
PKG-9723,12.39,683.1,Estandar,Si,94.21
PKG-9724,14.61,262.3,Express,Si,69.05
PKG-9725,5.86,405.0,Estandar,No,41.13
PKG-9726,7.6,515.4,Express,No,66.87
PKG-9727,18.39,59.5,Estandar,No,48.04
PKG-9728,17.08,206.7,Express,No,59.82
PKG-9729,17.24,,Estandar,No,94.03
PKG-9730,21.11,703.4,Mismo_Dia,No,124.19
PKG-9731,14.0,404.5,Express,No,77.07
PKG-9732,24.65,677.1,Express,Si,122.96
PKG-9733,5.18,528.7,Mismo_Dia,No,78.89
PKG-9734,5.53,357.0,Express,No,55.88
PKG-9735,6.05,187.4,Estandar,No,32.39
PKG-9736,6.84,271.9,Express,Si,64.77
PKG-9737,,773.0,Express,No,97.1
PKG-9738,22.0,118.5,Express,Si,79.34
PKG-9739,0.91,584.9,Estandar,No,53.93
PKG-9740,27.85,656.3,Express,No,122.3
PKG-9741,9.18,445.0,Express,Si,80.08
PKG-9742,2.59,572.8,Mismo_Dia,Si,95.96
PKG-9743,18.88,532.6,Express,No,93.88
PKG-9744,22.4,61.9,Mismo_Dia,No,80.82
PKG-9745,2.93,601.6,Mismo_Dia,No,87.05
PKG-9746,5.45,,Express,No,43.68
PKG-9747,18.03,704.8,Estandar,Si,98.49
PKG-9748,14.5,679.6,Estandar,Si,96.11
PKG-9749,25.57,250.4,Estandar,No,70.97
PKG-9750,,513.6,Estandar,No,74.15
PKG-9751,0.76,212.9,Estandar,No,25.8
PKG-9752,19.47,771.4,Express,No,115.87
PKG-9753,5.83,,Express,No,67.53
PKG-9754,17.37,153.1,Estandar,No,52.66
PKG-9755,14.45,464.1,Estandar,No,69.76
PKG-9756,19.95,614.8,Estandar,No,94.72
PKG-9757,23.5,233.9,Express,No,79.79
PKG-9758,23.5,397.2,Estandar,No,77.61
PKG-9759,24.88,28.0,Express,No,67.99
PKG-9760,28.81,441.0,Estandar,No,92.6
PKG-9761,1.32,771.8,Estandar,No,65.84
PKG-9762,5.16,714.7,Mismo_Dia,No,98.7
PKG-9763,,222.2,Estandar,No,49.95
PKG-9764,7.55,301.6,Estandar,No,40.87
PKG-9765,4.43,,Estandar,No,25.96
PKG-9766,18.22,752.3,Express,Si,124.23
PKG-9767,29.33,49.3,Estandar,No,57.29
PKG-9768,25.29,45.7,Estandar,Si,63.94
PKG-9769,22.78,306.9,Express,No,82.25
PKG-9770,24.78,632.8,Estandar,Si,107.34
PKG-9771,25.89,517.2,Estandar,No,92.26
PKG-9772,8.64,153.1,Express,No,44.78
PKG-9773,2.14,425.3,Estandar,No,42.65
PKG-9774,9.28,733.0,Estandar,No,82.43
PKG-9775,25.3,259.4,Estandar,No,72.2
PKG-9776,13.53,640.1,Estandar,No,73.65
PKG-9777,17.64,114.0,Express,No,61.08
PKG-9778,3.69,731.5,Express,Si,98.7
PKG-9779,20.53,493.8,Mismo_Dia,No,111.67
PKG-9780,12.11,39.6,Estandar,No,24.82
PKG-9781,21.25,291.9,Estandar,No,61.61
PKG-9782,22.97,714.9,Estandar,No,100.81
PKG-9783,12.01,570.3,Estandar,Si,88.05
PKG-9784,23.77,597.1,Estandar,No,100.23
PKG-9785,27.75,89.9,Express,No,72.39
PKG-9786,29.61,168.9,Mismo_Dia,No,105.17
PKG-9787,27.86,45.0,Estandar,No,58.66
PKG-9788,5.27,126.0,Estandar,No,23.91
PKG-9789,27.04,344.7,Express,No,92.12
PKG-9790,6.59,457.2,Estandar,No,54.16
PKG-9791,11.68,157.7,Express,No,61.18
PKG-9792,19.03,440.3,Express,Si,97.14
PKG-9793,23.27,646.4,Estandar,No,91.39
PKG-9794,22.16,749.5,Estandar,No,105.48
PKG-9795,,627.3,Estandar,No,96.25
PKG-9796,12.68,463.6,Estandar,No,59.73
PKG-9797,5.43,54.5,Mismo_Dia,Si,57.59
PKG-9798,18.94,307.8,Mismo_Dia,No,90.44
PKG-9799,28.96,100.4,Estandar,No,64.56
PKG-9800,7.05,260.0,Estandar,No,37.85
PKG-9801,5.25,650.3,Express,No,85.01
PKG-9802,19.5,543.6,Estandar,No,78.14
PKG-9803,9.19,106.2,Mismo_Dia,Si,76.93
PKG-9804,28.05,81.8,Express,No,76.35
PKG-9805,27.27,,Express,No,72.59
PKG-9806,29.25,,Express,No,73.99
PKG-9807,14.05,637.7,Estandar,No,74.58
PKG-9808,2.82,,Estandar,No,57.68
PKG-9809,7.52,518.1,Mismo_Dia,No,85.94
PKG-9810,25.78,17.7,Estandar,No,50.74
PKG-9811,1.18,239.1,Express,No,39.2
PKG-9812,1.74,482.4,Express,No,61.88
PKG-9813,26.94,421.0,Estandar,No,84.14
PKG-9814,7.02,177.6,Mismo_Dia,Si,71.42
PKG-9815,8.4,675.5,Estandar,No,74.24
PKG-9816,7.26,106.0,Express,Si,54.74
PKG-9817,8.17,171.1,Express,No,35.82
PKG-9818,10.5,406.9,Express,No,70.4
PKG-9819,24.23,698.4,Estandar,No,105.95
PKG-9820,12.0,189.6,Estandar,No,44.82
PKG-9821,20.13,643.1,Mismo_Dia,No,125.22
PKG-9822,18.29,,Estandar,No,67.8
PKG-9823,11.6,119.0,Express,No,46.82
PKG-9824,29.78,374.6,Express,Si,116.51
PKG-9825,14.11,281.2,Express,No,61.9
PKG-9826,26.38,765.6,Estandar,Si,123.46
PKG-9827,16.51,,Estandar,No,78.93
PKG-9828,11.01,342.0,Estandar,No,52.95
PKG-9829,15.71,16.8,Express,No,45.74
PKG-9830,14.54,56.9,Estandar,No,39.49
PKG-9831,,551.7,Estandar,No,89.72
PKG-9832,4.67,179.1,Estandar,No,24.75
PKG-9833,26.44,257.8,Estandar,Si,90.72
PKG-9834,23.49,205.9,Express,No,80.41
PKG-9835,18.34,535.5,Estandar,No,72.52
PKG-9836,,70.4,Express,Si,84.48
PKG-9837,5.55,184.1,Express,No,36.38
PKG-9838,22.6,,Mismo_Dia,No,96.96
PKG-9839,22.46,576.6,Estandar,No,90.93
PKG-9840,26.3,413.5,Mismo_Dia,Si,127.29
PKG-9841,1.86,388.8,Express,Si,71.14
PKG-9842,,142.6,Express,Si,71.41
PKG-9843,,295.3,Express,No,62.19
PKG-9844,6.62,77.4,Estandar,No,28.69
PKG-9845,26.79,49.3,Estandar,No,57.71
PKG-9846,9.87,540.0,Express,No,77.46
PKG-9847,29.38,408.9,Estandar,Si,99.77
PKG-9848,13.76,283.3,Express,Si,76.3
PKG-9849,3.22,360.6,Estandar,No,32.29
PKG-9850,2.68,427.5,Estandar,No,43.23
PKG-9851,24.26,247.8,Estandar,No,71.36
PKG-9852,,588.5,Mismo_Dia,No,82.95
PKG-9853,9.19,390.0,Estandar,No,53.96
PKG-9854,3.53,611.9,Estandar,No,53.67
PKG-9855,28.48,,Estandar,No,98.52
PKG-9856,5.62,355.6,Estandar,No,52.78
PKG-9857,21.59,390.4,Estandar,No,71.93
PKG-9858,15.49,692.5,Estandar,Si,97.21
PKG-9859,16.67,497.0,Estandar,Si,86.73
PKG-9860,8.96,577.4,Mismo_Dia,No,100.98
PKG-9861,5.04,380.0,Express,No,50.88
PKG-9862,22.2,150.0,Express,No,70.63
PKG-9863,18.1,776.7,Mismo_Dia,No,124.78
PKG-9864,3.95,,Express,No,90.66
PKG-9865,29.22,656.6,Estandar,No,107.01
PKG-9866,28.09,424.3,Estandar,No,91.75
PKG-9867,10.65,265.7,Mismo_Dia,No,72.68
PKG-9868,7.77,442.1,Estandar,No,50.51
PKG-9869,3.09,350.0,Estandar,Si,44.89
PKG-9870,10.66,180.9,Estandar,No,35.84
PKG-9871,26.06,260.5,Mismo_Dia,No,98.49
PKG-9872,2.33,64.1,Estandar,Si,25.09
PKG-9873,11.85,190.6,Estandar,No,45.35
PKG-9874,23.99,763.3,Express,Si,134.43
PKG-9875,21.63,346.8,Estandar,No,75.11
PKG-9876,23.18,14.0,Estandar,Si,61.5
PKG-9877,21.51,705.6,Express,No,117.17
PKG-9878,,642.7,Estandar,No,96.19
PKG-9879,3.41,53.2,Estandar,No,17.31
PKG-9880,28.79,,Estandar,No,61.3
PKG-9881,20.3,752.1,Estandar,Si,112.25
PKG-9882,1.83,263.1,Express,No,39.35
PKG-9883,26.79,606.9,Estandar,No,96.64
PKG-9884,27.39,395.3,Estandar,Si,103.14
PKG-9885,12.8,684.4,Express,Si,110.84
PKG-9886,22.55,,Estandar,Si,99.66
PKG-9887,24.94,364.0,Mismo_Dia,No,104.91
PKG-9888,2.61,627.1,Mismo_Dia,Si,102.45
PKG-9889,25.15,611.4,Express,Si,125.13
PKG-9890,6.02,278.0,Express,No,52.81
PKG-9891,1.66,616.0,Estandar,No,63.08
PKG-9892,14.99,789.5,Estandar,No,92.12
PKG-9893,,559.5,Express,Si,87.01
PKG-9894,7.21,652.7,Express,No,81.37
PKG-9895,19.29,278.3,Estandar,No,66.79
PKG-9896,18.93,335.6,Express,No,78.67
PKG-9897,9.51,776.4,Estandar,No,86.01
PKG-9898,3.26,538.8,Express,No,69.4
PKG-9899,1.69,276.0,Express,No,37.75
PKG-9900,20.51,401.1,Estandar,No,70.26
PKG-9901,19.46,266.7,Express,No,74.3
PKG-9902,27.19,355.0,Express,Si,103.8
PKG-9903,8.36,350.6,Express,No,60.06
PKG-9904,29.73,56.0,Express,No,77.79
PKG-9905,19.31,145.8,Express,Si,76.79
PKG-9906,21.95,447.0,Express,Si,106.76
PKG-9907,11.9,340.3,Mismo_Dia,No,79.96
PKG-9908,28.02,82.4,Estandar,No,64.64
PKG-9909,2.37,494.6,Express,No,61.43
PKG-9910,13.01,683.9,Estandar,No,87.91
PKG-9911,22.16,687.1,Express,No,110.6
PKG-9912,1.45,749.4,Estandar,No,64.58
PKG-9913,3.1,265.0,Mismo_Dia,Si,75.24
PKG-9914,5.54,502.9,Mismo_Dia,No,85.45
PKG-9915,29.5,249.9,Estandar,No,81.54
PKG-9916,8.53,103.3,Mismo_Dia,No,54.26
PKG-9917,6.33,180.3,Estandar,No,29.88
PKG-9918,15.97,371.7,Express,No,78.43
PKG-9919,22.99,131.6,Estandar,No,58.04
PKG-9920,14.8,271.0,Express,No,62.38
PKG-9921,20.01,626.9,Express,No,109.04
PKG-9922,,291.3,Estandar,No,67.39
PKG-9923,,255.7,Express,Si,90.94
PKG-9924,21.46,81.1,Estandar,No,55.66
PKG-9925,16.56,61.8,Mismo_Dia,No,70.57
PKG-9926,11.57,,Estandar,No,27.62
PKG-9927,29.52,424.6,Mismo_Dia,No,117.6
PKG-9928,9.06,517.3,Mismo_Dia,No,95.86
PKG-9929,2.28,468.0,Express,No,63.47
PKG-9930,15.53,144.3,Estandar,No,44.52
PKG-9931,20.21,627.7,Estandar,No,89.98
PKG-9932,3.22,547.1,Express,No,66.31
PKG-9933,16.62,579.5,Estandar,Si,91.36
PKG-9934,1.92,646.6,Estandar,No,56.33
PKG-9935,28.46,495.7,Mismo_Dia,Si,136.96
PKG-9936,20.45,46.4,Mismo_Dia,Si,91.56
PKG-9937,3.58,452.0,Express,No,56.1
PKG-9938,14.2,457.6,Estandar,Si,74.52
PKG-9939,29.07,153.2,Estandar,No,66.95
PKG-9940,19.93,394.1,Estandar,No,75.19
PKG-9941,22.96,562.9,Estandar,No,89.9
PKG-9942,,772.0,Mismo_Dia,No,105.5
PKG-9943,22.6,255.1,Estandar,No,70.42
PKG-9944,1.2,244.1,Estandar,Si,41.47
PKG-9945,14.83,631.1,Express,No,90.96
PKG-9946,5.47,598.9,Estandar,No,62.73
PKG-9947,28.27,63.1,Mismo_Dia,No,92.2
PKG-9948,,449.2,Estandar,Si,70.76
PKG-9949,22.77,537.0,Estandar,No,96.88
PKG-9950,25.66,54.7,Estandar,No,53.12
PKG-9951,25.27,318.9,Estandar,Si,84.99
PKG-9952,9.04,719.6,Estandar,No,73.54
PKG-9953,23.89,728.9,Express,No,122.83
PKG-9954,21.34,552.0,Express,No,104.26
PKG-9955,12.75,457.9,Estandar,No,67.52
PKG-9956,12.12,50.3,Express,No,46.72
PKG-9957,5.78,,Estandar,No,61.66
PKG-9958,10.25,377.8,Estandar,No,51.81
PKG-9959,22.01,182.1,Estandar,Si,73.69
PKG-9960,21.17,654.6,Express,No,112.61
PKG-9961,2.49,69.7,Estandar,No,13.56
PKG-9962,,405.0,Estandar,No,66.88
PKG-9963,22.55,630.1,Estandar,Si,108.4
PKG-9964,2.86,493.6,Estandar,No,47.84
PKG-9965,3.86,688.3,Express,Si,98.01
PKG-9966,28.64,92.2,Estandar,No,62.85
PKG-9967,20.62,799.1,Express,No,120.81
PKG-9968,21.17,495.2,Estandar,No,85.11
PKG-9969,27.89,280.7,Express,Si,98.74
PKG-9970,0.61,475.2,Estandar,No,48.86
PKG-9971,13.25,456.7,Mismo_Dia,No,92.11
PKG-9972,6.39,311.5,Express,No,50.0
PKG-9973,28.6,772.3,Estandar,No,117.93
PKG-9974,10.41,652.2,Estandar,No,75.66
PKG-9975,4.8,526.1,Express,No,65.94
PKG-9976,8.3,346.1,Estandar,No,45.13
PKG-9977,19.74,17.9,Estandar,No,46.83
PKG-9978,28.63,220.6,Express,No,89.08
PKG-9979,20.71,146.2,Estandar,No,54.67
PKG-9980,29.64,218.3,Estandar,Si,79.58
PKG-9981,2.39,412.2,Estandar,No,43.63
PKG-9982,14.87,578.3,Estandar,No,79.5
PKG-9983,20.85,75.2,Estandar,Si,62.67
PKG-9984,,439.8,Estandar,No,74.69
PKG-9985,6.96,282.4,Mismo_Dia,No,68.02
PKG-9986,23.94,,Estandar,Si,85.71
PKG-9987,22.03,296.9,Estandar,No,69.02
PKG-9988,27.82,560.2,Estandar,No,100.52
PKG-9989,28.46,701.4,Express,Si,137.32
PKG-9990,0.71,691.3,Estandar,No,64.32
PKG-9991,18.81,588.8,Express,No,100.12
PKG-9992,2.46,735.4,Estandar,Si,80.35
PKG-9993,11.8,26.6,Express,No,44.65
PKG-9994,8.33,152.4,Estandar,No,30.96
PKG-9995,3.73,482.2,Express,No,66.89
PKG-9996,21.99,390.8,Estandar,No,77.66
PKG-9997,5.04,534.8,Estandar,No,55.07
PKG-9998,1.35,10.9,Mismo_Dia,Si,45.16
PKG-9999,,206.6,Estandar,No,32.54
PKG-10000,,634.0,Express,No,94.63
